2026-05-21  10:35:18.306 [39mDEBUG[0;39m [background-preinit][N/A] [36morg.jboss.logging[0;39m - Logging Provider: org.jboss.logging.Slf4jLoggerProvider found via system property
2026-05-21  10:35:18.308 [34mINFO [0;39m [background-preinit][N/A] [36morg.hibernate.validator.internal.util.Version[0;39m - HV000001: Hibernate Validator 8.0.1.Final
2026-05-21  10:35:18.313 [39mDEBUG[0;39m [background-preinit][N/A] [36morg.hibernate.validator.internal.xml.config.ValidationXmlParser[0;39m - Trying to load META-INF/validation.xml for XML based Validator configuration.
2026-05-21  10:35:18.314 [39mDEBUG[0;39m [background-preinit][N/A] [36morg.hibernate.validator.internal.xml.config.ResourceLoaderHelper[0;39m - Trying to load META-INF/validation.xml via TCCL
2026-05-21  10:35:18.314 [39mDEBUG[0;39m [background-preinit][N/A] [36morg.hibernate.validator.internal.xml.config.ResourceLoaderHelper[0;39m - Trying to load META-INF/validation.xml via Hibernate Validator's class loader
2026-05-21  10:35:18.314 [39mDEBUG[0;39m [background-preinit][N/A] [36morg.hibernate.validator.internal.xml.config.ValidationXmlParser[0;39m - No META-INF/validation.xml found. Using annotation based configuration only.
2026-05-21  10:35:18.318 [39mDEBUG[0;39m [background-preinit][N/A] [36morg.hibernate.validator.internal.engine.resolver.TraversableResolvers[0;39m - Cannot find jakarta.persistence.Persistence on classpath. Assuming non JPA 2 environment. All properties will per default be traversable.
2026-05-21  10:35:18.334 [39mDEBUG[0;39m [background-preinit][N/A] [36morg.hibernate.validator.messageinterpolation.ResourceBundleMessageInterpolator[0;39m - Loaded expression factory via original TCCL
2026-05-21  10:35:18.338 [34mINFO [0;39m [main][N/A] [36mcom.ai.system.AiTokenSystemApplication[0;39m - Starting AiTokenSystemApplication using Java 17.0.14 with PID 13832 (D:\java_projects\ai-token-system\target\classes started by Administrator in D:\java_projects\ai-token-system)
2026-05-21  10:35:18.338 [39mDEBUG[0;39m [main][N/A] [36mcom.ai.system.AiTokenSystemApplication[0;39m - Running with Spring Boot v3.3.4, Spring v6.1.13
2026-05-21  10:35:18.340 [34mINFO [0;39m [main][N/A] [36mcom.ai.system.AiTokenSystemApplication[0;39m - No active profile set, falling back to 1 default profile: "default"
2026-05-21  10:35:18.340 [39mDEBUG[0;39m [main][N/A] [36morg.springframework.boot.SpringApplication[0;39m - Loading source class com.ai.system.AiTokenSystemApplication
2026-05-21  10:35:18.366 [39mDEBUG[0;39m [main][N/A] [36mo.s.boot.web.servlet.context.AnnotationConfigServletWebServerApplicationContext[0;39m - Refreshing org.springframework.boot.web.servlet.context.AnnotationConfigServletWebServerApplicationContext@777c9dc9
2026-05-21  10:35:18.378 [39mDEBUG[0;39m [main][N/A] [36morg.springframework.beans.factory.support.DefaultListableBeanFactory[0;39m - Creating shared instance of singleton bean 'org.springframework.context.annotation.internalConfigurationAnnotationProcessor'
2026-05-21  10:35:18.382 [39mDEBUG[0;39m [background-preinit][N/A] [36morg.hibernate.validator.internal.engine.ValidatorFactoryConfigurationHelper[0;39m - HV000252: Using org.hibernate.validator.internal.engine.DefaultPropertyNodeNameProvider as property node name provider.
2026-05-21  10:35:18.385 [39mDEBUG[0;39m [main][N/A] [36morg.springframework.beans.factory.support.DefaultListableBeanFactory[0;39m - Creating shared instance of singleton bean 'org.springframework.boot.autoconfigure.internalCachingMetadataReaderFactory'
2026-05-21  10:35:18.386 [39mDEBUG[0;39m [background-preinit][N/A] [36morg.hibernate.validator.internal.engine.ValidatorFactoryConfigurationHelper[0;39m - HV000234: Using org.hibernate.validator.messageinterpolation.ResourceBundleMessageInterpolator as ValidatorFactory-scoped message interpolator.
2026-05-21  10:35:18.386 [39mDEBUG[0;39m [background-preinit][N/A] [36morg.hibernate.validator.internal.engine.ValidatorFactoryConfigurationHelper[0;39m - HV000234: Using org.hibernate.validator.internal.engine.resolver.TraverseAllTraversableResolver as ValidatorFactory-scoped traversable resolver.
2026-05-21  10:35:18.386 [39mDEBUG[0;39m [background-preinit][N/A] [36morg.hibernate.validator.internal.engine.ValidatorFactoryConfigurationHelper[0;39m - HV000234: Using org.hibernate.validator.internal.util.ExecutableParameterNameProvider as ValidatorFactory-scoped parameter name provider.
2026-05-21  10:35:18.386 [39mDEBUG[0;39m [background-preinit][N/A] [36morg.hibernate.validator.internal.engine.ValidatorFactoryConfigurationHelper[0;39m - HV000234: Using org.hibernate.validator.internal.engine.DefaultClockProvider as ValidatorFactory-scoped clock provider.
2026-05-21  10:35:18.386 [39mDEBUG[0;39m [background-preinit][N/A] [36morg.hibernate.validator.internal.engine.ValidatorFactoryConfigurationHelper[0;39m - HV000234: Using org.hibernate.validator.internal.engine.scripting.DefaultScriptEvaluatorFactory as ValidatorFactory-scoped script evaluator factory.
2026-05-21  10:35:18.424 [39mDEBUG[0;39m [main][N/A] [36morg.springframework.context.annotation.ClassPathBeanDefinitionScanner[0;39m - Identified candidate component class: file [D:\java_projects\ai-token-system\target\classes\com\ai\system\config\mybatis\MybatisConfig.class]
2026-05-21  10:35:18.438 [39mDEBUG[0;39m [main][N/A] [36morg.springframework.context.annotation.ClassPathBeanDefinitionScanner[0;39m - Identified candidate component class: file [D:\java_projects\ai-token-system\target\classes\com\ai\system\config\redis\RedisConfig.class]
2026-05-21  10:35:18.446 [39mDEBUG[0;39m [main][N/A] [36morg.springframework.context.annotation.ClassPathBeanDefinitionScanner[0;39m - Identified candidate component class: file [D:\java_projects\ai-token-system\target\classes\com\ai\system\config\security\AuthorizationServerConfig.class]
2026-05-21  10:35:18.454 [39mDEBUG[0;39m [main][N/A] [36morg.springframework.context.annotation.ClassPathBeanDefinitionScanner[0;39m - Identified candidate component class: file [D:\java_projects\ai-token-system\target\classes\com\ai\system\config\security\JwtBlacklistService.class]
2026-05-21  10:35:18.462 [39mDEBUG[0;39m [main][N/A] [36morg.springframework.context.annotation.ClassPathBeanDefinitionScanner[0;39m - Identified candidate component class: file [D:\java_projects\ai-token-system\target\classes\com\ai\system\config\security\JwtTokenCustomizer.class]
2026-05-21  10:35:18.471 [39mDEBUG[0;39m [main][N/A] [36morg.springframework.context.annotation.ClassPathBeanDefinitionScanner[0;39m - Identified candidate component class: file [D:\java_projects\ai-token-system\target\classes\com\ai\system\config\security\RedisOAuth2AuthorizationService.class]
2026-05-21  10:35:18.480 [39mDEBUG[0;39m [main][N/A] [36morg.springframework.context.annotation.ClassPathBeanDefinitionScanner[0;39m - Identified candidate component class: file [D:\java_projects\ai-token-system\target\classes\com\ai\system\config\security\SecurityConfig.class]
2026-05-21  10:35:18.488 [39mDEBUG[0;39m [main][N/A] [36morg.springframework.context.annotation.ClassPathBeanDefinitionScanner[0;39m - Identified candidate component class: file [D:\java_projects\ai-token-system\target\classes\com\ai\system\config\security\UserDetailsServiceImpl.class]
2026-05-21  10:35:18.500 [39mDEBUG[0;39m [main][N/A] [36morg.springframework.context.annotation.ClassPathBeanDefinitionScanner[0;39m - Identified candidate component class: file [D:\java_projects\ai-token-system\target\classes\com\ai\system\controller\admin\AdminTokenController.class]
2026-05-21  10:35:18.508 [39mDEBUG[0;39m [main][N/A] [36morg.springframework.context.annotation.ClassPathBeanDefinitionScanner[0;39m - Identified candidate component class: file [D:\java_projects\ai-token-system\target\classes\com\ai\system\controller\apikey\AdminApiKeyController.class]
2026-05-21  10:35:18.518 [39mDEBUG[0;39m [main][N/A] [36morg.springframework.context.annotation.ClassPathBeanDefinitionScanner[0;39m - Identified candidate component class: file [D:\java_projects\ai-token-system\target\classes\com\ai\system\controller\apikey\UserApiKeyController.class]
2026-05-21  10:35:18.556 [39mDEBUG[0;39m [main][N/A] [36morg.springframework.context.annotation.ClassPathBeanDefinitionScanner[0;39m - Identified candidate component class: file [D:\java_projects\ai-token-system\target\classes\com\ai\system\controller\auth\AuthController.class]
2026-05-21  10:35:18.600 [39mDEBUG[0;39m [main][N/A] [36morg.springframework.context.annotation.ClassPathBeanDefinitionScanner[0;39m - Identified candidate component class: file [D:\java_projects\ai-token-system\target\classes\com\ai\system\controller\dashboard\DashboardController.class]
2026-05-21  10:35:18.623 [39mDEBUG[0;39m [main][N/A] [36morg.springframework.context.annotation.ClassPathBeanDefinitionScanner[0;39m - Identified candidate component class: file [D:\java_projects\ai-token-system\target\classes\com\ai\system\controller\user\UserController.class]
2026-05-21  10:35:18.630 [39mDEBUG[0;39m [main][N/A] [36morg.springframework.context.annotation.ClassPathBeanDefinitionScanner[0;39m - Identified candidate component class: file [D:\java_projects\ai-token-system\target\classes\com\ai\system\controller\user\UserTokenController.class]
2026-05-21  10:35:18.719 [39mDEBUG[0;39m [main][N/A] [36morg.springframework.context.annotation.ClassPathBeanDefinitionScanner[0;39m - Identified candidate component class: file [D:\java_projects\ai-token-system\target\classes\com\ai\system\service\impl\ApiKeyServiceImpl.class]
2026-05-21  10:35:18.736 [39mDEBUG[0;39m [main][N/A] [36morg.springframework.context.annotation.ClassPathBeanDefinitionScanner[0;39m - Identified candidate component class: file [D:\java_projects\ai-token-system\target\classes\com\ai\system\service\impl\AuthServiceImpl.class]
2026-05-21  10:35:18.744 [39mDEBUG[0;39m [main][N/A] [36morg.springframework.context.annotation.ClassPathBeanDefinitionScanner[0;39m - Identified candidate component class: file [D:\java_projects\ai-token-system\target\classes\com\ai\system\service\impl\DashboardServiceImpl.class]
2026-05-21  10:35:18.753 [39mDEBUG[0;39m [main][N/A] [36morg.springframework.context.annotation.ClassPathBeanDefinitionScanner[0;39m - Identified candidate component class: file [D:\java_projects\ai-token-system\target\classes\com\ai\system\service\impl\ModelServiceImpl.class]
2026-05-21  10:35:18.769 [39mDEBUG[0;39m [main][N/A] [36morg.springframework.context.annotation.ClassPathBeanDefinitionScanner[0;39m - Identified candidate component class: file [D:\java_projects\ai-token-system\target\classes\com\ai\system\service\impl\TokenUsageServiceImpl.class]
2026-05-21  10:35:18.780 [39mDEBUG[0;39m [main][N/A] [36morg.springframework.context.annotation.ClassPathBeanDefinitionScanner[0;39m - Identified candidate component class: file [D:\java_projects\ai-token-system\target\classes\com\ai\system\service\impl\UserServiceImpl.class]
2026-05-21  10:35:18.795 [39mDEBUG[0;39m [main][N/A] [36morg.springframework.context.annotation.ClassPathBeanDefinitionScanner[0;39m - Ignored because not a concrete top-level class: file [D:\java_projects\ai-token-system\target\classes\com\ai\system\service\UserService.class]
2026-05-21  10:35:18.799 [39mDEBUG[0;39m [main][N/A] [36morg.springframework.context.annotation.ClassPathBeanDefinitionScanner[0;39m - Identified candidate component class: file [D:\java_projects\ai-token-system\target\classes\com\ai\system\util\MailUtil.class]
2026-05-21  10:35:18.818 [39mDEBUG[0;39m [main][N/A] [36morg.springframework.context.annotation.ClassPathBeanDefinitionScanner[0;39m - Identified candidate component class: file [D:\java_projects\ai-token-system\target\classes\com\ai\system\util\tyy\TyySignUtil.class]
2026-05-21  10:35:19.126 [39mDEBUG[0;39m [main][N/A] [36mo.springframework.context.annotation.ClassPathScanningCandidateComponentProvider[0;39m - Identified candidate component class: file [D:\java_projects\ai-token-system\target\classes\com\ai\system\config\properties\TyyProperties.class]
2026-05-21  10:35:19.334 [34mINFO [0;39m [main][N/A] [36morg.springframework.data.repository.config.RepositoryConfigurationDelegate[0;39m - Multiple Spring Data modules found, entering strict repository configuration mode
2026-05-21  10:35:19.336 [34mINFO [0;39m [main][N/A] [36morg.springframework.data.repository.config.RepositoryConfigurationDelegate[0;39m - Bootstrapping Spring Data Redis repositories in DEFAULT mode.
2026-05-21  10:35:19.344 [39mDEBUG[0;39m [main][N/A] [36morg.springframework.beans.factory.support.DefaultListableBeanFactory[0;39m - Creating shared instance of singleton bean 'org.springframework.boot.autoconfigure.AutoConfigurationPackages'
2026-05-21  10:35:19.349 [39mDEBUG[0;39m [main][N/A] [36morg.springframework.boot.autoconfigure.AutoConfigurationPackages[0;39m - @EnableAutoConfiguration was declared on a class in the package 'com.ai.system'. Automatic @Repository and @Entity scanning is enabled.
2026-05-21  10:35:19.349 [39mDEBUG[0;39m [main][N/A] [36morg.springframework.data.repository.config.RepositoryConfigurationDelegate[0;39m - Scanning for Redis repositories in packages com.ai.system.
2026-05-21  10:35:19.357 [34mINFO [0;39m [main][N/A] [36morg.springframework.data.repository.config.RepositoryConfigurationDelegate[0;39m - Finished Spring Data repository scanning in 7 ms. Found 0 Redis repository interfaces.
2026-05-21  10:35:19.406 [39mDEBUG[0;39m [main][N/A] [36morg.springframework.beans.factory.support.DefaultListableBeanFactory[0;39m - Creating shared instance of singleton bean 'com.ai.system.config.mybatis.MybatisConfig#MapperScannerRegistrar#0'
2026-05-21  10:35:19.408 [39mDEBUG[0;39m [main][N/A] [36morg.springframework.beans.factory.support.DefaultListableBeanFactory[0;39m - Creating shared instance of singleton bean 'springSecurityHandlerMappingIntrospectorBeanDefinitionRegistryPostProcessor'
2026-05-21  10:35:19.409 [39mDEBUG[0;39m [main][N/A] [36morg.springframework.beans.factory.support.DefaultListableBeanFactory[0;39m - Creating shared instance of singleton bean 'propertySourcesPlaceholderConfigurer'
2026-05-21  10:35:19.414 [39mDEBUG[0;39m [main][N/A] [36morg.apache.ibatis.logging.LogFactory[0;39m - Logging initialized using 'class org.apache.ibatis.logging.slf4j.Slf4jImpl' adapter.
2026-05-21  10:35:19.415 [39mDEBUG[0;39m [main][N/A] [36morg.mybatis.spring.mapper.ClassPathMapperScanner[0;39m - Identified candidate component class: file [D:\java_projects\ai-token-system\target\classes\com\ai\system\mapper\ApiKeyMapper.class]
2026-05-21  10:35:19.415 [39mDEBUG[0;39m [main][N/A] [36morg.mybatis.spring.mapper.ClassPathMapperScanner[0;39m - Identified candidate component class: file [D:\java_projects\ai-token-system\target\classes\com\ai\system\mapper\ModelMapper.class]
2026-05-21  10:35:19.416 [39mDEBUG[0;39m [main][N/A] [36morg.mybatis.spring.mapper.ClassPathMapperScanner[0;39m - Identified candidate component class: file [D:\java_projects\ai-token-system\target\classes\com\ai\system\mapper\UserMapper.class]
2026-05-21  10:35:19.416 [39mDEBUG[0;39m [main][N/A] [36morg.mybatis.spring.mapper.ClassPathMapperScanner[0;39m - Creating MapperFactoryBean with name 'apiKeyMapper' and 'com.ai.system.mapper.ApiKeyMapper' mapperInterface
2026-05-21  10:35:19.417 [39mDEBUG[0;39m [main][N/A] [36morg.mybatis.spring.mapper.ClassPathMapperScanner[0;39m - Enabling autowire by type for MapperFactoryBean with name 'apiKeyMapper'.
2026-05-21  10:35:19.417 [39mDEBUG[0;39m [main][N/A] [36morg.mybatis.spring.mapper.ClassPathMapperScanner[0;39m - Creating MapperFactoryBean with name 'modelMapper' and 'com.ai.system.mapper.ModelMapper' mapperInterface
2026-05-21  10:35:19.418 [39mDEBUG[0;39m [main][N/A] [36morg.mybatis.spring.mapper.ClassPathMapperScanner[0;39m - Enabling autowire by type for MapperFactoryBean with name 'modelMapper'.
2026-05-21  10:35:19.418 [39mDEBUG[0;39m [main][N/A] [36morg.mybatis.spring.mapper.ClassPathMapperScanner[0;39m - Creating MapperFactoryBean with name 'userMapper' and 'com.ai.system.mapper.UserMapper' mapperInterface
2026-05-21  10:35:19.418 [39mDEBUG[0;39m [main][N/A] [36morg.mybatis.spring.mapper.ClassPathMapperScanner[0;39m - Enabling autowire by type for MapperFactoryBean with name 'userMapper'.
2026-05-21  10:35:19.487 [39mDEBUG[0;39m [main][N/A] [36morg.springframework.beans.factory.support.DefaultListableBeanFactory[0;39m - Creating shared instance of singleton bean 'enableEncryptablePropertySourcesPostProcessor'
2026-05-21  10:35:19.489 [39mDEBUG[0;39m [main][N/A] [36morg.springframework.beans.factory.support.DefaultListableBeanFactory[0;39m - Creating shared instance of singleton bean 'encryptablePropertySourceConverter'
2026-05-21  10:35:19.490 [39mDEBUG[0;39m [main][N/A] [36morg.springframework.beans.factory.support.DefaultListableBeanFactory[0;39m - Creating shared instance of singleton bean 'lazyEncryptablePropertyResolver'
2026-05-21  10:35:19.490 [39mDEBUG[0;39m [main][N/A] [36morg.springframework.beans.factory.support.DefaultListableBeanFactory[0;39m - Creating shared instance of singleton bean 'com.ulisesbocchio.jasyptspringboot.configuration.EncryptablePropertyResolverConfiguration'
2026-05-21  10:35:19.492 [39mDEBUG[0;39m [main][N/A] [36morg.springframework.beans.factory.support.DefaultListableBeanFactory[0;39m - Creating shared instance of singleton bean 'lazyEncryptablePropertyDetector'
2026-05-21  10:35:19.492 [39mDEBUG[0;39m [main][N/A] [36morg.springframework.beans.factory.support.DefaultListableBeanFactory[0;39m - Creating shared instance of singleton bean 'envCopy'
2026-05-21  10:35:19.492 [39mDEBUG[0;39m [main][N/A] [36morg.springframework.beans.factory.support.DefaultListableBeanFactory[0;39m - Autowiring by type from bean name 'envCopy' via factory method to bean named 'environment'
2026-05-21  10:35:19.493 [39mDEBUG[0;39m [main][N/A] [36morg.springframework.beans.factory.support.DefaultListableBeanFactory[0;39m - Autowiring by type from bean name 'lazyEncryptablePropertyDetector' via factory method to bean named 'envCopy'
2026-05-21  10:35:19.493 [39mDEBUG[0;39m [main][N/A] [36morg.springframework.beans.factory.support.DefaultListableBeanFactory[0;39m - Autowiring by type from bean name 'lazyEncryptablePropertyDetector' via factory method to bean named 'org.springframework.beans.factory.support.DefaultListableBeanFactory@1dab9dd6'
2026-05-21  10:35:19.495 [39mDEBUG[0;39m [main][N/A] [36morg.springframework.beans.factory.support.DefaultListableBeanFactory[0;39m - Creating shared instance of singleton bean 'lazyJasyptStringEncryptor'
2026-05-21  10:35:19.495 [39mDEBUG[0;39m [main][N/A] [36morg.springframework.beans.factory.support.DefaultListableBeanFactory[0;39m - Autowiring by type from bean name 'lazyJasyptStringEncryptor' via factory method to bean named 'envCopy'
2026-05-21  10:35:19.495 [39mDEBUG[0;39m [main][N/A] [36morg.springframework.beans.factory.support.DefaultListableBeanFactory[0;39m - Autowiring by type from bean name 'lazyJasyptStringEncryptor' via factory method to bean named 'org.springframework.beans.factory.support.DefaultListableBeanFactory@1dab9dd6'
2026-05-21  10:35:19.496 [39mDEBUG[0;39m [main][N/A] [36morg.springframework.beans.factory.support.DefaultListableBeanFactory[0;39m - Autowiring by type from bean name 'lazyEncryptablePropertyResolver' via factory method to bean named 'lazyEncryptablePropertyDetector'
2026-05-21  10:35:19.496 [39mDEBUG[0;39m [main][N/A] [36morg.springframework.beans.factory.support.DefaultListableBeanFactory[0;39m - Autowiring by type from bean name 'lazyEncryptablePropertyResolver' via factory method to bean named 'lazyJasyptStringEncryptor'
2026-05-21  10:35:19.496 [39mDEBUG[0;39m [main][N/A] [36morg.springframework.beans.factory.support.DefaultListableBeanFactory[0;39m - Autowiring by type from bean name 'lazyEncryptablePropertyResolver' via factory method to bean named 'org.springframework.beans.factory.support.DefaultListableBeanFactory@1dab9dd6'
2026-05-21  10:35:19.496 [39mDEBUG[0;39m [main][N/A] [36morg.springframework.beans.factory.support.DefaultListableBeanFactory[0;39m - Autowiring by type from bean name 'lazyEncryptablePropertyResolver' via factory method to bean named 'envCopy'
2026-05-21  10:35:19.497 [39mDEBUG[0;39m [main][N/A] [36morg.springframework.beans.factory.support.DefaultListableBeanFactory[0;39m - Autowiring by type from bean name 'lazyEncryptablePropertyResolver' via factory method to bean named 'environment'
2026-05-21  10:35:19.498 [39mDEBUG[0;39m [main][N/A] [36morg.springframework.beans.factory.support.DefaultListableBeanFactory[0;39m - Creating shared instance of singleton bean 'lazyEncryptablePropertyFilter'
2026-05-21  10:35:19.498 [39mDEBUG[0;39m [main][N/A] [36morg.springframework.beans.factory.support.DefaultListableBeanFactory[0;39m - Autowiring by type from bean name 'lazyEncryptablePropertyFilter' via factory method to bean named 'envCopy'
2026-05-21  10:35:19.498 [39mDEBUG[0;39m [main][N/A] [36morg.springframework.beans.factory.support.DefaultListableBeanFactory[0;39m - Autowiring by type from bean name 'lazyEncryptablePropertyFilter' via factory method to bean named 'org.springframework.beans.factory.support.DefaultListableBeanFactory@1dab9dd6'
2026-05-21  10:35:19.499 [39mDEBUG[0;39m [main][N/A] [36morg.springframework.beans.factory.support.DefaultListableBeanFactory[0;39m - Autowiring by type from bean name 'encryptablePropertySourceConverter' via factory method to bean named 'environment'
2026-05-21  10:35:19.499 [39mDEBUG[0;39m [main][N/A] [36morg.springframework.beans.factory.support.DefaultListableBeanFactory[0;39m - Autowiring by type from bean name 'encryptablePropertySourceConverter' via factory method to bean named 'lazyEncryptablePropertyResolver'
2026-05-21  10:35:19.499 [39mDEBUG[0;39m [main][N/A] [36morg.springframework.beans.factory.support.DefaultListableBeanFactory[0;39m - Autowiring by type from bean name 'encryptablePropertySourceConverter' via factory method to bean named 'lazyEncryptablePropertyFilter'
2026-05-21  10:35:19.501 [39mDEBUG[0;39m [main][N/A] [36morg.springframework.beans.factory.support.DefaultListableBeanFactory[0;39m - Autowiring by type from bean name 'enableEncryptablePropertySourcesPostProcessor' via factory method to bean named 'environment'
2026-05-21  10:35:19.501 [39mDEBUG[0;39m [main][N/A] [36morg.springframework.beans.factory.support.DefaultListableBeanFactory[0;39m - Autowiring by type from bean name 'enableEncryptablePropertySourcesPostProcessor' via factory method to bean named 'encryptablePropertySourceConverter'
2026-05-21  10:35:19.501 [39mDEBUG[0;39m [main][N/A] [36morg.springframework.beans.factory.support.DefaultListableBeanFactory[0;39m - Creating shared instance of singleton bean 'org.springframework.boot.sql.init.dependency.DatabaseInitializationDependencyConfigurer$DependsOnDatabaseInitializationPostProcessor'
2026-05-21  10:35:19.523 [34mINFO [0;39m [main][N/A] [36mc.u.j.configuration.EnableEncryptablePropertiesBeanFactoryPostProcessor[0;39m - Post-processing PropertySource instances
2026-05-21  10:35:19.523 [34mINFO [0;39m [main][N/A] [36mcom.ulisesbocchio.jasyptspringboot.EncryptablePropertySourceConverter[0;39m - Skipping PropertySource configurationProperties [class org.springframework.boot.context.properties.source.ConfigurationPropertySourcesPropertySource
2026-05-21  10:35:19.523 [34mINFO [0;39m [main][N/A] [36mcom.ulisesbocchio.jasyptspringboot.EncryptablePropertySourceConverter[0;39m - Skipping PropertySource servletConfigInitParams [class org.springframework.core.env.PropertySource$StubPropertySource
2026-05-21  10:35:19.523 [34mINFO [0;39m [main][N/A] [36mcom.ulisesbocchio.jasyptspringboot.EncryptablePropertySourceConverter[0;39m - Skipping PropertySource servletContextInitParams [class org.springframework.core.env.PropertySource$StubPropertySource
2026-05-21  10:35:19.524 [34mINFO [0;39m [main][N/A] [36mcom.ulisesbocchio.jasyptspringboot.EncryptablePropertySourceConverter[0;39m - Converting PropertySource systemProperties [org.springframework.core.env.PropertiesPropertySource] to EncryptableMapPropertySourceWrapper
2026-05-21  10:35:19.524 [34mINFO [0;39m [main][N/A] [36mcom.ulisesbocchio.jasyptspringboot.EncryptablePropertySourceConverter[0;39m - Converting PropertySource systemEnvironment [org.springframework.boot.env.SystemEnvironmentPropertySourceEnvironmentPostProcessor$OriginAwareSystemEnvironmentPropertySource] to EncryptableSystemEnvironmentPropertySourceWrapper
2026-05-21  10:35:19.524 [34mINFO [0;39m [main][N/A] [36mcom.ulisesbocchio.jasyptspringboot.EncryptablePropertySourceConverter[0;39m - Converting PropertySource random [org.springframework.boot.env.RandomValuePropertySource] to EncryptablePropertySourceWrapper
2026-05-21  10:35:19.524 [34mINFO [0;39m [main][N/A] [36mcom.ulisesbocchio.jasyptspringboot.EncryptablePropertySourceConverter[0;39m - Converting PropertySource Config resource 'class path resource [application.yml]' via location 'optional:classpath:/' [org.springframework.boot.env.OriginTrackedMapPropertySource] to EncryptableMapPropertySourceWrapper
2026-05-21  10:35:19.524 [39mDEBUG[0;39m [main][N/A] [36morg.springframework.beans.factory.support.DefaultListableBeanFactory[0;39m - Creating shared instance of singleton bean 'org.springframework.context.event.internalEventListenerProcessor'
2026-05-21  10:35:19.525 [39mDEBUG[0;39m [main][N/A] [36morg.springframework.beans.factory.support.DefaultListableBeanFactory[0;39m - Creating shared instance of singleton bean 'preserveErrorControllerTargetClassPostProcessor'
2026-05-21  10:35:19.525 [39mDEBUG[0;39m [main][N/A] [36morg.springframework.beans.factory.support.DefaultListableBeanFactory[0;39m - Creating shared instance of singleton bean 'cn.hutool.extra.spring.SpringUtil'
2026-05-21  10:35:19.526 [39mDEBUG[0;39m [main][N/A] [36morg.springframework.beans.factory.support.DefaultListableBeanFactory[0;39m - Creating shared instance of singleton bean 'forceAutoProxyCreatorToUseClassProxying'
2026-05-21  10:35:19.526 [39mDEBUG[0;39m [main][N/A] [36morg.springframework.beans.factory.support.DefaultListableBeanFactory[0;39m - Creating shared instance of singleton bean 'conversionServicePostProcessor'
2026-05-21  10:35:19.530 [39mDEBUG[0;39m [main][N/A] [36morg.springframework.beans.factory.support.DefaultListableBeanFactory[0;39m - Creating shared instance of singleton bean 'org.springframework.context.event.internalEventListenerFactory'
2026-05-21  10:35:19.530 [39mDEBUG[0;39m [main][N/A] [36morg.springframework.beans.factory.support.DefaultListableBeanFactory[0;39m - Creating shared instance of singleton bean 'org.springframework.transaction.config.internalTransactionalEventListenerFactory'
2026-05-21  10:35:19.532 [39mDEBUG[0;39m [main][N/A] [36morg.springframework.beans.factory.support.DefaultListableBeanFactory[0;39m - Creating shared instance of singleton bean 'org.springframework.context.annotation.internalAutowiredAnnotationProcessor'
2026-05-21  10:35:19.532 [39mDEBUG[0;39m [main][N/A] [36morg.springframework.beans.factory.support.DefaultListableBeanFactory[0;39m - Creating shared instance of singleton bean 'org.springframework.context.annotation.internalCommonAnnotationProcessor'
2026-05-21  10:35:19.534 [39mDEBUG[0;39m [main][N/A] [36morg.springframework.beans.factory.support.DefaultListableBeanFactory[0;39m - Creating shared instance of singleton bean 'org.springframework.boot.context.properties.ConfigurationPropertiesBindingPostProcessor'
2026-05-21  10:35:19.535 [39mDEBUG[0;39m [main][N/A] [36morg.springframework.beans.factory.support.DefaultListableBeanFactory[0;39m - Creating shared instance of singleton bean 'org.springframework.boot.context.internalConfigurationPropertiesBinder'
2026-05-21  10:35:19.536 [39mDEBUG[0;39m [main][N/A] [36morg.springframework.beans.factory.support.DefaultListableBeanFactory[0;39m - Creating shared instance of singleton bean 'methodValidationPostProcessor'
2026-05-21  10:35:19.537 [39mDEBUG[0;39m [main][N/A] [36morg.springframework.beans.factory.support.DefaultListableBeanFactory[0;39m - Autowiring by type from bean name 'methodValidationPostProcessor' via factory method to bean named 'environment'
2026-05-21  10:35:19.538 [39mDEBUG[0;39m [main][N/A] [36morg.springframework.beans.factory.support.DefaultListableBeanFactory[0;39m - Creating shared instance of singleton bean 'org.springframework.boot.context.properties.EnableConfigurationPropertiesRegistrar.methodValidationExcludeFilter'
2026-05-21  10:35:19.548 [39mDEBUG[0;39m [main][N/A] [36morg.springframework.beans.factory.support.DefaultListableBeanFactory[0;39m - Creating shared instance of singleton bean 'persistenceExceptionTranslationPostProcessor'
2026-05-21  10:35:19.549 [39mDEBUG[0;39m [main][N/A] [36morg.springframework.beans.factory.support.DefaultListableBeanFactory[0;39m - Autowiring by type from bean name 'persistenceExceptionTranslationPostProcessor' via factory method to bean named 'environment'
2026-05-21  10:35:19.554 [39mDEBUG[0;39m [main][N/A] [36morg.springframework.beans.factory.support.DefaultListableBeanFactory[0;39m - Creating shared instance of singleton bean 'org.springframework.aop.config.internalAutoProxyCreator'
2026-05-21  10:35:19.558 [39mDEBUG[0;39m [main][N/A] [36morg.springframework.beans.factory.support.DefaultListableBeanFactory[0;39m - Creating shared instance of singleton bean 'webServerFactoryCustomizerBeanPostProcessor'
2026-05-21  10:35:19.558 [39mDEBUG[0;39m [main][N/A] [36morg.springframework.beans.factory.support.DefaultListableBeanFactory[0;39m - Creating shared instance of singleton bean 'errorPageRegistrarBeanPostProcessor'
2026-05-21  10:35:19.558 [39mDEBUG[0;39m [main][N/A] [36morg.springframework.beans.factory.support.DefaultListableBeanFactory[0;39m - Creating shared instance of singleton bean 'meterRegistryPostProcessor'
2026-05-21  10:35:19.559 [39mDEBUG[0;39m [main][N/A] [36morg.springframework.beans.factory.support.DefaultListableBeanFactory[0;39m - Autowiring by type from bean name 'meterRegistryPostProcessor' via factory method to bean named 'org.springframework.boot.web.servlet.context.AnnotationConfigServletWebServerApplicationContext@777c9dc9'
2026-05-21  10:35:19.559 [39mDEBUG[0;39m [main][N/A] [36morg.springframework.beans.factory.support.DefaultListableBeanFactory[0;39m - Creating shared instance of singleton bean 'org.springframework.transaction.config.internalTransactionAdvisor'
2026-05-21  10:35:19.559 [39mDEBUG[0;39m [main][N/A] [36morg.springframework.beans.factory.support.DefaultListableBeanFactory[0;39m - Creating shared instance of singleton bean 'org.springframework.transaction.annotation.ProxyTransactionManagementConfiguration'
2026-05-21  10:35:19.562 [39mDEBUG[0;39m [main][N/A] [36morg.springframework.beans.factory.support.DefaultListableBeanFactory[0;39m - Creating shared instance of singleton bean 'transactionAttributeSource'
2026-05-21  10:35:19.564 [39mDEBUG[0;39m [main][N/A] [36morg.springframework.beans.factory.support.DefaultListableBeanFactory[0;39m - Creating shared instance of singleton bean 'transactionInterceptor'
2026-05-21  10:35:19.564 [39mDEBUG[0;39m [main][N/A] [36morg.springframework.beans.factory.support.DefaultListableBeanFactory[0;39m - Autowiring by type from bean name 'transactionInterceptor' via factory method to bean named 'transactionAttributeSource'
2026-05-21  10:35:19.695 [39mDEBUG[0;39m [main][N/A] [36morg.springframework.beans.factory.support.DefaultListableBeanFactory[0;39m - Autowiring by type from bean name 'org.springframework.transaction.config.internalTransactionAdvisor' via factory method to bean named 'transactionAttributeSource'
2026-05-21  10:35:19.695 [39mDEBUG[0;39m [main][N/A] [36morg.springframework.beans.factory.support.DefaultListableBeanFactory[0;39m - Autowiring by type from bean name 'org.springframework.transaction.config.internalTransactionAdvisor' via factory method to bean named 'transactionInterceptor'
2026-05-21  10:35:19.698 [39mDEBUG[0;39m [main][N/A] [36morg.springframework.beans.factory.support.DefaultListableBeanFactory[0;39m - Creating shared instance of singleton bean 'healthEndpointGroupsBeanPostProcessor'
2026-05-21  10:35:19.699 [39mDEBUG[0;39m [main][N/A] [36morg.springframework.beans.factory.support.DefaultListableBeanFactory[0;39m - Creating shared instance of singleton bean 'metricsRepositoryMethodInvocationListenerBeanPostProcessor'
2026-05-21  10:35:19.700 [39mDEBUG[0;39m [main][N/A] [36morg.springframework.beans.factory.support.DefaultListableBeanFactory[0;39m - Creating shared instance of singleton bean 'observationRegistryPostProcessor'
2026-05-21  10:35:19.701 [39mDEBUG[0;39m [main][N/A] [36morg.springframework.beans.factory.support.DefaultListableBeanFactory[0;39m - Creating shared instance of singleton bean 'projectingArgumentResolverBeanPostProcessor'
2026-05-21  10:35:19.713 [39mDEBUG[0;39m [main][N/A] [36morg.springframework.ui.context.support.UiApplicationContextUtils[0;39m - Unable to locate ThemeSource with name 'themeSource': using default [org.springframework.ui.context.support.ResourceBundleThemeSource@31006a75]
2026-05-21  10:35:19.714 [39mDEBUG[0;39m [main][N/A] [36morg.springframework.beans.factory.support.DefaultListableBeanFactory[0;39m - Creating shared instance of singleton bean 'tomcatServletWebServerFactory'
2026-05-21  10:35:19.714 [39mDEBUG[0;39m [main][N/A] [36morg.springframework.beans.factory.support.DefaultListableBeanFactory[0;39m - Creating shared instance of singleton bean 'org.springframework.boot.autoconfigure.web.servlet.ServletWebServerFactoryConfiguration$EmbeddedTomcat'
2026-05-21  10:35:19.731 [39mDEBUG[0;39m [main][N/A] [36morg.springframework.beans.factory.support.DefaultListableBeanFactory[0;39m - Creating shared instance of singleton bean 'websocketServletWebServerCustomizer'
2026-05-21  10:35:19.731 [39mDEBUG[0;39m [main][N/A] [36morg.springframework.beans.factory.support.DefaultListableBeanFactory[0;39m - Creating shared instance of singleton bean 'org.springframework.boot.autoconfigure.websocket.servlet.WebSocketServletAutoConfiguration$TomcatWebSocketConfiguration'
2026-05-21  10:35:19.732 [39mDEBUG[0;39m [main][N/A] [36morg.springframework.beans.factory.support.DefaultListableBeanFactory[0;39m - Creating shared instance of singleton bean 'servletWebServerFactoryCustomizer'
2026-05-21  10:35:19.732 [39mDEBUG[0;39m [main][N/A] [36morg.springframework.beans.factory.support.DefaultListableBeanFactory[0;39m - Creating shared instance of singleton bean 'org.springframework.boot.autoconfigure.web.servlet.ServletWebServerFactoryAutoConfiguration'
2026-05-21  10:35:19.732 [39mDEBUG[0;39m [main][N/A] [36morg.springframework.beans.factory.support.DefaultListableBeanFactory[0;39m - Creating shared instance of singleton bean 'server-org.springframework.boot.autoconfigure.web.ServerProperties'
2026-05-21  10:35:19.736 [39mDEBUG[0;39m [main][N/A] [36morg.springframework.beans.factory.support.DefaultListableBeanFactory[0;39m - Creating shared instance of singleton bean 'org.springframework.boot.context.properties.BoundConfigurationProperties'
2026-05-21  10:35:19.742 [39mDEBUG[0;39m [main][N/A] [36morg.springframework.beans.factory.support.DefaultListableBeanFactory[0;39m - Autowiring by type from bean name 'servletWebServerFactoryCustomizer' via factory method to bean named 'server-org.springframework.boot.autoconfigure.web.ServerProperties'
2026-05-21  10:35:19.743 [39mDEBUG[0;39m [main][N/A] [36morg.springframework.beans.factory.support.DefaultListableBeanFactory[0;39m - Creating shared instance of singleton bean 'sslBundleRegistry'
2026-05-21  10:35:19.743 [39mDEBUG[0;39m [main][N/A] [36morg.springframework.beans.factory.support.DefaultListableBeanFactory[0;39m - Creating shared instance of singleton bean 'org.springframework.boot.autoconfigure.ssl.SslAutoConfiguration'
2026-05-21  10:35:19.743 [39mDEBUG[0;39m [main][N/A] [36morg.springframework.beans.factory.support.DefaultListableBeanFactory[0;39m - Creating shared instance of singleton bean 'spring.ssl-org.springframework.boot.autoconfigure.ssl.SslProperties'
2026-05-21  10:35:19.744 [39mDEBUG[0;39m [main][N/A] [36morg.springframework.beans.factory.support.DefaultListableBeanFactory[0;39m - Autowiring by type from bean name 'org.springframework.boot.autoconfigure.ssl.SslAutoConfiguration' via constructor to bean named 'spring.ssl-org.springframework.boot.autoconfigure.ssl.SslProperties'
2026-05-21  10:35:19.746 [39mDEBUG[0;39m [main][N/A] [36morg.springframework.beans.factory.support.DefaultListableBeanFactory[0;39m - Creating shared instance of singleton bean 'sslPropertiesSslBundleRegistrar'
2026-05-21  10:35:19.746 [39mDEBUG[0;39m [main][N/A] [36morg.springframework.beans.factory.support.DefaultListableBeanFactory[0;39m - Creating shared instance of singleton bean 'fileWatcher'
2026-05-21  10:35:19.747 [39mDEBUG[0;39m [main][N/A] [36morg.springframework.beans.factory.support.DefaultListableBeanFactory[0;39m - Autowiring by type from bean name 'sslPropertiesSslBundleRegistrar' via factory method to bean named 'fileWatcher'
2026-05-21  10:35:19.750 [39mDEBUG[0;39m [main][N/A] [36morg.springframework.beans.factory.support.DefaultListableBeanFactory[0;39m - Creating shared instance of singleton bean 'tomcatServletWebServerFactoryCustomizer'
2026-05-21  10:35:19.750 [39mDEBUG[0;39m [main][N/A] [36morg.springframework.beans.factory.support.DefaultListableBeanFactory[0;39m - Autowiring by type from bean name 'tomcatServletWebServerFactoryCustomizer' via factory method to bean named 'server-org.springframework.boot.autoconfigure.web.ServerProperties'
2026-05-21  10:35:19.750 [39mDEBUG[0;39m [main][N/A] [36morg.springframework.beans.factory.support.DefaultListableBeanFactory[0;39m - Creating shared instance of singleton bean 'tomcatWebServerFactoryCustomizer'
2026-05-21  10:35:19.750 [39mDEBUG[0;39m [main][N/A] [36morg.springframework.beans.factory.support.DefaultListableBeanFactory[0;39m - Creating shared instance of singleton bean 'org.springframework.boot.autoconfigure.web.embedded.EmbeddedWebServerFactoryCustomizerAutoConfiguration$TomcatWebServerFactoryCustomizerConfiguration'
2026-05-21  10:35:19.751 [39mDEBUG[0;39m [main][N/A] [36morg.springframework.beans.factory.support.DefaultListableBeanFactory[0;39m - Autowiring by type from bean name 'tomcatWebServerFactoryCustomizer' via factory method to bean named 'environment'
2026-05-21  10:35:19.751 [39mDEBUG[0;39m [main][N/A] [36morg.springframework.beans.factory.support.DefaultListableBeanFactory[0;39m - Autowiring by type from bean name 'tomcatWebServerFactoryCustomizer' via factory method to bean named 'server-org.springframework.boot.autoconfigure.web.ServerProperties'
2026-05-21  10:35:19.752 [39mDEBUG[0;39m [main][N/A] [36morg.springframework.beans.factory.support.DefaultListableBeanFactory[0;39m - Creating shared instance of singleton bean 'localeCharsetMappingsCustomizer'
2026-05-21  10:35:19.752 [39mDEBUG[0;39m [main][N/A] [36morg.springframework.beans.factory.support.DefaultListableBeanFactory[0;39m - Creating shared instance of singleton bean 'org.springframework.boot.autoconfigure.web.servlet.HttpEncodingAutoConfiguration'
2026-05-21  10:35:19.752 [39mDEBUG[0;39m [main][N/A] [36morg.springframework.beans.factory.support.DefaultListableBeanFactory[0;39m - Autowiring by type from bean name 'org.springframework.boot.autoconfigure.web.servlet.HttpEncodingAutoConfiguration' via constructor to bean named 'server-org.springframework.boot.autoconfigure.web.ServerProperties'
2026-05-21  10:35:19.766 [39mDEBUG[0;39m [main][N/A] [36morg.springframework.beans.factory.support.DefaultListableBeanFactory[0;39m - Creating shared instance of singleton bean 'errorPageCustomizer'
2026-05-21  10:35:19.766 [39mDEBUG[0;39m [main][N/A] [36morg.springframework.beans.factory.support.DefaultListableBeanFactory[0;39m - Creating shared instance of singleton bean 'org.springframework.boot.autoconfigure.web.servlet.error.ErrorMvcAutoConfiguration'
2026-05-21  10:35:19.766 [39mDEBUG[0;39m [main][N/A] [36morg.springframework.beans.factory.support.DefaultListableBeanFactory[0;39m - Autowiring by type from bean name 'org.springframework.boot.autoconfigure.web.servlet.error.ErrorMvcAutoConfiguration' via constructor to bean named 'server-org.springframework.boot.autoconfigure.web.ServerProperties'
2026-05-21  10:35:19.766 [39mDEBUG[0;39m [main][N/A] [36morg.springframework.beans.factory.support.DefaultListableBeanFactory[0;39m - Creating shared instance of singleton bean 'dispatcherServletRegistration'
2026-05-21  10:35:19.767 [39mDEBUG[0;39m [main][N/A] [36morg.springframework.beans.factory.support.DefaultListableBeanFactory[0;39m - Creating shared instance of singleton bean 'org.springframework.boot.autoconfigure.web.servlet.DispatcherServletAutoConfiguration$DispatcherServletRegistrationConfiguration'
2026-05-21  10:35:19.767 [39mDEBUG[0;39m [main][N/A] [36morg.springframework.beans.factory.support.DefaultListableBeanFactory[0;39m - Creating shared instance of singleton bean 'dispatcherServlet'
2026-05-21  10:35:19.767 [39mDEBUG[0;39m [main][N/A] [36morg.springframework.beans.factory.support.DefaultListableBeanFactory[0;39m - Creating shared instance of singleton bean 'org.springframework.boot.autoconfigure.web.servlet.DispatcherServletAutoConfiguration$DispatcherServletConfiguration'
2026-05-21  10:35:19.768 [39mDEBUG[0;39m [main][N/A] [36morg.springframework.beans.factory.support.DefaultListableBeanFactory[0;39m - Creating shared instance of singleton bean 'spring.mvc-org.springframework.boot.autoconfigure.web.servlet.WebMvcProperties'
2026-05-21  10:35:19.769 [39mDEBUG[0;39m [main][N/A] [36morg.springframework.beans.factory.support.DefaultListableBeanFactory[0;39m - Autowiring by type from bean name 'dispatcherServlet' via factory method to bean named 'spring.mvc-org.springframework.boot.autoconfigure.web.servlet.WebMvcProperties'
2026-05-21  10:35:19.776 [39mDEBUG[0;39m [main][N/A] [36morg.springframework.beans.factory.support.DefaultListableBeanFactory[0;39m - Autowiring by type from bean name 'dispatcherServletRegistration' via factory method to bean named 'dispatcherServlet'
2026-05-21  10:35:19.776 [39mDEBUG[0;39m [main][N/A] [36morg.springframework.beans.factory.support.DefaultListableBeanFactory[0;39m - Autowiring by type from bean name 'dispatcherServletRegistration' via factory method to bean named 'spring.mvc-org.springframework.boot.autoconfigure.web.servlet.WebMvcProperties'
2026-05-21  10:35:19.777 [39mDEBUG[0;39m [main][N/A] [36morg.springframework.beans.factory.support.DefaultListableBeanFactory[0;39m - Creating shared instance of singleton bean 'multipartConfigElement'
2026-05-21  10:35:19.777 [39mDEBUG[0;39m [main][N/A] [36morg.springframework.beans.factory.support.DefaultListableBeanFactory[0;39m - Creating shared instance of singleton bean 'org.springframework.boot.autoconfigure.web.servlet.MultipartAutoConfiguration'
2026-05-21  10:35:19.778 [39mDEBUG[0;39m [main][N/A] [36morg.springframework.beans.factory.support.DefaultListableBeanFactory[0;39m - Creating shared instance of singleton bean 'spring.servlet.multipart-org.springframework.boot.autoconfigure.web.servlet.MultipartProperties'
2026-05-21  10:35:19.779 [39mDEBUG[0;39m [main][N/A] [36morg.springframework.beans.factory.support.DefaultListableBeanFactory[0;39m - Autowiring by type from bean name 'org.springframework.boot.autoconfigure.web.servlet.MultipartAutoConfiguration' via constructor to bean named 'spring.servlet.multipart-org.springframework.boot.autoconfigure.web.servlet.MultipartProperties'
2026-05-21  10:35:19.781 [39mDEBUG[0;39m [main][N/A] [36morg.springframework.beans.factory.support.DefaultListableBeanFactory[0;39m - Autowiring by type from bean name 'errorPageCustomizer' via factory method to bean named 'dispatcherServletRegistration'
2026-05-21  10:35:19.828 [39mDEBUG[0;39m [main][N/A] [36morg.springframework.boot.web.embedded.tomcat.TomcatServletWebServerFactory[0;39m - Code archive: F:\Java\maven_repository\org\springframework\boot\spring-boot\3.3.4\spring-boot-3.3.4.jar
2026-05-21  10:35:19.828 [39mDEBUG[0;39m [main][N/A] [36morg.springframework.boot.web.embedded.tomcat.TomcatServletWebServerFactory[0;39m - Code archive: F:\Java\maven_repository\org\springframework\boot\spring-boot\3.3.4\spring-boot-3.3.4.jar
2026-05-21  10:35:19.828 [39mDEBUG[0;39m [main][N/A] [36morg.springframework.boot.web.embedded.tomcat.TomcatServletWebServerFactory[0;39m - None of the document roots [src/main/webapp, public, static] point to a directory and will be ignored.
2026-05-21  10:35:19.842 [34mINFO [0;39m [main][N/A] [36morg.springframework.boot.web.embedded.tomcat.TomcatWebServer[0;39m - Tomcat initialized with port 8080 (http)
2026-05-21  10:35:19.849 [34mINFO [0;39m [main][N/A] [36morg.apache.coyote.http11.Http11NioProtocol[0;39m - Initializing ProtocolHandler ["http-nio-8080"]
2026-05-21  10:35:19.851 [34mINFO [0;39m [main][N/A] [36morg.apache.catalina.core.StandardService[0;39m - Starting service [Tomcat]
2026-05-21  10:35:19.851 [34mINFO [0;39m [main][N/A] [36morg.apache.catalina.core.StandardEngine[0;39m - Starting Servlet engine: [Apache Tomcat/10.1.30]
2026-05-21  10:35:19.891 [34mINFO [0;39m [main][N/A] [36morg.apache.catalina.core.ContainerBase.[Tomcat].[localhost].[/][0;39m - Initializing Spring embedded WebApplicationContext
2026-05-21  10:35:19.891 [39mDEBUG[0;39m [main][N/A] [36morg.springframework.boot.web.servlet.context.ServletWebServerApplicationContext[0;39m - Published root WebApplicationContext as ServletContext attribute with name [org.springframework.web.context.WebApplicationContext.ROOT]
2026-05-21  10:35:19.891 [34mINFO [0;39m [main][N/A] [36morg.springframework.boot.web.servlet.context.ServletWebServerApplicationContext[0;39m - Root WebApplicationContext: initialization completed in 1525 ms
2026-05-21  10:35:19.892 [39mDEBUG[0;39m [main][N/A] [36morg.springframework.beans.factory.support.DefaultListableBeanFactory[0;39m - Creating shared instance of singleton bean 'webMvcObservationFilter'
2026-05-21  10:35:19.892 [39mDEBUG[0;39m [main][N/A] [36morg.springframework.beans.factory.support.DefaultListableBeanFactory[0;39m - Creating shared instance of singleton bean 'org.springframework.boot.actuate.autoconfigure.observation.web.servlet.WebMvcObservationAutoConfiguration'
2026-05-21  10:35:19.893 [39mDEBUG[0;39m [main][N/A] [36morg.springframework.beans.factory.support.DefaultListableBeanFactory[0;39m - Creating shared instance of singleton bean 'observationRegistry'
2026-05-21  10:35:19.893 [39mDEBUG[0;39m [main][N/A] [36morg.springframework.beans.factory.support.DefaultListableBeanFactory[0;39m - Creating shared instance of singleton bean 'org.springframework.boot.actuate.autoconfigure.observation.ObservationAutoConfiguration'
2026-05-21  10:35:19.894 [39mDEBUG[0;39m [main][N/A] [36morg.springframework.beans.factory.support.DefaultListableBeanFactory[0;39m - Creating shared instance of singleton bean 'propertiesObservationFilter'
2026-05-21  10:35:19.895 [39mDEBUG[0;39m [main][N/A] [36morg.springframework.beans.factory.support.DefaultListableBeanFactory[0;39m - Creating shared instance of singleton bean 'management.observations-org.springframework.boot.actuate.autoconfigure.observation.ObservationProperties'
2026-05-21  10:35:19.896 [39mDEBUG[0;39m [main][N/A] [36morg.springframework.beans.factory.support.DefaultListableBeanFactory[0;39m - Autowiring by type from bean name 'propertiesObservationFilter' via factory method to bean named 'management.observations-org.springframework.boot.actuate.autoconfigure.observation.ObservationProperties'
2026-05-21  10:35:19.898 [39mDEBUG[0;39m [main][N/A] [36morg.springframework.beans.factory.support.DefaultListableBeanFactory[0;39m - Creating shared instance of singleton bean 'metricsObservationHandlerGrouping'
2026-05-21  10:35:19.898 [39mDEBUG[0;39m [main][N/A] [36morg.springframework.beans.factory.support.DefaultListableBeanFactory[0;39m - Creating shared instance of singleton bean 'org.springframework.boot.actuate.autoconfigure.observation.ObservationAutoConfiguration$OnlyMetricsConfiguration'
2026-05-21  10:35:19.899 [39mDEBUG[0;39m [main][N/A] [36morg.springframework.beans.factory.support.DefaultListableBeanFactory[0;39m - Creating shared instance of singleton bean 'defaultMeterObservationHandler'
2026-05-21  10:35:19.899 [39mDEBUG[0;39m [main][N/A] [36morg.springframework.beans.factory.support.DefaultListableBeanFactory[0;39m - Creating shared instance of singleton bean 'org.springframework.boot.actuate.autoconfigure.observation.ObservationAutoConfiguration$MeterObservationHandlerConfiguration$OnlyMetricsMeterObservationHandlerConfiguration'
2026-05-21  10:35:19.900 [39mDEBUG[0;39m [main][N/A] [36morg.springframework.beans.factory.support.DefaultListableBeanFactory[0;39m - Creating shared instance of singleton bean 'simpleMeterRegistry'
2026-05-21  10:35:19.900 [39mDEBUG[0;39m [main][N/A] [36morg.springframework.beans.factory.support.DefaultListableBeanFactory[0;39m - Creating shared instance of singleton bean 'org.springframework.boot.actuate.autoconfigure.metrics.export.simple.SimpleMetricsExportAutoConfiguration'
2026-05-21  10:35:19.900 [39mDEBUG[0;39m [main][N/A] [36morg.springframework.beans.factory.support.DefaultListableBeanFactory[0;39m - Creating shared instance of singleton bean 'simpleConfig'
2026-05-21  10:35:19.900 [39mDEBUG[0;39m [main][N/A] [36morg.springframework.beans.factory.support.DefaultListableBeanFactory[0;39m - Creating shared instance of singleton bean 'management.simple.metrics.export-org.springframework.boot.actuate.autoconfigure.metrics.export.simple.SimpleProperties'
2026-05-21  10:35:19.901 [39mDEBUG[0;39m [main][N/A] [36morg.springframework.beans.factory.support.DefaultListableBeanFactory[0;39m - Autowiring by type from bean name 'simpleConfig' via factory method to bean named 'management.simple.metrics.export-org.springframework.boot.actuate.autoconfigure.metrics.export.simple.SimpleProperties'
2026-05-21  10:35:19.902 [39mDEBUG[0;39m [main][N/A] [36morg.springframework.beans.factory.support.DefaultListableBeanFactory[0;39m - Creating shared instance of singleton bean 'micrometerClock'
2026-05-21  10:35:19.902 [39mDEBUG[0;39m [main][N/A] [36morg.springframework.beans.factory.support.DefaultListableBeanFactory[0;39m - Creating shared instance of singleton bean 'org.springframework.boot.actuate.autoconfigure.metrics.MetricsAutoConfiguration'
2026-05-21  10:35:19.903 [39mDEBUG[0;39m [main][N/A] [36morg.springframework.beans.factory.support.DefaultListableBeanFactory[0;39m - Autowiring by type from bean name 'simpleMeterRegistry' via factory method to bean named 'simpleConfig'
2026-05-21  10:35:19.903 [39mDEBUG[0;39m [main][N/A] [36morg.springframework.beans.factory.support.DefaultListableBeanFactory[0;39m - Autowiring by type from bean name 'simpleMeterRegistry' via factory method to bean named 'micrometerClock'
2026-05-21  10:35:19.912 [39mDEBUG[0;39m [main][N/A] [36morg.springframework.beans.factory.support.DefaultListableBeanFactory[0;39m - Creating shared instance of singleton bean 'propertiesMeterFilter'
2026-05-21  10:35:19.912 [39mDEBUG[0;39m [main][N/A] [36morg.springframework.beans.factory.support.DefaultListableBeanFactory[0;39m - Creating shared instance of singleton bean 'management.metrics-org.springframework.boot.actuate.autoconfigure.metrics.MetricsProperties'
2026-05-21  10:35:19.913 [39mDEBUG[0;39m [main][N/A] [36morg.springframework.beans.factory.support.DefaultListableBeanFactory[0;39m - Autowiring by type from bean name 'propertiesMeterFilter' via factory method to bean named 'management.metrics-org.springframework.boot.actuate.autoconfigure.metrics.MetricsProperties'
2026-05-21  10:35:19.914 [39mDEBUG[0;39m [main][N/A] [36morg.springframework.beans.factory.support.DefaultListableBeanFactory[0;39m - Creating shared instance of singleton bean 'metricsHttpClientUriTagFilter'
2026-05-21  10:35:19.914 [39mDEBUG[0;39m [main][N/A] [36morg.springframework.beans.factory.support.DefaultListableBeanFactory[0;39m - Creating shared instance of singleton bean 'org.springframework.boot.actuate.autoconfigure.observation.web.client.HttpClientObservationsAutoConfiguration$MeterFilterConfiguration'
2026-05-21  10:35:19.915 [39mDEBUG[0;39m [main][N/A] [36morg.springframework.beans.factory.support.DefaultListableBeanFactory[0;39m - Autowiring by type from bean name 'metricsHttpClientUriTagFilter' via factory method to bean named 'management.observations-org.springframework.boot.actuate.autoconfigure.observation.ObservationProperties'
2026-05-21  10:35:19.915 [39mDEBUG[0;39m [main][N/A] [36morg.springframework.beans.factory.support.DefaultListableBeanFactory[0;39m - Autowiring by type from bean name 'metricsHttpClientUriTagFilter' via factory method to bean named 'management.metrics-org.springframework.boot.actuate.autoconfigure.metrics.MetricsProperties'
2026-05-21  10:35:19.915 [39mDEBUG[0;39m [main][N/A] [36morg.springframework.beans.factory.support.DefaultListableBeanFactory[0;39m - Creating shared instance of singleton bean 'metricsHttpServerUriTagFilter'
2026-05-21  10:35:19.915 [39mDEBUG[0;39m [main][N/A] [36morg.springframework.beans.factory.support.DefaultListableBeanFactory[0;39m - Creating shared instance of singleton bean 'org.springframework.boot.actuate.autoconfigure.observation.web.servlet.WebMvcObservationAutoConfiguration$MeterFilterConfiguration'
2026-05-21  10:35:19.916 [39mDEBUG[0;39m [main][N/A] [36morg.springframework.beans.factory.support.DefaultListableBeanFactory[0;39m - Autowiring by type from bean name 'metricsHttpServerUriTagFilter' via factory method to bean named 'management.observations-org.springframework.boot.actuate.autoconfigure.observation.ObservationProperties'
2026-05-21  10:35:19.916 [39mDEBUG[0;39m [main][N/A] [36morg.springframework.beans.factory.support.DefaultListableBeanFactory[0;39m - Autowiring by type from bean name 'metricsHttpServerUriTagFilter' via factory method to bean named 'management.metrics-org.springframework.boot.actuate.autoconfigure.metrics.MetricsProperties'
2026-05-21  10:35:19.918 [39mDEBUG[0;39m [main][N/A] [36morg.springframework.beans.factory.support.DefaultListableBeanFactory[0;39m - Autowiring by type from bean name 'defaultMeterObservationHandler' via factory method to bean named 'simpleMeterRegistry'
2026-05-21  10:35:19.918 [39mDEBUG[0;39m [main][N/A] [36morg.springframework.beans.factory.support.DefaultListableBeanFactory[0;39m - Autowiring by type from bean name 'defaultMeterObservationHandler' via factory method to bean named 'management.observations-org.springframework.boot.actuate.autoconfigure.observation.ObservationProperties'
2026-05-21  10:35:19.919 [39mDEBUG[0;39m [main][N/A] [36morg.springframework.beans.factory.support.DefaultListableBeanFactory[0;39m - Autowiring by type from bean name 'webMvcObservationFilter' via factory method to bean named 'observationRegistry'
2026-05-21  10:35:19.919 [39mDEBUG[0;39m [main][N/A] [36morg.springframework.beans.factory.support.DefaultListableBeanFactory[0;39m - Autowiring by type from bean name 'webMvcObservationFilter' via factory method to bean named 'management.observations-org.springframework.boot.actuate.autoconfigure.observation.ObservationProperties'
2026-05-21  10:35:19.922 [39mDEBUG[0;39m [main][N/A] [36morg.springframework.beans.factory.support.DefaultListableBeanFactory[0;39m - Creating shared instance of singleton bean 'securityFilterChainRegistration'
2026-05-21  10:35:19.923 [39mDEBUG[0;39m [main][N/A] [36morg.springframework.beans.factory.support.DefaultListableBeanFactory[0;39m - Creating shared instance of singleton bean 'org.springframework.boot.autoconfigure.security.servlet.SecurityFilterAutoConfiguration'
2026-05-21  10:35:19.923 [39mDEBUG[0;39m [main][N/A] [36morg.springframework.beans.factory.support.DefaultListableBeanFactory[0;39m - Creating shared instance of singleton bean 'spring.security-org.springframework.boot.autoconfigure.security.SecurityProperties'
2026-05-21  10:35:19.924 [39mDEBUG[0;39m [main][N/A] [36morg.springframework.beans.factory.support.DefaultListableBeanFactory[0;39m - Autowiring by type from bean name 'securityFilterChainRegistration' via factory method to bean named 'spring.security-org.springframework.boot.autoconfigure.security.SecurityProperties'
2026-05-21  10:35:19.924 [39mDEBUG[0;39m [main][N/A] [36morg.springframework.beans.factory.support.DefaultListableBeanFactory[0;39m - Creating shared instance of singleton bean 'servletEndpointRegistrar'
2026-05-21  10:35:19.925 [39mDEBUG[0;39m [main][N/A] [36morg.springframework.beans.factory.support.DefaultListableBeanFactory[0;39m - Creating shared instance of singleton bean 'org.springframework.boot.actuate.autoconfigure.endpoint.web.ServletEndpointManagementContextConfiguration$WebMvcServletEndpointManagementContextConfiguration'
2026-05-21  10:35:19.925 [39mDEBUG[0;39m [main][N/A] [36morg.springframework.beans.factory.support.DefaultListableBeanFactory[0;39m - Creating shared instance of singleton bean 'management.endpoints.web-org.springframework.boot.actuate.autoconfigure.endpoint.web.WebEndpointProperties'
2026-05-21  10:35:19.926 [39mDEBUG[0;39m [main][N/A] [36morg.springframework.beans.factory.support.DefaultListableBeanFactory[0;39m - Creating shared instance of singleton bean 'servletEndpointDiscoverer'
2026-05-21  10:35:19.926 [39mDEBUG[0;39m [main][N/A] [36morg.springframework.beans.factory.support.DefaultListableBeanFactory[0;39m - Creating shared instance of singleton bean 'org.springframework.boot.actuate.autoconfigure.endpoint.web.WebEndpointAutoConfiguration$WebEndpointServletConfiguration'
2026-05-21  10:35:19.926 [39mDEBUG[0;39m [main][N/A] [36morg.springframework.beans.factory.support.DefaultListableBeanFactory[0;39m - Autowiring by type from bean name 'servletEndpointDiscoverer' via factory method to bean named 'org.springframework.boot.web.servlet.context.AnnotationConfigServletWebServerApplicationContext@777c9dc9'
2026-05-21  10:35:19.927 [39mDEBUG[0;39m [main][N/A] [36morg.springframework.beans.factory.support.DefaultListableBeanFactory[0;39m - Creating shared instance of singleton bean 'webEndpointPathMapper'
2026-05-21  10:35:19.927 [39mDEBUG[0;39m [main][N/A] [36morg.springframework.beans.factory.support.DefaultListableBeanFactory[0;39m - Creating shared instance of singleton bean 'org.springframework.boot.actuate.autoconfigure.endpoint.web.WebEndpointAutoConfiguration'
2026-05-21  10:35:19.927 [39mDEBUG[0;39m [main][N/A] [36morg.springframework.beans.factory.support.DefaultListableBeanFactory[0;39m - Autowiring by type from bean name 'org.springframework.boot.actuate.autoconfigure.endpoint.web.WebEndpointAutoConfiguration' via constructor to bean named 'org.springframework.boot.web.servlet.context.AnnotationConfigServletWebServerApplicationContext@777c9dc9'
2026-05-21  10:35:19.927 [39mDEBUG[0;39m [main][N/A] [36morg.springframework.beans.factory.support.DefaultListableBeanFactory[0;39m - Autowiring by type from bean name 'org.springframework.boot.actuate.autoconfigure.endpoint.web.WebEndpointAutoConfiguration' via constructor to bean named 'management.endpoints.web-org.springframework.boot.actuate.autoconfigure.endpoint.web.WebEndpointProperties'
2026-05-21  10:35:19.929 [39mDEBUG[0;39m [main][N/A] [36morg.springframework.beans.factory.support.DefaultListableBeanFactory[0;39m - Creating shared instance of singleton bean 'servletExposeExcludePropertyEndpointFilter'
2026-05-21  10:35:19.929 [39mDEBUG[0;39m [main][N/A] [36morg.springframework.beans.factory.support.DefaultListableBeanFactory[0;39m - Creating shared instance of singleton bean 'org.springframework.boot.actuate.autoconfigure.endpoint.web.ServletEndpointManagementContextConfiguration'
2026-05-21  10:35:19.929 [39mDEBUG[0;39m [main][N/A] [36morg.springframework.beans.factory.support.DefaultListableBeanFactory[0;39m - Autowiring by type from bean name 'servletExposeExcludePropertyEndpointFilter' via factory method to bean named 'management.endpoints.web-org.springframework.boot.actuate.autoconfigure.endpoint.web.WebEndpointProperties'
2026-05-21  10:35:19.932 [39mDEBUG[0;39m [main][N/A] [36morg.springframework.beans.factory.support.DefaultListableBeanFactory[0;39m - Autowiring by type from bean name 'servletEndpointRegistrar' via factory method to bean named 'management.endpoints.web-org.springframework.boot.actuate.autoconfigure.endpoint.web.WebEndpointProperties'
2026-05-21  10:35:19.932 [39mDEBUG[0;39m [main][N/A] [36morg.springframework.beans.factory.support.DefaultListableBeanFactory[0;39m - Autowiring by type from bean name 'servletEndpointRegistrar' via factory method to bean named 'servletEndpointDiscoverer'
2026-05-21  10:35:19.932 [39mDEBUG[0;39m [main][N/A] [36morg.springframework.beans.factory.support.DefaultListableBeanFactory[0;39m - Autowiring by type from bean name 'servletEndpointRegistrar' via factory method to bean named 'dispatcherServletRegistration'
2026-05-21  10:35:19.937 [39mDEBUG[0;39m [main][N/A] [36morg.springframework.beans.factory.support.DefaultListableBeanFactory[0;39m - Creating shared instance of singleton bean 'requestContextFilter'
2026-05-21  10:35:19.938 [39mDEBUG[0;39m [main][N/A] [36morg.springframework.beans.factory.support.DefaultListableBeanFactory[0;39m - Creating shared instance of singleton bean 'formContentFilter'
2026-05-21  10:35:19.938 [39mDEBUG[0;39m [main][N/A] [36morg.springframework.beans.factory.support.DefaultListableBeanFactory[0;39m - Creating shared instance of singleton bean 'org.springframework.boot.autoconfigure.web.servlet.WebMvcAutoConfiguration'
2026-05-21  10:35:19.939 [39mDEBUG[0;39m [main][N/A] [36morg.springframework.beans.factory.support.DefaultListableBeanFactory[0;39m - Creating shared instance of singleton bean 'characterEncodingFilter'
2026-05-21  10:35:19.942 [39mDEBUG[0;39m [main][N/A] [36morg.springframework.boot.web.servlet.ServletContextInitializerBeans[0;39m - Mapping filters: webMvcObservationFilter urls=[/*] order=-2147483647, springSecurityFilterChain urls=[/*] order=-100, characterEncodingFilter urls=[/*] order=-2147483648, formContentFilter urls=[/*] order=-9900, requestContextFilter urls=[/*] order=-105
2026-05-21  10:35:19.942 [39mDEBUG[0;39m [main][N/A] [36morg.springframework.boot.web.servlet.ServletContextInitializerBeans[0;39m - Mapping servlets: dispatcherServlet urls=[/]
2026-05-21  10:35:19.958 [39mDEBUG[0;39m [main][N/A] [36morg.springframework.boot.web.servlet.filter.OrderedRequestContextFilter[0;39m - Filter 'requestContextFilter' configured for use
2026-05-21  10:35:19.960 [39mDEBUG[0;39m [main][N/A] [36morg.springframework.web.filter.ServerHttpObservationFilter[0;39m - Filter 'webMvcObservationFilter' configured for use
2026-05-21  10:35:19.960 [39mDEBUG[0;39m [main][N/A] [36morg.springframework.boot.web.servlet.filter.OrderedCharacterEncodingFilter[0;39m - Filter 'characterEncodingFilter' configured for use
2026-05-21  10:35:19.961 [39mDEBUG[0;39m [main][N/A] [36morg.springframework.boot.web.servlet.DelegatingFilterProxyRegistrationBean$1[0;39m - Filter 'springSecurityFilterChain' configured for use
2026-05-21  10:35:19.961 [39mDEBUG[0;39m [main][N/A] [36morg.springframework.boot.web.servlet.filter.OrderedFormContentFilter[0;39m - Filter 'formContentFilter' configured for use
2026-05-21  10:35:19.966 [39mDEBUG[0;39m [main][N/A] [36morg.springframework.beans.factory.support.DefaultListableBeanFactory[0;39m - Creating shared instance of singleton bean 'aiTokenSystemApplication'
2026-05-21  10:35:19.966 [39mDEBUG[0;39m [main][N/A] [36morg.springframework.beans.factory.support.DefaultListableBeanFactory[0;39m - Creating shared instance of singleton bean 'mybatisConfig'
2026-05-21  10:35:19.967 [39mDEBUG[0;39m [main][N/A] [36morg.springframework.beans.factory.support.DefaultListableBeanFactory[0;39m - Creating shared instance of singleton bean 'redisConfig'
2026-05-21  10:35:19.967 [39mDEBUG[0;39m [main][N/A] [36morg.springframework.beans.factory.support.DefaultListableBeanFactory[0;39m - Creating shared instance of singleton bean 'authorizationServerConfig'
2026-05-21  10:35:19.967 [39mDEBUG[0;39m [main][N/A] [36morg.springframework.beans.factory.support.DefaultListableBeanFactory[0;39m - Creating shared instance of singleton bean 'jwtBlacklistService'
2026-05-21  10:35:19.968 [39mDEBUG[0;39m [main][N/A] [36morg.springframework.beans.factory.support.DefaultListableBeanFactory[0;39m - Creating shared instance of singleton bean 'redisTemplate'
2026-05-21  10:35:19.971 [39mDEBUG[0;39m [main][N/A] [36morg.springframework.beans.factory.support.DefaultListableBeanFactory[0;39m - Creating shared instance of singleton bean 'redissonConnectionFactory'
2026-05-21  10:35:19.971 [39mDEBUG[0;39m [main][N/A] [36morg.springframework.beans.factory.support.DefaultListableBeanFactory[0;39m - Creating shared instance of singleton bean 'org.redisson.spring.starter.RedissonAutoConfigurationV2'
2026-05-21  10:35:19.973 [39mDEBUG[0;39m [main][N/A] [36morg.springframework.beans.factory.support.DefaultListableBeanFactory[0;39m - Creating shared instance of singleton bean 'spring.redis.redisson-org.redisson.spring.starter.RedissonProperties'
2026-05-21  10:35:19.973 [39mDEBUG[0;39m [main][N/A] [36morg.springframework.beans.factory.support.DefaultListableBeanFactory[0;39m - Creating shared instance of singleton bean 'spring.data.redis-org.springframework.boot.autoconfigure.data.redis.RedisProperties'
2026-05-21  10:35:19.975 [34mINFO [0;39m [main][N/A] [36mcom.ulisesbocchio.jasyptspringboot.filter.DefaultLazyPropertyFilter[0;39m - Property Filter custom Bean not found with name 'encryptablePropertyFilter'. Initializing Default Property Filter
2026-05-21  10:35:19.981 [34mINFO [0;39m [main][N/A] [36mcom.ulisesbocchio.jasyptspringboot.resolver.DefaultLazyPropertyResolver[0;39m - Property Resolver custom Bean not found with name 'encryptablePropertyResolver'. Initializing Default Property Resolver
2026-05-21  10:35:19.981 [34mINFO [0;39m [main][N/A] [36mcom.ulisesbocchio.jasyptspringboot.detector.DefaultLazyPropertyDetector[0;39m - Property Detector custom Bean not found with name 'encryptablePropertyDetector'. Initializing Default Property Detector
2026-05-21  10:35:19.987 [39mDEBUG[0;39m [main][N/A] [36morg.springframework.beans.factory.support.DefaultListableBeanFactory[0;39m - Creating shared instance of singleton bean 'redisson'
2026-05-21  10:35:19.987 [39mDEBUG[0;39m [main][N/A] [36morg.springframework.beans.factory.support.DefaultListableBeanFactory[0;39m - Creating shared instance of singleton bean 'redisConnectionDetails'
2026-05-21  10:35:19.987 [39mDEBUG[0;39m [main][N/A] [36morg.springframework.beans.factory.support.DefaultListableBeanFactory[0;39m - Creating shared instance of singleton bean 'org.springframework.boot.autoconfigure.data.redis.RedisAutoConfiguration'
2026-05-21  10:35:19.987 [39mDEBUG[0;39m [main][N/A] [36morg.springframework.beans.factory.support.DefaultListableBeanFactory[0;39m - Autowiring by type from bean name 'redisConnectionDetails' via factory method to bean named 'spring.data.redis-org.springframework.boot.autoconfigure.data.redis.RedisProperties'
2026-05-21  10:35:20.053 [34mINFO [0;39m [main][N/A] [36morg.redisson.Version[0;39m - Redisson 3.36.0
2026-05-21  10:35:20.058 [39mDEBUG[0;39m [main][N/A] [36mio.netty.util.internal.logging.InternalLoggerFactory[0;39m - Using SLF4J as the default logging framework
2026-05-21  10:35:20.059 [39mDEBUG[0;39m [main][N/A] [36mio.netty.channel.MultithreadEventLoopGroup[0;39m - -Dio.netty.eventLoopThreads: 40
2026-05-21  10:35:20.065 [39mDEBUG[0;39m [main][N/A] [36mio.netty.util.concurrent.GlobalEventExecutor[0;39m - -Dio.netty.globalEventExecutor.quietPeriodSeconds: 1
2026-05-21  10:35:20.069 [39mDEBUG[0;39m [main][N/A] [36mio.netty.util.internal.InternalThreadLocalMap[0;39m - -Dio.netty.threadLocalMap.stringBuilder.initialSize: 1024
2026-05-21  10:35:20.069 [39mDEBUG[0;39m [main][N/A] [36mio.netty.util.internal.InternalThreadLocalMap[0;39m - -Dio.netty.threadLocalMap.stringBuilder.maxSize: 4096
2026-05-21  10:35:20.082 [39mDEBUG[0;39m [main][N/A] [36mio.netty.util.internal.PlatformDependent0[0;39m - -Dio.netty.noUnsafe: false
2026-05-21  10:35:20.082 [39mDEBUG[0;39m [main][N/A] [36mio.netty.util.internal.PlatformDependent0[0;39m - Java version: 17
2026-05-21  10:35:20.082 [39mDEBUG[0;39m [main][N/A] [36mio.netty.util.internal.PlatformDependent0[0;39m - sun.misc.Unsafe.theUnsafe: available
2026-05-21  10:35:20.082 [39mDEBUG[0;39m [main][N/A] [36mio.netty.util.internal.PlatformDependent0[0;39m - sun.misc.Unsafe base methods: all available
2026-05-21  10:35:20.084 [39mDEBUG[0;39m [main][N/A] [36mio.netty.util.internal.PlatformDependent0[0;39m - sun.misc.Unsafe.storeFence: available
2026-05-21  10:35:20.084 [39mDEBUG[0;39m [main][N/A] [36mio.netty.util.internal.PlatformDependent0[0;39m - java.nio.Buffer.address: available
2026-05-21  10:35:20.084 [39mDEBUG[0;39m [main][N/A] [36mio.netty.util.internal.PlatformDependent0[0;39m - direct buffer constructor: unavailable: Reflective setAccessible(true) disabled
2026-05-21  10:35:20.084 [39mDEBUG[0;39m [main][N/A] [36mio.netty.util.internal.PlatformDependent0[0;39m - java.nio.Bits.unaligned: available, true
2026-05-21  10:35:20.084 [39mDEBUG[0;39m [main][N/A] [36mio.netty.util.internal.PlatformDependent0[0;39m - jdk.internal.misc.Unsafe.allocateUninitializedArray(int): unavailable: class io.netty.util.internal.PlatformDependent0$7 cannot access class jdk.internal.misc.Unsafe (in module java.base) because module java.base does not export jdk.internal.misc to unnamed module @776ec8df
2026-05-21  10:35:20.085 [39mDEBUG[0;39m [main][N/A] [36mio.netty.util.internal.PlatformDependent0[0;39m - java.nio.DirectByteBuffer.<init>(long, {int,long}): unavailable
2026-05-21  10:35:20.085 [39mDEBUG[0;39m [main][N/A] [36mio.netty.util.internal.PlatformDependent[0;39m - sun.misc.Unsafe: available
2026-05-21  10:35:20.085 [39mDEBUG[0;39m [main][N/A] [36mio.netty.util.internal.PlatformDependent[0;39m - -Dio.netty.tmpdir: C:\Users\ADMINI~1\AppData\Local\Temp (java.io.tmpdir)
2026-05-21  10:35:20.085 [39mDEBUG[0;39m [main][N/A] [36mio.netty.util.internal.PlatformDependent[0;39m - -Dio.netty.bitMode: 64 (sun.arch.data.model)
2026-05-21  10:35:20.085 [39mDEBUG[0;39m [main][N/A] [36mio.netty.util.internal.PlatformDependent[0;39m - Platform: Windows
2026-05-21  10:35:20.085 [39mDEBUG[0;39m [main][N/A] [36mio.netty.util.internal.PlatformDependent[0;39m - -Dio.netty.maxDirectMemory: -1 bytes
2026-05-21  10:35:20.085 [39mDEBUG[0;39m [main][N/A] [36mio.netty.util.internal.PlatformDependent[0;39m - -Dio.netty.uninitializedArrayAllocationThreshold: -1
2026-05-21  10:35:20.086 [39mDEBUG[0;39m [main][N/A] [36mio.netty.util.internal.CleanerJava9[0;39m - java.nio.ByteBuffer.cleaner(): available
2026-05-21  10:35:20.086 [39mDEBUG[0;39m [main][N/A] [36mio.netty.util.internal.PlatformDependent[0;39m - -Dio.netty.noPreferDirect: false
2026-05-21  10:35:20.086 [39mDEBUG[0;39m [main][N/A] [36mio.netty.channel.nio.NioEventLoop[0;39m - -Dio.netty.noKeySetOptimization: false
2026-05-21  10:35:20.086 [39mDEBUG[0;39m [main][N/A] [36mio.netty.channel.nio.NioEventLoop[0;39m - -Dio.netty.selectorAutoRebuildThreshold: 512
2026-05-21  10:35:20.089 [39mDEBUG[0;39m [main][N/A] [36mio.netty.util.internal.PlatformDependent[0;39m - org.jctools-core.MpscChunkedArrayQueue: available
2026-05-21  10:35:20.121 [39mDEBUG[0;39m [main][N/A] [36mio.netty.resolver.dns.DefaultDnsServerAddressStreamProvider[0;39m - Default DNS servers: [/[240c:0:0:0:0:0:0:6666]:53, /192.168.1.1:53, /192.168.10.1:53] (sun.net.dns.ResolverConfiguration)
2026-05-21  10:35:20.130 [39mDEBUG[0;39m [main][N/A] [36mio.netty.util.NetUtil[0;39m - -Djava.net.preferIPv4Stack: false
2026-05-21  10:35:20.130 [39mDEBUG[0;39m [main][N/A] [36mio.netty.util.NetUtil[0;39m - -Djava.net.preferIPv6Addresses: false
2026-05-21  10:35:20.135 [39mDEBUG[0;39m [main][N/A] [36mio.netty.util.NetUtilInitializations[0;39m - Loopback interface: lo (Software Loopback Interface 1, 127.0.0.1)
2026-05-21  10:35:20.135 [39mDEBUG[0;39m [main][N/A] [36mio.netty.util.NetUtil[0;39m - Failed to get SOMAXCONN from sysctl and file \proc\sys\net\core\somaxconn. Default: 200
2026-05-21  10:35:20.135 [39mDEBUG[0;39m [main][N/A] [36mio.netty.resolver.dns.DnsNameResolver[0;39m - Default ResolvedAddressTypes: IPV4_PREFERRED
2026-05-21  10:35:20.135 [39mDEBUG[0;39m [main][N/A] [36mio.netty.resolver.dns.DnsNameResolver[0;39m - Localhost address: localhost/127.0.0.1
2026-05-21  10:35:20.135 [39mDEBUG[0;39m [main][N/A] [36mio.netty.resolver.dns.DnsNameResolver[0;39m - Windows hostname: DESKTOP-JERRY
2026-05-21  10:35:20.136 [39mDEBUG[0;39m [main][N/A] [36mio.netty.resolver.dns.DnsNameResolver[0;39m - Default search domains: []
2026-05-21  10:35:20.138 [39mDEBUG[0;39m [main][N/A] [36mio.netty.resolver.dns.DnsNameResolver[0;39m - Default UnixResolverOptions{ndots=1, timeout=5, attempts=16}
2026-05-21  10:35:20.142 [39mDEBUG[0;39m [main][N/A] [36mio.netty.resolver.DefaultHostsFileEntriesResolver[0;39m - -Dio.netty.hostsFileRefreshInterval: 0
2026-05-21  10:35:20.152 [39mDEBUG[0;39m [main][N/A] [36mio.netty.util.ResourceLeakDetector[0;39m - -Dio.netty.leakDetection.level: simple
2026-05-21  10:35:20.152 [39mDEBUG[0;39m [main][N/A] [36mio.netty.util.ResourceLeakDetector[0;39m - -Dio.netty.leakDetection.targetRecords: 4
2026-05-21  10:35:20.152 [39mDEBUG[0;39m [main][N/A] [36mio.netty.util.ResourceLeakDetectorFactory[0;39m - Loaded default ResourceLeakDetector: io.netty.util.ResourceLeakDetector@3d50a3d9
2026-05-21  10:35:20.170 [39mDEBUG[0;39m [main][N/A] [36mio.netty.channel.DefaultChannelId[0;39m - -Dio.netty.processId: 13832 (auto-detected)
2026-05-21  10:35:20.188 [39mDEBUG[0;39m [main][N/A] [36mio.netty.channel.DefaultChannelId[0;39m - -Dio.netty.machineId: 58:cd:c9:ff:fe:c6:34:e3 (auto-detected)
2026-05-21  10:35:20.206 [39mDEBUG[0;39m [main][N/A] [36mio.netty.buffer.PooledByteBufAllocator[0;39m - -Dio.netty.allocator.numHeapArenas: 40
2026-05-21  10:35:20.206 [39mDEBUG[0;39m [main][N/A] [36mio.netty.buffer.PooledByteBufAllocator[0;39m - -Dio.netty.allocator.numDirectArenas: 40
2026-05-21  10:35:20.206 [39mDEBUG[0;39m [main][N/A] [36mio.netty.buffer.PooledByteBufAllocator[0;39m - -Dio.netty.allocator.pageSize: 8192
2026-05-21  10:35:20.206 [39mDEBUG[0;39m [main][N/A] [36mio.netty.buffer.PooledByteBufAllocator[0;39m - -Dio.netty.allocator.maxOrder: 9
2026-05-21  10:35:20.206 [39mDEBUG[0;39m [main][N/A] [36mio.netty.buffer.PooledByteBufAllocator[0;39m - -Dio.netty.allocator.chunkSize: 4194304
2026-05-21  10:35:20.206 [39mDEBUG[0;39m [main][N/A] [36mio.netty.buffer.PooledByteBufAllocator[0;39m - -Dio.netty.allocator.smallCacheSize: 256
2026-05-21  10:35:20.206 [39mDEBUG[0;39m [main][N/A] [36mio.netty.buffer.PooledByteBufAllocator[0;39m - -Dio.netty.allocator.normalCacheSize: 64
2026-05-21  10:35:20.206 [39mDEBUG[0;39m [main][N/A] [36mio.netty.buffer.PooledByteBufAllocator[0;39m - -Dio.netty.allocator.maxCachedBufferCapacity: 32768
2026-05-21  10:35:20.206 [39mDEBUG[0;39m [main][N/A] [36mio.netty.buffer.PooledByteBufAllocator[0;39m - -Dio.netty.allocator.cacheTrimInterval: 8192
2026-05-21  10:35:20.206 [39mDEBUG[0;39m [main][N/A] [36mio.netty.buffer.PooledByteBufAllocator[0;39m - -Dio.netty.allocator.cacheTrimIntervalMillis: 0
2026-05-21  10:35:20.206 [39mDEBUG[0;39m [main][N/A] [36mio.netty.buffer.PooledByteBufAllocator[0;39m - -Dio.netty.allocator.useCacheForAllThreads: false
2026-05-21  10:35:20.206 [39mDEBUG[0;39m [main][N/A] [36mio.netty.buffer.PooledByteBufAllocator[0;39m - -Dio.netty.allocator.maxCachedByteBuffersPerChunk: 1023
2026-05-21  10:35:20.206 [39mDEBUG[0;39m [main][N/A] [36mio.netty.buffer.PooledByteBufAllocator[0;39m - -Dio.netty.allocator.disableCacheFinalizersForFastThreadLocalThreads: false
2026-05-21  10:35:20.213 [39mDEBUG[0;39m [main][N/A] [36mio.netty.buffer.ByteBufUtil[0;39m - -Dio.netty.allocator.type: pooled
2026-05-21  10:35:20.213 [39mDEBUG[0;39m [main][N/A] [36mio.netty.buffer.ByteBufUtil[0;39m - -Dio.netty.threadLocalDirectBufferSize: 0
2026-05-21  10:35:20.213 [39mDEBUG[0;39m [main][N/A] [36mio.netty.buffer.ByteBufUtil[0;39m - -Dio.netty.maxThreadLocalCharBufferSize: 16384
2026-05-21  10:35:20.214 [39mDEBUG[0;39m [main][N/A] [36mio.netty.bootstrap.ChannelInitializerExtensions[0;39m - -Dio.netty.bootstrap.extensions: null
2026-05-21  10:35:20.237 [39mDEBUG[0;39m [redisson-netty-1-2][N/A] [36morg.redisson.client.RedisConnection[0;39m - Connection created [addr=redis://49.232.190.146:6379]
2026-05-21  10:35:20.237 [39mDEBUG[0;39m [redisson-netty-1-3][N/A] [36morg.redisson.client.RedisConnection[0;39m - Connection created [addr=redis://49.232.190.146:6379]
2026-05-21  10:35:20.288 [39mDEBUG[0;39m [redisson-netty-1-2][N/A] [36mio.netty.util.Recycler[0;39m - -Dio.netty.recycler.maxCapacityPerThread: 4096
2026-05-21  10:35:20.288 [39mDEBUG[0;39m [redisson-netty-1-2][N/A] [36mio.netty.util.Recycler[0;39m - -Dio.netty.recycler.ratio: 8
2026-05-21  10:35:20.288 [39mDEBUG[0;39m [redisson-netty-1-2][N/A] [36mio.netty.util.Recycler[0;39m - -Dio.netty.recycler.chunkSize: 32
2026-05-21  10:35:20.288 [39mDEBUG[0;39m [redisson-netty-1-2][N/A] [36mio.netty.util.Recycler[0;39m - -Dio.netty.recycler.blocking: false
2026-05-21  10:35:20.288 [39mDEBUG[0;39m [redisson-netty-1-2][N/A] [36mio.netty.util.Recycler[0;39m - -Dio.netty.recycler.batchFastThreadLocalOnly: true
2026-05-21  10:35:20.290 [39mDEBUG[0;39m [redisson-netty-1-2][N/A] [36mio.netty.buffer.AbstractByteBuf[0;39m - -Dio.netty.buffer.checkAccessible: true
2026-05-21  10:35:20.291 [39mDEBUG[0;39m [redisson-netty-1-2][N/A] [36mio.netty.buffer.AbstractByteBuf[0;39m - -Dio.netty.buffer.checkBounds: true
2026-05-21  10:35:20.291 [39mDEBUG[0;39m [redisson-netty-1-2][N/A] [36mio.netty.util.ResourceLeakDetectorFactory[0;39m - Loaded default ResourceLeakDetector: io.netty.util.ResourceLeakDetector@42094ca4
2026-05-21  10:35:20.345 [39mDEBUG[0;39m [redisson-netty-1-4][N/A] [36morg.redisson.connection.ConnectionsHolder[0;39m - new connection created: RedisPubSubConnection@34185155 [redisClient=[addr=redis://49.232.190.146:6379], channel=[id: 0x46a3151c, L:/192.168.10.101:57916 - R:49.232.190.146/49.232.190.146:6379], currentCommand=CommandData [command=(PING), params: [], promise: java.util.concurrent.CompletableFuture@3c942c02[Not completed, 1 dependents], codec=org.redisson.client.codec.StringCodec], usage=0]
2026-05-21  10:35:20.345 [39mDEBUG[0;39m [redisson-netty-1-5][N/A] [36morg.redisson.connection.ConnectionsHolder[0;39m - new connection created: RedisConnection@40847950 [redisClient=[addr=redis://49.232.190.146:6379], channel=[id: 0x25286650, L:/192.168.10.101:57917 - R:49.232.190.146/49.232.190.146:6379], currentCommand=CommandData [command=(PING), params: [], promise: java.util.concurrent.CompletableFuture@650cedb[Not completed, 1 dependents], codec=org.redisson.client.codec.StringCodec], usage=0]
2026-05-21  10:35:20.347 [34mINFO [0;39m [redisson-netty-1-4][N/A] [36morg.redisson.connection.ConnectionsHolder[0;39m - 1 connections initialized for 49.232.190.146/49.232.190.146:6379
2026-05-21  10:35:20.348 [39mDEBUG[0;39m [redisson-netty-1-6][N/A] [36morg.redisson.client.RedisConnection[0;39m - Connection created [addr=redis://49.232.190.146:6379]
2026-05-21  10:35:20.442 [39mDEBUG[0;39m [redisson-netty-1-7][N/A] [36morg.redisson.connection.ConnectionsHolder[0;39m - new connection created: RedisConnection@1331233664 [redisClient=[addr=redis://49.232.190.146:6379], channel=[id: 0x24a63296, L:/192.168.10.101:57918 - R:49.232.190.146/49.232.190.146:6379], currentCommand=CommandData [command=(PING), params: [], promise: java.util.concurrent.CompletableFuture@4b668eb3[Not completed, 1 dependents], codec=org.redisson.client.codec.StringCodec], usage=0]
2026-05-21  10:35:20.446 [39mDEBUG[0;39m [redisson-netty-1-8][N/A] [36morg.redisson.client.RedisConnection[0;39m - Connection created [addr=redis://49.232.190.146:6379]
2026-05-21  10:35:20.538 [39mDEBUG[0;39m [redisson-netty-1-9][N/A] [36morg.redisson.connection.ConnectionsHolder[0;39m - new connection created: RedisConnection@613617874 [redisClient=[addr=redis://49.232.190.146:6379], channel=[id: 0xa7d9e977, L:/192.168.10.101:57919 - R:49.232.190.146/49.232.190.146:6379], currentCommand=CommandData [command=(PING), params: [], promise: java.util.concurrent.CompletableFuture@20ac8098[Not completed, 1 dependents], codec=org.redisson.client.codec.StringCodec], usage=0]
2026-05-21  10:35:20.539 [39mDEBUG[0;39m [redisson-netty-1-10][N/A] [36morg.redisson.client.RedisConnection[0;39m - Connection created [addr=redis://49.232.190.146:6379]
2026-05-21  10:35:20.631 [39mDEBUG[0;39m [redisson-netty-1-11][N/A] [36morg.redisson.connection.ConnectionsHolder[0;39m - new connection created: RedisConnection@1721263436 [redisClient=[addr=redis://49.232.190.146:6379], channel=[id: 0xe0244e49, L:/192.168.10.101:57920 - R:49.232.190.146/49.232.190.146:6379], currentCommand=CommandData [command=(PING), params: [], promise: java.util.concurrent.CompletableFuture@62a7fd47[Not completed, 1 dependents], codec=org.redisson.client.codec.StringCodec], usage=0]
2026-05-21  10:35:20.633 [39mDEBUG[0;39m [redisson-netty-1-12][N/A] [36morg.redisson.client.RedisConnection[0;39m - Connection created [addr=redis://49.232.190.146:6379]
2026-05-21  10:35:20.724 [39mDEBUG[0;39m [redisson-netty-1-13][N/A] [36morg.redisson.connection.ConnectionsHolder[0;39m - new connection created: RedisConnection@141003984 [redisClient=[addr=redis://49.232.190.146:6379], channel=[id: 0xa51e1322, L:/192.168.10.101:57921 - R:49.232.190.146/49.232.190.146:6379], currentCommand=CommandData [command=(PING), params: [], promise: java.util.concurrent.CompletableFuture@c580904[Not completed, 1 dependents], codec=org.redisson.client.codec.StringCodec], usage=0]
2026-05-21  10:35:20.725 [39mDEBUG[0;39m [redisson-netty-1-14][N/A] [36morg.redisson.client.RedisConnection[0;39m - Connection created [addr=redis://49.232.190.146:6379]
2026-05-21  10:35:20.823 [39mDEBUG[0;39m [redisson-netty-1-15][N/A] [36morg.redisson.connection.ConnectionsHolder[0;39m - new connection created: RedisConnection@697522470 [redisClient=[addr=redis://49.232.190.146:6379], channel=[id: 0xf209a1c6, L:/192.168.10.101:57922 - R:49.232.190.146/49.232.190.146:6379], currentCommand=CommandData [command=(PING), params: [], promise: java.util.concurrent.CompletableFuture@2dacc8cc[Not completed, 1 dependents], codec=org.redisson.client.codec.StringCodec], usage=0]
2026-05-21  10:35:20.826 [39mDEBUG[0;39m [redisson-netty-1-16][N/A] [36morg.redisson.client.RedisConnection[0;39m - Connection created [addr=redis://49.232.190.146:6379]
2026-05-21  10:35:20.924 [39mDEBUG[0;39m [redisson-netty-1-17][N/A] [36morg.redisson.connection.ConnectionsHolder[0;39m - new connection created: RedisConnection@744163529 [redisClient=[addr=redis://49.232.190.146:6379], channel=[id: 0xd93c3b7b, L:/192.168.10.101:57923 - R:49.232.190.146/49.232.190.146:6379], currentCommand=CommandData [command=(PING), params: [], promise: java.util.concurrent.CompletableFuture@2864999a[Not completed, 1 dependents], codec=org.redisson.client.codec.StringCodec], usage=0]
2026-05-21  10:35:20.925 [39mDEBUG[0;39m [redisson-netty-1-18][N/A] [36morg.redisson.client.RedisConnection[0;39m - Connection created [addr=redis://49.232.190.146:6379]
2026-05-21  10:35:21.020 [39mDEBUG[0;39m [redisson-netty-1-19][N/A] [36morg.redisson.connection.ConnectionsHolder[0;39m - new connection created: RedisConnection@584070471 [redisClient=[addr=redis://49.232.190.146:6379], channel=[id: 0x7d759bea, L:/192.168.10.101:57924 - R:49.232.190.146/49.232.190.146:6379], currentCommand=CommandData [command=(PING), params: [], promise: java.util.concurrent.CompletableFuture@26efa5c5[Not completed, 1 dependents], codec=org.redisson.client.codec.StringCodec], usage=0]
2026-05-21  10:35:21.021 [39mDEBUG[0;39m [redisson-netty-1-20][N/A] [36morg.redisson.client.RedisConnection[0;39m - Connection created [addr=redis://49.232.190.146:6379]
2026-05-21  10:35:21.116 [39mDEBUG[0;39m [redisson-netty-1-21][N/A] [36morg.redisson.connection.ConnectionsHolder[0;39m - new connection created: RedisConnection@1330069395 [redisClient=[addr=redis://49.232.190.146:6379], channel=[id: 0x5b4811ae, L:/192.168.10.101:57925 - R:49.232.190.146/49.232.190.146:6379], currentCommand=CommandData [command=(PING), params: [], promise: java.util.concurrent.CompletableFuture@4b78b2a3[Not completed, 1 dependents], codec=org.redisson.client.codec.StringCodec], usage=0]
2026-05-21  10:35:21.118 [39mDEBUG[0;39m [redisson-netty-1-22][N/A] [36morg.redisson.client.RedisConnection[0;39m - Connection created [addr=redis://49.232.190.146:6379]
2026-05-21  10:35:21.211 [39mDEBUG[0;39m [redisson-netty-1-23][N/A] [36morg.redisson.connection.ConnectionsHolder[0;39m - new connection created: RedisConnection@964848228 [redisClient=[addr=redis://49.232.190.146:6379], channel=[id: 0x99dd7af8, L:/192.168.10.101:57926 - R:49.232.190.146/49.232.190.146:6379], currentCommand=CommandData [command=(PING), params: [], promise: java.util.concurrent.CompletableFuture@3dbdf98c[Not completed, 1 dependents], codec=org.redisson.client.codec.StringCodec], usage=0]
2026-05-21  10:35:21.211 [39mDEBUG[0;39m [redisson-netty-1-24][N/A] [36morg.redisson.client.RedisConnection[0;39m - Connection created [addr=redis://49.232.190.146:6379]
2026-05-21  10:35:21.304 [39mDEBUG[0;39m [redisson-netty-1-25][N/A] [36morg.redisson.connection.ConnectionsHolder[0;39m - new connection created: RedisConnection@808780169 [redisClient=[addr=redis://49.232.190.146:6379], channel=[id: 0xfe5e0964, L:/192.168.10.101:57927 - R:49.232.190.146/49.232.190.146:6379], currentCommand=CommandData [command=(PING), params: [], promise: java.util.concurrent.CompletableFuture@340a8357[Not completed, 1 dependents], codec=org.redisson.client.codec.StringCodec], usage=0]
2026-05-21  10:35:21.305 [39mDEBUG[0;39m [redisson-netty-1-26][N/A] [36morg.redisson.client.RedisConnection[0;39m - Connection created [addr=redis://49.232.190.146:6379]
2026-05-21  10:35:21.402 [39mDEBUG[0;39m [redisson-netty-1-27][N/A] [36morg.redisson.connection.ConnectionsHolder[0;39m - new connection created: RedisConnection@907432439 [redisClient=[addr=redis://49.232.190.146:6379], channel=[id: 0x95a3be53, L:/192.168.10.101:57928 - R:49.232.190.146/49.232.190.146:6379], currentCommand=CommandData [command=(PING), params: [], promise: java.util.concurrent.CompletableFuture@3229d3ed[Not completed, 1 dependents], codec=org.redisson.client.codec.StringCodec], usage=0]
2026-05-21  10:35:21.403 [39mDEBUG[0;39m [redisson-netty-1-28][N/A] [36morg.redisson.client.RedisConnection[0;39m - Connection created [addr=redis://49.232.190.146:6379]
2026-05-21  10:35:21.502 [39mDEBUG[0;39m [redisson-netty-1-29][N/A] [36morg.redisson.connection.ConnectionsHolder[0;39m - new connection created: RedisConnection@1661493947 [redisClient=[addr=redis://49.232.190.146:6379], channel=[id: 0x253dd05f, L:/192.168.10.101:57929 - R:49.232.190.146/49.232.190.146:6379], currentCommand=CommandData [command=(PING), params: [], promise: java.util.concurrent.CompletableFuture@6737fa02[Not completed, 1 dependents], codec=org.redisson.client.codec.StringCodec], usage=0]
2026-05-21  10:35:21.503 [39mDEBUG[0;39m [redisson-netty-1-30][N/A] [36morg.redisson.client.RedisConnection[0;39m - Connection created [addr=redis://49.232.190.146:6379]
2026-05-21  10:35:21.600 [39mDEBUG[0;39m [redisson-netty-1-31][N/A] [36morg.redisson.connection.ConnectionsHolder[0;39m - new connection created: RedisConnection@1294744724 [redisClient=[addr=redis://49.232.190.146:6379], channel=[id: 0x027eb21f, L:/192.168.10.101:57930 - R:49.232.190.146/49.232.190.146:6379], currentCommand=CommandData [command=(PING), params: [], promise: java.util.concurrent.CompletableFuture@4913a1e9[Not completed, 1 dependents], codec=org.redisson.client.codec.StringCodec], usage=0]
2026-05-21  10:35:21.601 [39mDEBUG[0;39m [redisson-netty-1-1][N/A] [36morg.redisson.client.RedisConnection[0;39m - Connection created [addr=redis://49.232.190.146:6379]
2026-05-21  10:35:21.693 [39mDEBUG[0;39m [redisson-netty-1-32][N/A] [36morg.redisson.connection.ConnectionsHolder[0;39m - new connection created: RedisConnection@1684770694 [redisClient=[addr=redis://49.232.190.146:6379], channel=[id: 0x75418d1d, L:/192.168.10.101:57931 - R:49.232.190.146/49.232.190.146:6379], currentCommand=CommandData [command=(PING), params: [], promise: java.util.concurrent.CompletableFuture@605417d3[Not completed, 1 dependents], codec=org.redisson.client.codec.StringCodec], usage=0]
2026-05-21  10:35:21.694 [39mDEBUG[0;39m [redisson-netty-1-2][N/A] [36morg.redisson.client.RedisConnection[0;39m - Connection created [addr=redis://49.232.190.146:6379]
2026-05-21  10:35:21.784 [39mDEBUG[0;39m [redisson-netty-1-3][N/A] [36morg.redisson.connection.ConnectionsHolder[0;39m - new connection created: RedisConnection@76724110 [redisClient=[addr=redis://49.232.190.146:6379], channel=[id: 0x492dfe2a, L:/192.168.10.101:57932 - R:49.232.190.146/49.232.190.146:6379], currentCommand=CommandData [command=(PING), params: [], promise: java.util.concurrent.CompletableFuture@2805b091[Completed normally], codec=null], usage=0]
2026-05-21  10:35:21.785 [39mDEBUG[0;39m [redisson-netty-1-4][N/A] [36morg.redisson.client.RedisConnection[0;39m - Connection created [addr=redis://49.232.190.146:6379]
2026-05-21  10:35:21.878 [39mDEBUG[0;39m [redisson-netty-1-5][N/A] [36morg.redisson.connection.ConnectionsHolder[0;39m - new connection created: RedisConnection@1777960596 [redisClient=[addr=redis://49.232.190.146:6379], channel=[id: 0x720fc97c, L:/192.168.10.101:57933 - R:49.232.190.146/49.232.190.146:6379], currentCommand=CommandData [command=(PING), params: [], promise: java.util.concurrent.CompletableFuture@273360fe[Not completed, 1 dependents], codec=org.redisson.client.codec.StringCodec], usage=0]
2026-05-21  10:35:21.879 [39mDEBUG[0;39m [redisson-netty-1-6][N/A] [36morg.redisson.client.RedisConnection[0;39m - Connection created [addr=redis://49.232.190.146:6379]
2026-05-21  10:35:21.969 [39mDEBUG[0;39m [redisson-netty-1-7][N/A] [36morg.redisson.connection.ConnectionsHolder[0;39m - new connection created: RedisConnection@1151938169 [redisClient=[addr=redis://49.232.190.146:6379], channel=[id: 0x88468962, L:/192.168.10.101:57934 - R:49.232.190.146/49.232.190.146:6379], currentCommand=CommandData [command=(PING), params: [], promise: java.util.concurrent.CompletableFuture@7b10848e[Not completed, 1 dependents], codec=org.redisson.client.codec.StringCodec], usage=0]
2026-05-21  10:35:21.970 [39mDEBUG[0;39m [redisson-netty-1-8][N/A] [36morg.redisson.client.RedisConnection[0;39m - Connection created [addr=redis://49.232.190.146:6379]
2026-05-21  10:35:22.063 [39mDEBUG[0;39m [redisson-netty-1-9][N/A] [36morg.redisson.connection.ConnectionsHolder[0;39m - new connection created: RedisConnection@682926935 [redisClient=[addr=redis://49.232.190.146:6379], channel=[id: 0x5cc0f914, L:/192.168.10.101:57935 - R:49.232.190.146/49.232.190.146:6379], currentCommand=CommandData [command=(PING), params: [], promise: java.util.concurrent.CompletableFuture@751a2b77[Not completed, 1 dependents], codec=org.redisson.client.codec.StringCodec], usage=0]
2026-05-21  10:35:22.064 [39mDEBUG[0;39m [redisson-netty-1-10][N/A] [36morg.redisson.client.RedisConnection[0;39m - Connection created [addr=redis://49.232.190.146:6379]
2026-05-21  10:35:22.158 [39mDEBUG[0;39m [redisson-netty-1-11][N/A] [36morg.redisson.connection.ConnectionsHolder[0;39m - new connection created: RedisConnection@155709496 [redisClient=[addr=redis://49.232.190.146:6379], channel=[id: 0xb240ed57, L:/192.168.10.101:57936 - R:49.232.190.146/49.232.190.146:6379], currentCommand=CommandData [command=(PING), params: [], promise: java.util.concurrent.CompletableFuture@5f0cb6f2[Not completed, 1 dependents], codec=org.redisson.client.codec.StringCodec], usage=0]
2026-05-21  10:35:22.158 [39mDEBUG[0;39m [redisson-netty-1-12][N/A] [36morg.redisson.client.RedisConnection[0;39m - Connection created [addr=redis://49.232.190.146:6379]
2026-05-21  10:35:22.248 [39mDEBUG[0;39m [redisson-netty-1-13][N/A] [36morg.redisson.connection.ConnectionsHolder[0;39m - new connection created: RedisConnection@37862834 [redisClient=[addr=redis://49.232.190.146:6379], channel=[id: 0xff73af73, L:/192.168.10.101:57937 - R:49.232.190.146/49.232.190.146:6379], currentCommand=CommandData [command=(PING), params: [], promise: java.util.concurrent.CompletableFuture@357e670f[Not completed, 1 dependents], codec=org.redisson.client.codec.StringCodec], usage=0]
2026-05-21  10:35:22.248 [39mDEBUG[0;39m [redisson-netty-1-14][N/A] [36morg.redisson.client.RedisConnection[0;39m - Connection created [addr=redis://49.232.190.146:6379]
2026-05-21  10:35:22.341 [39mDEBUG[0;39m [redisson-netty-1-15][N/A] [36morg.redisson.connection.ConnectionsHolder[0;39m - new connection created: RedisConnection@1216549705 [redisClient=[addr=redis://49.232.190.146:6379], channel=[id: 0x904e3d8f, L:/192.168.10.101:57938 - R:49.232.190.146/49.232.190.146:6379], currentCommand=CommandData [command=(PING), params: [], promise: java.util.concurrent.CompletableFuture@72621b77[Not completed, 1 dependents], codec=org.redisson.client.codec.StringCodec], usage=0]
2026-05-21  10:35:22.341 [39mDEBUG[0;39m [redisson-netty-1-16][N/A] [36morg.redisson.client.RedisConnection[0;39m - Connection created [addr=redis://49.232.190.146:6379]
2026-05-21  10:35:22.430 [39mDEBUG[0;39m [redisson-netty-1-17][N/A] [36morg.redisson.connection.ConnectionsHolder[0;39m - new connection created: RedisConnection@1614602756 [redisClient=[addr=redis://49.232.190.146:6379], channel=[id: 0x2a485b27, L:/192.168.10.101:57939 - R:49.232.190.146/49.232.190.146:6379], currentCommand=CommandData [command=(PING), params: [], promise: java.util.concurrent.CompletableFuture@33dae537[Not completed, 1 dependents], codec=org.redisson.client.codec.StringCodec], usage=0]
2026-05-21  10:35:22.431 [39mDEBUG[0;39m [redisson-netty-1-18][N/A] [36morg.redisson.client.RedisConnection[0;39m - Connection created [addr=redis://49.232.190.146:6379]
2026-05-21  10:35:22.527 [39mDEBUG[0;39m [redisson-netty-1-19][N/A] [36morg.redisson.connection.ConnectionsHolder[0;39m - new connection created: RedisConnection@460936238 [redisClient=[addr=redis://49.232.190.146:6379], channel=[id: 0x4ab0ee27, L:/192.168.10.101:57940 - R:49.232.190.146/49.232.190.146:6379], currentCommand=CommandData [command=(PING), params: [], promise: java.util.concurrent.CompletableFuture@6bb8707c[Not completed, 1 dependents], codec=org.redisson.client.codec.StringCodec], usage=0]
2026-05-21  10:35:22.527 [34mINFO [0;39m [redisson-netty-1-19][N/A] [36morg.redisson.connection.ConnectionsHolder[0;39m - 24 connections initialized for 49.232.190.146/49.232.190.146:6379
2026-05-21  10:35:22.547 [39mDEBUG[0;39m [main][N/A] [36morg.springframework.beans.factory.support.DefaultListableBeanFactory[0;39m - Autowiring by type from bean name 'redissonConnectionFactory' via factory method to bean named 'redisson'
2026-05-21  10:35:22.552 [39mDEBUG[0;39m [main][N/A] [36morg.springframework.beans.factory.support.DefaultListableBeanFactory[0;39m - Autowiring by type from bean name 'redisTemplate' via factory method to bean named 'redissonConnectionFactory'
2026-05-21  10:35:22.574 [39mDEBUG[0;39m [main][N/A] [36morg.springframework.data.convert.CustomConversions[0;39m - Adding converter from class java.lang.String to class [B as writing converter
2026-05-21  10:35:22.574 [39mDEBUG[0;39m [main][N/A] [36morg.springframework.data.convert.CustomConversions[0;39m - Adding converter from class [B to class java.lang.String as reading converter
2026-05-21  10:35:22.574 [39mDEBUG[0;39m [main][N/A] [36morg.springframework.data.convert.CustomConversions[0;39m - Adding converter from class java.lang.Number to class [B as writing converter
2026-05-21  10:35:22.574 [39mDEBUG[0;39m [main][N/A] [36morg.springframework.data.convert.CustomConversions[0;39m - Adding converter from class [B to class java.lang.Number as reading converter
2026-05-21  10:35:22.574 [39mDEBUG[0;39m [main][N/A] [36morg.springframework.data.convert.CustomConversions[0;39m - Adding converter from class java.lang.Enum to class [B as writing converter
2026-05-21  10:35:22.574 [39mDEBUG[0;39m [main][N/A] [36morg.springframework.data.convert.CustomConversions[0;39m - Adding converter from class [B to class java.lang.Enum as reading converter
2026-05-21  10:35:22.575 [39mDEBUG[0;39m [main][N/A] [36morg.springframework.data.convert.CustomConversions[0;39m - Adding converter from class java.lang.Boolean to class [B as writing converter
2026-05-21  10:35:22.575 [39mDEBUG[0;39m [main][N/A] [36morg.springframework.data.convert.CustomConversions[0;39m - Adding converter from class [B to class java.lang.Boolean as reading converter
2026-05-21  10:35:22.575 [39mDEBUG[0;39m [main][N/A] [36morg.springframework.data.convert.CustomConversions[0;39m - Adding converter from class java.util.Date to class [B as writing converter
2026-05-21  10:35:22.575 [39mDEBUG[0;39m [main][N/A] [36morg.springframework.data.convert.CustomConversions[0;39m - Adding converter from class [B to class java.util.Date as reading converter
2026-05-21  10:35:22.575 [39mDEBUG[0;39m [main][N/A] [36morg.springframework.data.convert.CustomConversions[0;39m - Adding converter from class java.util.UUID to class [B as writing converter
2026-05-21  10:35:22.575 [39mDEBUG[0;39m [main][N/A] [36morg.springframework.data.convert.CustomConversions[0;39m - Adding converter from class [B to class java.util.UUID as reading converter
2026-05-21  10:35:22.575 [39mDEBUG[0;39m [main][N/A] [36morg.springframework.data.convert.CustomConversions[0;39m - Adding converter from class java.time.LocalDateTime to class [B as reading converter
2026-05-21  10:35:22.575 [39mDEBUG[0;39m [main][N/A] [36morg.springframework.data.convert.CustomConversions[0;39m - Adding converter from class [B to class java.time.LocalDateTime as reading converter
2026-05-21  10:35:22.575 [39mDEBUG[0;39m [main][N/A] [36morg.springframework.data.convert.CustomConversions[0;39m - Adding converter from class java.time.LocalDate to class [B as reading converter
2026-05-21  10:35:22.575 [39mDEBUG[0;39m [main][N/A] [36morg.springframework.data.convert.CustomConversions[0;39m - Adding converter from class [B to class java.time.LocalDate as reading converter
2026-05-21  10:35:22.575 [39mDEBUG[0;39m [main][N/A] [36morg.springframework.data.convert.CustomConversions[0;39m - Adding converter from class java.time.LocalTime to class [B as reading converter
2026-05-21  10:35:22.575 [39mDEBUG[0;39m [main][N/A] [36morg.springframework.data.convert.CustomConversions[0;39m - Adding converter from class [B to class java.time.LocalTime as reading converter
2026-05-21  10:35:22.575 [39mDEBUG[0;39m [main][N/A] [36morg.springframework.data.convert.CustomConversions[0;39m - Adding converter from class java.time.ZonedDateTime to class [B as reading converter
2026-05-21  10:35:22.575 [39mDEBUG[0;39m [main][N/A] [36morg.springframework.data.convert.CustomConversions[0;39m - Adding converter from class [B to class java.time.ZonedDateTime as reading converter
2026-05-21  10:35:22.575 [39mDEBUG[0;39m [main][N/A] [36morg.springframework.data.convert.CustomConversions[0;39m - Adding converter from class java.time.Instant to class [B as reading converter
2026-05-21  10:35:22.575 [39mDEBUG[0;39m [main][N/A] [36morg.springframework.data.convert.CustomConversions[0;39m - Adding converter from class [B to class java.time.Instant as reading converter
2026-05-21  10:35:22.575 [39mDEBUG[0;39m [main][N/A] [36morg.springframework.data.convert.CustomConversions[0;39m - Adding converter from class java.time.ZoneId to class [B as reading converter
2026-05-21  10:35:22.575 [39mDEBUG[0;39m [main][N/A] [36morg.springframework.data.convert.CustomConversions[0;39m - Adding converter from class [B to class java.time.ZoneId as reading converter
2026-05-21  10:35:22.575 [39mDEBUG[0;39m [main][N/A] [36morg.springframework.data.convert.CustomConversions[0;39m - Adding converter from class java.time.Period to class [B as reading converter
2026-05-21  10:35:22.575 [39mDEBUG[0;39m [main][N/A] [36morg.springframework.data.convert.CustomConversions[0;39m - Adding converter from class [B to class java.time.Period as reading converter
2026-05-21  10:35:22.575 [39mDEBUG[0;39m [main][N/A] [36morg.springframework.data.convert.CustomConversions[0;39m - Adding converter from class java.time.Duration to class [B as reading converter
2026-05-21  10:35:22.575 [39mDEBUG[0;39m [main][N/A] [36morg.springframework.data.convert.CustomConversions[0;39m - Adding converter from class [B to class java.time.Duration as reading converter
2026-05-21  10:35:22.575 [39mDEBUG[0;39m [main][N/A] [36morg.springframework.data.convert.CustomConversions[0;39m - Adding converter from class java.time.OffsetDateTime to class [B as reading converter
2026-05-21  10:35:22.575 [39mDEBUG[0;39m [main][N/A] [36morg.springframework.data.convert.CustomConversions[0;39m - Adding converter from class [B to class java.time.OffsetDateTime as reading converter
2026-05-21  10:35:22.575 [39mDEBUG[0;39m [main][N/A] [36morg.springframework.data.convert.CustomConversions[0;39m - Adding converter from class java.time.OffsetTime to class [B as reading converter
2026-05-21  10:35:22.575 [39mDEBUG[0;39m [main][N/A] [36morg.springframework.data.convert.CustomConversions[0;39m - Adding converter from class [B to class java.time.OffsetTime as reading converter
2026-05-21  10:35:22.575 [39mDEBUG[0;39m [main][N/A] [36morg.springframework.data.convert.CustomConversions[0;39m - Adding converter from class java.util.Date to class java.time.LocalDateTime as reading converter
2026-05-21  10:35:22.575 [39mDEBUG[0;39m [main][N/A] [36morg.springframework.data.convert.CustomConversions[0;39m - Adding converter from class java.time.LocalDateTime to class java.util.Date as writing converter
2026-05-21  10:35:22.575 [39mDEBUG[0;39m [main][N/A] [36morg.springframework.data.convert.CustomConversions[0;39m - Adding converter from class java.util.Date to class java.time.LocalDate as reading converter
2026-05-21  10:35:22.575 [39mDEBUG[0;39m [main][N/A] [36morg.springframework.data.convert.CustomConversions[0;39m - Adding converter from class java.time.LocalDate to class java.util.Date as writing converter
2026-05-21  10:35:22.575 [39mDEBUG[0;39m [main][N/A] [36morg.springframework.data.convert.CustomConversions[0;39m - Adding converter from class java.util.Date to class java.time.LocalTime as reading converter
2026-05-21  10:35:22.575 [39mDEBUG[0;39m [main][N/A] [36morg.springframework.data.convert.CustomConversions[0;39m - Adding converter from class java.time.LocalTime to class java.util.Date as writing converter
2026-05-21  10:35:22.576 [39mDEBUG[0;39m [main][N/A] [36morg.springframework.data.convert.CustomConversions[0;39m - Adding converter from class java.util.Date to class java.time.Instant as reading converter
2026-05-21  10:35:22.576 [39mDEBUG[0;39m [main][N/A] [36morg.springframework.data.convert.CustomConversions[0;39m - Adding converter from class java.time.Instant to class java.util.Date as writing converter
2026-05-21  10:35:22.576 [39mDEBUG[0;39m [main][N/A] [36morg.springframework.data.convert.CustomConversions[0;39m - Adding converter from class java.time.LocalDateTime to class java.time.Instant as reading converter
2026-05-21  10:35:22.576 [39mDEBUG[0;39m [main][N/A] [36morg.springframework.data.convert.CustomConversions[0;39m - Adding converter from class java.time.Instant to class java.time.LocalDateTime as reading converter
2026-05-21  10:35:22.576 [39mDEBUG[0;39m [main][N/A] [36morg.springframework.data.convert.CustomConversions[0;39m - Adding converter from class java.time.ZoneId to class java.lang.String as writing converter
2026-05-21  10:35:22.576 [39mDEBUG[0;39m [main][N/A] [36morg.springframework.data.convert.CustomConversions[0;39m - Adding converter from class java.lang.String to class java.time.ZoneId as reading converter
2026-05-21  10:35:22.576 [39mDEBUG[0;39m [main][N/A] [36morg.springframework.data.convert.CustomConversions[0;39m - Adding converter from class java.time.Duration to class java.lang.String as writing converter
2026-05-21  10:35:22.576 [39mDEBUG[0;39m [main][N/A] [36morg.springframework.data.convert.CustomConversions[0;39m - Adding converter from class java.lang.String to class java.time.Duration as reading converter
2026-05-21  10:35:22.576 [39mDEBUG[0;39m [main][N/A] [36morg.springframework.data.convert.CustomConversions[0;39m - Adding converter from class java.time.Period to class java.lang.String as writing converter
2026-05-21  10:35:22.576 [39mDEBUG[0;39m [main][N/A] [36morg.springframework.data.convert.CustomConversions[0;39m - Adding converter from class java.lang.String to class java.time.Period as reading converter
2026-05-21  10:35:22.576 [39mDEBUG[0;39m [main][N/A] [36morg.springframework.data.convert.CustomConversions[0;39m - Adding converter from class java.lang.String to class java.time.LocalDate as reading converter
2026-05-21  10:35:22.576 [39mDEBUG[0;39m [main][N/A] [36morg.springframework.data.convert.CustomConversions[0;39m - Adding converter from class java.lang.String to class java.time.LocalDateTime as reading converter
2026-05-21  10:35:22.576 [39mDEBUG[0;39m [main][N/A] [36morg.springframework.data.convert.CustomConversions[0;39m - Adding converter from class java.lang.String to class java.time.Instant as reading converter
2026-05-21  10:35:22.577 [39mDEBUG[0;39m [main][N/A] [36morg.springframework.data.convert.CustomConversions[0;39m - Adding converter from class java.lang.String to class [B as writing converter
2026-05-21  10:35:22.578 [39mDEBUG[0;39m [main][N/A] [36morg.springframework.data.convert.CustomConversions[0;39m - Adding converter from class [B to class java.lang.String as reading converter
2026-05-21  10:35:22.578 [39mDEBUG[0;39m [main][N/A] [36morg.springframework.data.convert.CustomConversions[0;39m - Adding converter from class java.lang.Number to class [B as writing converter
2026-05-21  10:35:22.578 [39mDEBUG[0;39m [main][N/A] [36morg.springframework.data.convert.CustomConversions[0;39m - Adding converter from class [B to class java.lang.Number as reading converter
2026-05-21  10:35:22.578 [39mDEBUG[0;39m [main][N/A] [36morg.springframework.data.convert.CustomConversions[0;39m - Adding converter from class java.lang.Enum to class [B as writing converter
2026-05-21  10:35:22.578 [39mDEBUG[0;39m [main][N/A] [36morg.springframework.data.convert.CustomConversions[0;39m - Adding converter from class [B to class java.lang.Enum as reading converter
2026-05-21  10:35:22.578 [39mDEBUG[0;39m [main][N/A] [36morg.springframework.data.convert.CustomConversions[0;39m - Adding converter from class java.lang.Boolean to class [B as writing converter
2026-05-21  10:35:22.578 [39mDEBUG[0;39m [main][N/A] [36morg.springframework.data.convert.CustomConversions[0;39m - Adding converter from class [B to class java.lang.Boolean as reading converter
2026-05-21  10:35:22.578 [39mDEBUG[0;39m [main][N/A] [36morg.springframework.data.convert.CustomConversions[0;39m - Adding converter from class java.util.Date to class [B as writing converter
2026-05-21  10:35:22.578 [39mDEBUG[0;39m [main][N/A] [36morg.springframework.data.convert.CustomConversions[0;39m - Adding converter from class [B to class java.util.Date as reading converter
2026-05-21  10:35:22.578 [39mDEBUG[0;39m [main][N/A] [36morg.springframework.data.convert.CustomConversions[0;39m - Adding converter from class java.util.UUID to class [B as writing converter
2026-05-21  10:35:22.578 [39mDEBUG[0;39m [main][N/A] [36morg.springframework.data.convert.CustomConversions[0;39m - Adding converter from class [B to class java.util.UUID as reading converter
2026-05-21  10:35:22.578 [39mDEBUG[0;39m [main][N/A] [36morg.springframework.data.convert.CustomConversions[0;39m - Adding converter from class java.time.LocalDateTime to class [B as reading converter
2026-05-21  10:35:22.578 [39mDEBUG[0;39m [main][N/A] [36morg.springframework.data.convert.CustomConversions[0;39m - Adding converter from class [B to class java.time.LocalDateTime as reading converter
2026-05-21  10:35:22.578 [39mDEBUG[0;39m [main][N/A] [36morg.springframework.data.convert.CustomConversions[0;39m - Adding converter from class java.time.LocalDate to class [B as reading converter
2026-05-21  10:35:22.578 [39mDEBUG[0;39m [main][N/A] [36morg.springframework.data.convert.CustomConversions[0;39m - Adding converter from class [B to class java.time.LocalDate as reading converter
2026-05-21  10:35:22.578 [39mDEBUG[0;39m [main][N/A] [36morg.springframework.data.convert.CustomConversions[0;39m - Adding converter from class java.time.LocalTime to class [B as reading converter
2026-05-21  10:35:22.578 [39mDEBUG[0;39m [main][N/A] [36morg.springframework.data.convert.CustomConversions[0;39m - Adding converter from class [B to class java.time.LocalTime as reading converter
2026-05-21  10:35:22.578 [39mDEBUG[0;39m [main][N/A] [36morg.springframework.data.convert.CustomConversions[0;39m - Adding converter from class java.time.ZonedDateTime to class [B as reading converter
2026-05-21  10:35:22.578 [39mDEBUG[0;39m [main][N/A] [36morg.springframework.data.convert.CustomConversions[0;39m - Adding converter from class [B to class java.time.ZonedDateTime as reading converter
2026-05-21  10:35:22.578 [39mDEBUG[0;39m [main][N/A] [36morg.springframework.data.convert.CustomConversions[0;39m - Adding converter from class java.time.Instant to class [B as reading converter
2026-05-21  10:35:22.578 [39mDEBUG[0;39m [main][N/A] [36morg.springframework.data.convert.CustomConversions[0;39m - Adding converter from class [B to class java.time.Instant as reading converter
2026-05-21  10:35:22.578 [39mDEBUG[0;39m [main][N/A] [36morg.springframework.data.convert.CustomConversions[0;39m - Adding converter from class java.time.ZoneId to class [B as reading converter
2026-05-21  10:35:22.578 [39mDEBUG[0;39m [main][N/A] [36morg.springframework.data.convert.CustomConversions[0;39m - Adding converter from class [B to class java.time.ZoneId as reading converter
2026-05-21  10:35:22.578 [39mDEBUG[0;39m [main][N/A] [36morg.springframework.data.convert.CustomConversions[0;39m - Adding converter from class java.time.Period to class [B as reading converter
2026-05-21  10:35:22.578 [39mDEBUG[0;39m [main][N/A] [36morg.springframework.data.convert.CustomConversions[0;39m - Adding converter from class [B to class java.time.Period as reading converter
2026-05-21  10:35:22.578 [39mDEBUG[0;39m [main][N/A] [36morg.springframework.data.convert.CustomConversions[0;39m - Adding converter from class java.time.Duration to class [B as reading converter
2026-05-21  10:35:22.578 [39mDEBUG[0;39m [main][N/A] [36morg.springframework.data.convert.CustomConversions[0;39m - Adding converter from class [B to class java.time.Duration as reading converter
2026-05-21  10:35:22.578 [39mDEBUG[0;39m [main][N/A] [36morg.springframework.data.convert.CustomConversions[0;39m - Adding converter from class java.time.OffsetDateTime to class [B as reading converter
2026-05-21  10:35:22.578 [39mDEBUG[0;39m [main][N/A] [36morg.springframework.data.convert.CustomConversions[0;39m - Adding converter from class [B to class java.time.OffsetDateTime as reading converter
2026-05-21  10:35:22.578 [39mDEBUG[0;39m [main][N/A] [36morg.springframework.data.convert.CustomConversions[0;39m - Adding converter from class java.time.OffsetTime to class [B as reading converter
2026-05-21  10:35:22.578 [39mDEBUG[0;39m [main][N/A] [36morg.springframework.data.convert.CustomConversions[0;39m - Adding converter from class [B to class java.time.OffsetTime as reading converter
2026-05-21  10:35:22.578 [39mDEBUG[0;39m [main][N/A] [36morg.springframework.data.convert.CustomConversions[0;39m - Adding converter from class java.util.Date to class java.time.LocalDateTime as reading converter
2026-05-21  10:35:22.578 [39mDEBUG[0;39m [main][N/A] [36morg.springframework.data.convert.CustomConversions[0;39m - Adding converter from class java.time.LocalDateTime to class java.util.Date as writing converter
2026-05-21  10:35:22.578 [39mDEBUG[0;39m [main][N/A] [36morg.springframework.data.convert.CustomConversions[0;39m - Adding converter from class java.util.Date to class java.time.LocalDate as reading converter
2026-05-21  10:35:22.578 [39mDEBUG[0;39m [main][N/A] [36morg.springframework.data.convert.CustomConversions[0;39m - Adding converter from class java.time.LocalDate to class java.util.Date as writing converter
2026-05-21  10:35:22.578 [39mDEBUG[0;39m [main][N/A] [36morg.springframework.data.convert.CustomConversions[0;39m - Adding converter from class java.util.Date to class java.time.LocalTime as reading converter
2026-05-21  10:35:22.578 [39mDEBUG[0;39m [main][N/A] [36morg.springframework.data.convert.CustomConversions[0;39m - Adding converter from class java.time.LocalTime to class java.util.Date as writing converter
2026-05-21  10:35:22.578 [39mDEBUG[0;39m [main][N/A] [36morg.springframework.data.convert.CustomConversions[0;39m - Adding converter from class java.util.Date to class java.time.Instant as reading converter
2026-05-21  10:35:22.578 [39mDEBUG[0;39m [main][N/A] [36morg.springframework.data.convert.CustomConversions[0;39m - Adding converter from class java.time.Instant to class java.util.Date as writing converter
2026-05-21  10:35:22.578 [39mDEBUG[0;39m [main][N/A] [36morg.springframework.data.convert.CustomConversions[0;39m - Adding converter from class java.time.LocalDateTime to class java.time.Instant as reading converter
2026-05-21  10:35:22.578 [39mDEBUG[0;39m [main][N/A] [36morg.springframework.data.convert.CustomConversions[0;39m - Adding converter from class java.time.Instant to class java.time.LocalDateTime as reading converter
2026-05-21  10:35:22.578 [39mDEBUG[0;39m [main][N/A] [36morg.springframework.data.convert.CustomConversions[0;39m - Adding converter from class java.time.ZoneId to class java.lang.String as writing converter
2026-05-21  10:35:22.578 [39mDEBUG[0;39m [main][N/A] [36morg.springframework.data.convert.CustomConversions[0;39m - Adding converter from class java.lang.String to class java.time.ZoneId as reading converter
2026-05-21  10:35:22.578 [39mDEBUG[0;39m [main][N/A] [36morg.springframework.data.convert.CustomConversions[0;39m - Adding converter from class java.time.Duration to class java.lang.String as writing converter
2026-05-21  10:35:22.579 [39mDEBUG[0;39m [main][N/A] [36morg.springframework.data.convert.CustomConversions[0;39m - Adding converter from class java.lang.String to class java.time.Duration as reading converter
2026-05-21  10:35:22.579 [39mDEBUG[0;39m [main][N/A] [36morg.springframework.data.convert.CustomConversions[0;39m - Adding converter from class java.time.Period to class java.lang.String as writing converter
2026-05-21  10:35:22.579 [39mDEBUG[0;39m [main][N/A] [36morg.springframework.data.convert.CustomConversions[0;39m - Adding converter from class java.lang.String to class java.time.Period as reading converter
2026-05-21  10:35:22.579 [39mDEBUG[0;39m [main][N/A] [36morg.springframework.data.convert.CustomConversions[0;39m - Adding converter from class java.lang.String to class java.time.LocalDate as reading converter
2026-05-21  10:35:22.579 [39mDEBUG[0;39m [main][N/A] [36morg.springframework.data.convert.CustomConversions[0;39m - Adding converter from class java.lang.String to class java.time.LocalDateTime as reading converter
2026-05-21  10:35:22.579 [39mDEBUG[0;39m [main][N/A] [36morg.springframework.data.convert.CustomConversions[0;39m - Adding converter from class java.lang.String to class java.time.Instant as reading converter
2026-05-21  10:35:22.587 [39mDEBUG[0;39m [main][N/A] [36morg.springframework.data.convert.CustomConversions[0;39m - Adding converter from class java.lang.String to class [B as writing converter
2026-05-21  10:35:22.587 [39mDEBUG[0;39m [main][N/A] [36morg.springframework.data.convert.CustomConversions[0;39m - Adding converter from class [B to class java.lang.String as reading converter
2026-05-21  10:35:22.587 [39mDEBUG[0;39m [main][N/A] [36morg.springframework.data.convert.CustomConversions[0;39m - Adding converter from class java.lang.Number to class [B as writing converter
2026-05-21  10:35:22.587 [39mDEBUG[0;39m [main][N/A] [36morg.springframework.data.convert.CustomConversions[0;39m - Adding converter from class [B to class java.lang.Number as reading converter
2026-05-21  10:35:22.587 [39mDEBUG[0;39m [main][N/A] [36morg.springframework.data.convert.CustomConversions[0;39m - Adding converter from class java.lang.Enum to class [B as writing converter
2026-05-21  10:35:22.587 [39mDEBUG[0;39m [main][N/A] [36morg.springframework.data.convert.CustomConversions[0;39m - Adding converter from class [B to class java.lang.Enum as reading converter
2026-05-21  10:35:22.587 [39mDEBUG[0;39m [main][N/A] [36morg.springframework.data.convert.CustomConversions[0;39m - Adding converter from class java.lang.Boolean to class [B as writing converter
2026-05-21  10:35:22.587 [39mDEBUG[0;39m [main][N/A] [36morg.springframework.data.convert.CustomConversions[0;39m - Adding converter from class [B to class java.lang.Boolean as reading converter
2026-05-21  10:35:22.587 [39mDEBUG[0;39m [main][N/A] [36morg.springframework.data.convert.CustomConversions[0;39m - Adding converter from class java.util.Date to class [B as writing converter
2026-05-21  10:35:22.587 [39mDEBUG[0;39m [main][N/A] [36morg.springframework.data.convert.CustomConversions[0;39m - Adding converter from class [B to class java.util.Date as reading converter
2026-05-21  10:35:22.587 [39mDEBUG[0;39m [main][N/A] [36morg.springframework.data.convert.CustomConversions[0;39m - Adding converter from class java.util.UUID to class [B as writing converter
2026-05-21  10:35:22.587 [39mDEBUG[0;39m [main][N/A] [36morg.springframework.data.convert.CustomConversions[0;39m - Adding converter from class [B to class java.util.UUID as reading converter
2026-05-21  10:35:22.587 [39mDEBUG[0;39m [main][N/A] [36morg.springframework.data.convert.CustomConversions[0;39m - Adding converter from class java.time.LocalDateTime to class [B as reading converter
2026-05-21  10:35:22.587 [39mDEBUG[0;39m [main][N/A] [36morg.springframework.data.convert.CustomConversions[0;39m - Adding converter from class [B to class java.time.LocalDateTime as reading converter
2026-05-21  10:35:22.587 [39mDEBUG[0;39m [main][N/A] [36morg.springframework.data.convert.CustomConversions[0;39m - Adding converter from class java.time.LocalDate to class [B as reading converter
2026-05-21  10:35:22.587 [39mDEBUG[0;39m [main][N/A] [36morg.springframework.data.convert.CustomConversions[0;39m - Adding converter from class [B to class java.time.LocalDate as reading converter
2026-05-21  10:35:22.587 [39mDEBUG[0;39m [main][N/A] [36morg.springframework.data.convert.CustomConversions[0;39m - Adding converter from class java.time.LocalTime to class [B as reading converter
2026-05-21  10:35:22.587 [39mDEBUG[0;39m [main][N/A] [36morg.springframework.data.convert.CustomConversions[0;39m - Adding converter from class [B to class java.time.LocalTime as reading converter
2026-05-21  10:35:22.587 [39mDEBUG[0;39m [main][N/A] [36morg.springframework.data.convert.CustomConversions[0;39m - Adding converter from class java.time.ZonedDateTime to class [B as reading converter
2026-05-21  10:35:22.587 [39mDEBUG[0;39m [main][N/A] [36morg.springframework.data.convert.CustomConversions[0;39m - Adding converter from class [B to class java.time.ZonedDateTime as reading converter
2026-05-21  10:35:22.587 [39mDEBUG[0;39m [main][N/A] [36morg.springframework.data.convert.CustomConversions[0;39m - Adding converter from class java.time.Instant to class [B as reading converter
2026-05-21  10:35:22.587 [39mDEBUG[0;39m [main][N/A] [36morg.springframework.data.convert.CustomConversions[0;39m - Adding converter from class [B to class java.time.Instant as reading converter
2026-05-21  10:35:22.587 [39mDEBUG[0;39m [main][N/A] [36morg.springframework.data.convert.CustomConversions[0;39m - Adding converter from class java.time.ZoneId to class [B as reading converter
2026-05-21  10:35:22.587 [39mDEBUG[0;39m [main][N/A] [36morg.springframework.data.convert.CustomConversions[0;39m - Adding converter from class [B to class java.time.ZoneId as reading converter
2026-05-21  10:35:22.587 [39mDEBUG[0;39m [main][N/A] [36morg.springframework.data.convert.CustomConversions[0;39m - Adding converter from class java.time.Period to class [B as reading converter
2026-05-21  10:35:22.587 [39mDEBUG[0;39m [main][N/A] [36morg.springframework.data.convert.CustomConversions[0;39m - Adding converter from class [B to class java.time.Period as reading converter
2026-05-21  10:35:22.587 [39mDEBUG[0;39m [main][N/A] [36morg.springframework.data.convert.CustomConversions[0;39m - Adding converter from class java.time.Duration to class [B as reading converter
2026-05-21  10:35:22.587 [39mDEBUG[0;39m [main][N/A] [36morg.springframework.data.convert.CustomConversions[0;39m - Adding converter from class [B to class java.time.Duration as reading converter
2026-05-21  10:35:22.587 [39mDEBUG[0;39m [main][N/A] [36morg.springframework.data.convert.CustomConversions[0;39m - Adding converter from class java.time.OffsetDateTime to class [B as reading converter
2026-05-21  10:35:22.587 [39mDEBUG[0;39m [main][N/A] [36morg.springframework.data.convert.CustomConversions[0;39m - Adding converter from class [B to class java.time.OffsetDateTime as reading converter
2026-05-21  10:35:22.587 [39mDEBUG[0;39m [main][N/A] [36morg.springframework.data.convert.CustomConversions[0;39m - Adding converter from class java.time.OffsetTime to class [B as reading converter
2026-05-21  10:35:22.587 [39mDEBUG[0;39m [main][N/A] [36morg.springframework.data.convert.CustomConversions[0;39m - Adding converter from class [B to class java.time.OffsetTime as reading converter
2026-05-21  10:35:22.587 [39mDEBUG[0;39m [main][N/A] [36morg.springframework.data.convert.CustomConversions[0;39m - Adding converter from class java.util.Date to class java.time.LocalDateTime as reading converter
2026-05-21  10:35:22.587 [39mDEBUG[0;39m [main][N/A] [36morg.springframework.data.convert.CustomConversions[0;39m - Adding converter from class java.time.LocalDateTime to class java.util.Date as writing converter
2026-05-21  10:35:22.587 [39mDEBUG[0;39m [main][N/A] [36morg.springframework.data.convert.CustomConversions[0;39m - Adding converter from class java.util.Date to class java.time.LocalDate as reading converter
2026-05-21  10:35:22.587 [39mDEBUG[0;39m [main][N/A] [36morg.springframework.data.convert.CustomConversions[0;39m - Adding converter from class java.time.LocalDate to class java.util.Date as writing converter
2026-05-21  10:35:22.587 [39mDEBUG[0;39m [main][N/A] [36morg.springframework.data.convert.CustomConversions[0;39m - Adding converter from class java.util.Date to class java.time.LocalTime as reading converter
2026-05-21  10:35:22.587 [39mDEBUG[0;39m [main][N/A] [36morg.springframework.data.convert.CustomConversions[0;39m - Adding converter from class java.time.LocalTime to class java.util.Date as writing converter
2026-05-21  10:35:22.587 [39mDEBUG[0;39m [main][N/A] [36morg.springframework.data.convert.CustomConversions[0;39m - Adding converter from class java.util.Date to class java.time.Instant as reading converter
2026-05-21  10:35:22.587 [39mDEBUG[0;39m [main][N/A] [36morg.springframework.data.convert.CustomConversions[0;39m - Adding converter from class java.time.Instant to class java.util.Date as writing converter
2026-05-21  10:35:22.587 [39mDEBUG[0;39m [main][N/A] [36morg.springframework.data.convert.CustomConversions[0;39m - Adding converter from class java.time.LocalDateTime to class java.time.Instant as reading converter
2026-05-21  10:35:22.587 [39mDEBUG[0;39m [main][N/A] [36morg.springframework.data.convert.CustomConversions[0;39m - Adding converter from class java.time.Instant to class java.time.LocalDateTime as reading converter
2026-05-21  10:35:22.587 [39mDEBUG[0;39m [main][N/A] [36morg.springframework.data.convert.CustomConversions[0;39m - Adding converter from class java.time.ZoneId to class java.lang.String as writing converter
2026-05-21  10:35:22.587 [39mDEBUG[0;39m [main][N/A] [36morg.springframework.data.convert.CustomConversions[0;39m - Adding converter from class java.lang.String to class java.time.ZoneId as reading converter
2026-05-21  10:35:22.587 [39mDEBUG[0;39m [main][N/A] [36morg.springframework.data.convert.CustomConversions[0;39m - Adding converter from class java.time.Duration to class java.lang.String as writing converter
2026-05-21  10:35:22.587 [39mDEBUG[0;39m [main][N/A] [36morg.springframework.data.convert.CustomConversions[0;39m - Adding converter from class java.lang.String to class java.time.Duration as reading converter
2026-05-21  10:35:22.587 [39mDEBUG[0;39m [main][N/A] [36morg.springframework.data.convert.CustomConversions[0;39m - Adding converter from class java.time.Period to class java.lang.String as writing converter
2026-05-21  10:35:22.587 [39mDEBUG[0;39m [main][N/A] [36morg.springframework.data.convert.CustomConversions[0;39m - Adding converter from class java.lang.String to class java.time.Period as reading converter
2026-05-21  10:35:22.587 [39mDEBUG[0;39m [main][N/A] [36morg.springframework.data.convert.CustomConversions[0;39m - Adding converter from class java.lang.String to class java.time.LocalDate as reading converter
2026-05-21  10:35:22.587 [39mDEBUG[0;39m [main][N/A] [36morg.springframework.data.convert.CustomConversions[0;39m - Adding converter from class java.lang.String to class java.time.LocalDateTime as reading converter
2026-05-21  10:35:22.587 [39mDEBUG[0;39m [main][N/A] [36morg.springframework.data.convert.CustomConversions[0;39m - Adding converter from class java.lang.String to class java.time.Instant as reading converter
2026-05-21  10:35:22.589 [39mDEBUG[0;39m [main][N/A] [36morg.springframework.data.convert.CustomConversions[0;39m - Adding converter from class java.lang.String to class [B as writing converter
2026-05-21  10:35:22.589 [39mDEBUG[0;39m [main][N/A] [36morg.springframework.data.convert.CustomConversions[0;39m - Adding converter from class [B to class java.lang.String as reading converter
2026-05-21  10:35:22.589 [39mDEBUG[0;39m [main][N/A] [36morg.springframework.data.convert.CustomConversions[0;39m - Adding converter from class java.lang.Number to class [B as writing converter
2026-05-21  10:35:22.589 [39mDEBUG[0;39m [main][N/A] [36morg.springframework.data.convert.CustomConversions[0;39m - Adding converter from class [B to class java.lang.Number as reading converter
2026-05-21  10:35:22.589 [39mDEBUG[0;39m [main][N/A] [36morg.springframework.data.convert.CustomConversions[0;39m - Adding converter from class java.lang.Enum to class [B as writing converter
2026-05-21  10:35:22.589 [39mDEBUG[0;39m [main][N/A] [36morg.springframework.data.convert.CustomConversions[0;39m - Adding converter from class [B to class java.lang.Enum as reading converter
2026-05-21  10:35:22.589 [39mDEBUG[0;39m [main][N/A] [36morg.springframework.data.convert.CustomConversions[0;39m - Adding converter from class java.lang.Boolean to class [B as writing converter
2026-05-21  10:35:22.589 [39mDEBUG[0;39m [main][N/A] [36morg.springframework.data.convert.CustomConversions[0;39m - Adding converter from class [B to class java.lang.Boolean as reading converter
2026-05-21  10:35:22.589 [39mDEBUG[0;39m [main][N/A] [36morg.springframework.data.convert.CustomConversions[0;39m - Adding converter from class java.util.Date to class [B as writing converter
2026-05-21  10:35:22.589 [39mDEBUG[0;39m [main][N/A] [36morg.springframework.data.convert.CustomConversions[0;39m - Adding converter from class [B to class java.util.Date as reading converter
2026-05-21  10:35:22.589 [39mDEBUG[0;39m [main][N/A] [36morg.springframework.data.convert.CustomConversions[0;39m - Adding converter from class java.util.UUID to class [B as writing converter
2026-05-21  10:35:22.589 [39mDEBUG[0;39m [main][N/A] [36morg.springframework.data.convert.CustomConversions[0;39m - Adding converter from class [B to class java.util.UUID as reading converter
2026-05-21  10:35:22.589 [39mDEBUG[0;39m [main][N/A] [36morg.springframework.data.convert.CustomConversions[0;39m - Adding converter from class java.time.LocalDateTime to class [B as reading converter
2026-05-21  10:35:22.589 [39mDEBUG[0;39m [main][N/A] [36morg.springframework.data.convert.CustomConversions[0;39m - Adding converter from class [B to class java.time.LocalDateTime as reading converter
2026-05-21  10:35:22.589 [39mDEBUG[0;39m [main][N/A] [36morg.springframework.data.convert.CustomConversions[0;39m - Adding converter from class java.time.LocalDate to class [B as reading converter
2026-05-21  10:35:22.589 [39mDEBUG[0;39m [main][N/A] [36morg.springframework.data.convert.CustomConversions[0;39m - Adding converter from class [B to class java.time.LocalDate as reading converter
2026-05-21  10:35:22.589 [39mDEBUG[0;39m [main][N/A] [36morg.springframework.data.convert.CustomConversions[0;39m - Adding converter from class java.time.LocalTime to class [B as reading converter
2026-05-21  10:35:22.589 [39mDEBUG[0;39m [main][N/A] [36morg.springframework.data.convert.CustomConversions[0;39m - Adding converter from class [B to class java.time.LocalTime as reading converter
2026-05-21  10:35:22.589 [39mDEBUG[0;39m [main][N/A] [36morg.springframework.data.convert.CustomConversions[0;39m - Adding converter from class java.time.ZonedDateTime to class [B as reading converter
2026-05-21  10:35:22.589 [39mDEBUG[0;39m [main][N/A] [36morg.springframework.data.convert.CustomConversions[0;39m - Adding converter from class [B to class java.time.ZonedDateTime as reading converter
2026-05-21  10:35:22.589 [39mDEBUG[0;39m [main][N/A] [36morg.springframework.data.convert.CustomConversions[0;39m - Adding converter from class java.time.Instant to class [B as reading converter
2026-05-21  10:35:22.589 [39mDEBUG[0;39m [main][N/A] [36morg.springframework.data.convert.CustomConversions[0;39m - Adding converter from class [B to class java.time.Instant as reading converter
2026-05-21  10:35:22.589 [39mDEBUG[0;39m [main][N/A] [36morg.springframework.data.convert.CustomConversions[0;39m - Adding converter from class java.time.ZoneId to class [B as reading converter
2026-05-21  10:35:22.589 [39mDEBUG[0;39m [main][N/A] [36morg.springframework.data.convert.CustomConversions[0;39m - Adding converter from class [B to class java.time.ZoneId as reading converter
2026-05-21  10:35:22.589 [39mDEBUG[0;39m [main][N/A] [36morg.springframework.data.convert.CustomConversions[0;39m - Adding converter from class java.time.Period to class [B as reading converter
2026-05-21  10:35:22.589 [39mDEBUG[0;39m [main][N/A] [36morg.springframework.data.convert.CustomConversions[0;39m - Adding converter from class [B to class java.time.Period as reading converter
2026-05-21  10:35:22.589 [39mDEBUG[0;39m [main][N/A] [36morg.springframework.data.convert.CustomConversions[0;39m - Adding converter from class java.time.Duration to class [B as reading converter
2026-05-21  10:35:22.589 [39mDEBUG[0;39m [main][N/A] [36morg.springframework.data.convert.CustomConversions[0;39m - Adding converter from class [B to class java.time.Duration as reading converter
2026-05-21  10:35:22.589 [39mDEBUG[0;39m [main][N/A] [36morg.springframework.data.convert.CustomConversions[0;39m - Adding converter from class java.time.OffsetDateTime to class [B as reading converter
2026-05-21  10:35:22.589 [39mDEBUG[0;39m [main][N/A] [36morg.springframework.data.convert.CustomConversions[0;39m - Adding converter from class [B to class java.time.OffsetDateTime as reading converter
2026-05-21  10:35:22.589 [39mDEBUG[0;39m [main][N/A] [36morg.springframework.data.convert.CustomConversions[0;39m - Adding converter from class java.time.OffsetTime to class [B as reading converter
2026-05-21  10:35:22.589 [39mDEBUG[0;39m [main][N/A] [36morg.springframework.data.convert.CustomConversions[0;39m - Adding converter from class [B to class java.time.OffsetTime as reading converter
2026-05-21  10:35:22.589 [39mDEBUG[0;39m [main][N/A] [36morg.springframework.data.convert.CustomConversions[0;39m - Adding converter from class java.util.Date to class java.time.LocalDateTime as reading converter
2026-05-21  10:35:22.589 [39mDEBUG[0;39m [main][N/A] [36morg.springframework.data.convert.CustomConversions[0;39m - Adding converter from class java.time.LocalDateTime to class java.util.Date as writing converter
2026-05-21  10:35:22.589 [39mDEBUG[0;39m [main][N/A] [36morg.springframework.data.convert.CustomConversions[0;39m - Adding converter from class java.util.Date to class java.time.LocalDate as reading converter
2026-05-21  10:35:22.589 [39mDEBUG[0;39m [main][N/A] [36morg.springframework.data.convert.CustomConversions[0;39m - Adding converter from class java.time.LocalDate to class java.util.Date as writing converter
2026-05-21  10:35:22.589 [39mDEBUG[0;39m [main][N/A] [36morg.springframework.data.convert.CustomConversions[0;39m - Adding converter from class java.util.Date to class java.time.LocalTime as reading converter
2026-05-21  10:35:22.589 [39mDEBUG[0;39m [main][N/A] [36morg.springframework.data.convert.CustomConversions[0;39m - Adding converter from class java.time.LocalTime to class java.util.Date as writing converter
2026-05-21  10:35:22.589 [39mDEBUG[0;39m [main][N/A] [36morg.springframework.data.convert.CustomConversions[0;39m - Adding converter from class java.util.Date to class java.time.Instant as reading converter
2026-05-21  10:35:22.589 [39mDEBUG[0;39m [main][N/A] [36morg.springframework.data.convert.CustomConversions[0;39m - Adding converter from class java.time.Instant to class java.util.Date as writing converter
2026-05-21  10:35:22.589 [39mDEBUG[0;39m [main][N/A] [36morg.springframework.data.convert.CustomConversions[0;39m - Adding converter from class java.time.LocalDateTime to class java.time.Instant as reading converter
2026-05-21  10:35:22.589 [39mDEBUG[0;39m [main][N/A] [36morg.springframework.data.convert.CustomConversions[0;39m - Adding converter from class java.time.Instant to class java.time.LocalDateTime as reading converter
2026-05-21  10:35:22.589 [39mDEBUG[0;39m [main][N/A] [36morg.springframework.data.convert.CustomConversions[0;39m - Adding converter from class java.time.ZoneId to class java.lang.String as writing converter
2026-05-21  10:35:22.589 [39mDEBUG[0;39m [main][N/A] [36morg.springframework.data.convert.CustomConversions[0;39m - Adding converter from class java.lang.String to class java.time.ZoneId as reading converter
2026-05-21  10:35:22.589 [39mDEBUG[0;39m [main][N/A] [36morg.springframework.data.convert.CustomConversions[0;39m - Adding converter from class java.time.Duration to class java.lang.String as writing converter
2026-05-21  10:35:22.589 [39mDEBUG[0;39m [main][N/A] [36morg.springframework.data.convert.CustomConversions[0;39m - Adding converter from class java.lang.String to class java.time.Duration as reading converter
2026-05-21  10:35:22.589 [39mDEBUG[0;39m [main][N/A] [36morg.springframework.data.convert.CustomConversions[0;39m - Adding converter from class java.time.Period to class java.lang.String as writing converter
2026-05-21  10:35:22.589 [39mDEBUG[0;39m [main][N/A] [36morg.springframework.data.convert.CustomConversions[0;39m - Adding converter from class java.lang.String to class java.time.Period as reading converter
2026-05-21  10:35:22.589 [39mDEBUG[0;39m [main][N/A] [36morg.springframework.data.convert.CustomConversions[0;39m - Adding converter from class java.lang.String to class java.time.LocalDate as reading converter
2026-05-21  10:35:22.589 [39mDEBUG[0;39m [main][N/A] [36morg.springframework.data.convert.CustomConversions[0;39m - Adding converter from class java.lang.String to class java.time.LocalDateTime as reading converter
2026-05-21  10:35:22.589 [39mDEBUG[0;39m [main][N/A] [36morg.springframework.data.convert.CustomConversions[0;39m - Adding converter from class java.lang.String to class java.time.Instant as reading converter
2026-05-21  10:35:22.593 [39mDEBUG[0;39m [main][N/A] [36morg.springframework.data.convert.CustomConversions[0;39m - Adding converter from class java.lang.String to class [B as writing converter
2026-05-21  10:35:22.593 [39mDEBUG[0;39m [main][N/A] [36morg.springframework.data.convert.CustomConversions[0;39m - Adding converter from class [B to class java.lang.String as reading converter
2026-05-21  10:35:22.593 [39mDEBUG[0;39m [main][N/A] [36morg.springframework.data.convert.CustomConversions[0;39m - Adding converter from class java.lang.Number to class [B as writing converter
2026-05-21  10:35:22.593 [39mDEBUG[0;39m [main][N/A] [36morg.springframework.data.convert.CustomConversions[0;39m - Adding converter from class [B to class java.lang.Number as reading converter
2026-05-21  10:35:22.593 [39mDEBUG[0;39m [main][N/A] [36morg.springframework.data.convert.CustomConversions[0;39m - Adding converter from class java.lang.Enum to class [B as writing converter
2026-05-21  10:35:22.593 [39mDEBUG[0;39m [main][N/A] [36morg.springframework.data.convert.CustomConversions[0;39m - Adding converter from class [B to class java.lang.Enum as reading converter
2026-05-21  10:35:22.593 [39mDEBUG[0;39m [main][N/A] [36morg.springframework.data.convert.CustomConversions[0;39m - Adding converter from class java.lang.Boolean to class [B as writing converter
2026-05-21  10:35:22.593 [39mDEBUG[0;39m [main][N/A] [36morg.springframework.data.convert.CustomConversions[0;39m - Adding converter from class [B to class java.lang.Boolean as reading converter
2026-05-21  10:35:22.593 [39mDEBUG[0;39m [main][N/A] [36morg.springframework.data.convert.CustomConversions[0;39m - Adding converter from class java.util.Date to class [B as writing converter
2026-05-21  10:35:22.593 [39mDEBUG[0;39m [main][N/A] [36morg.springframework.data.convert.CustomConversions[0;39m - Adding converter from class [B to class java.util.Date as reading converter
2026-05-21  10:35:22.593 [39mDEBUG[0;39m [main][N/A] [36morg.springframework.data.convert.CustomConversions[0;39m - Adding converter from class java.util.UUID to class [B as writing converter
2026-05-21  10:35:22.593 [39mDEBUG[0;39m [main][N/A] [36morg.springframework.data.convert.CustomConversions[0;39m - Adding converter from class [B to class java.util.UUID as reading converter
2026-05-21  10:35:22.593 [39mDEBUG[0;39m [main][N/A] [36morg.springframework.data.convert.CustomConversions[0;39m - Adding converter from class java.time.LocalDateTime to class [B as reading converter
2026-05-21  10:35:22.593 [39mDEBUG[0;39m [main][N/A] [36morg.springframework.data.convert.CustomConversions[0;39m - Adding converter from class [B to class java.time.LocalDateTime as reading converter
2026-05-21  10:35:22.593 [39mDEBUG[0;39m [main][N/A] [36morg.springframework.data.convert.CustomConversions[0;39m - Adding converter from class java.time.LocalDate to class [B as reading converter
2026-05-21  10:35:22.593 [39mDEBUG[0;39m [main][N/A] [36morg.springframework.data.convert.CustomConversions[0;39m - Adding converter from class [B to class java.time.LocalDate as reading converter
2026-05-21  10:35:22.593 [39mDEBUG[0;39m [main][N/A] [36morg.springframework.data.convert.CustomConversions[0;39m - Adding converter from class java.time.LocalTime to class [B as reading converter
2026-05-21  10:35:22.593 [39mDEBUG[0;39m [main][N/A] [36morg.springframework.data.convert.CustomConversions[0;39m - Adding converter from class [B to class java.time.LocalTime as reading converter
2026-05-21  10:35:22.593 [39mDEBUG[0;39m [main][N/A] [36morg.springframework.data.convert.CustomConversions[0;39m - Adding converter from class java.time.ZonedDateTime to class [B as reading converter
2026-05-21  10:35:22.593 [39mDEBUG[0;39m [main][N/A] [36morg.springframework.data.convert.CustomConversions[0;39m - Adding converter from class [B to class java.time.ZonedDateTime as reading converter
2026-05-21  10:35:22.593 [39mDEBUG[0;39m [main][N/A] [36morg.springframework.data.convert.CustomConversions[0;39m - Adding converter from class java.time.Instant to class [B as reading converter
2026-05-21  10:35:22.593 [39mDEBUG[0;39m [main][N/A] [36morg.springframework.data.convert.CustomConversions[0;39m - Adding converter from class [B to class java.time.Instant as reading converter
2026-05-21  10:35:22.594 [39mDEBUG[0;39m [main][N/A] [36morg.springframework.data.convert.CustomConversions[0;39m - Adding converter from class java.time.ZoneId to class [B as reading converter
2026-05-21  10:35:22.594 [39mDEBUG[0;39m [main][N/A] [36morg.springframework.data.convert.CustomConversions[0;39m - Adding converter from class [B to class java.time.ZoneId as reading converter
2026-05-21  10:35:22.594 [39mDEBUG[0;39m [main][N/A] [36morg.springframework.data.convert.CustomConversions[0;39m - Adding converter from class java.time.Period to class [B as reading converter
2026-05-21  10:35:22.594 [39mDEBUG[0;39m [main][N/A] [36morg.springframework.data.convert.CustomConversions[0;39m - Adding converter from class [B to class java.time.Period as reading converter
2026-05-21  10:35:22.594 [39mDEBUG[0;39m [main][N/A] [36morg.springframework.data.convert.CustomConversions[0;39m - Adding converter from class java.time.Duration to class [B as reading converter
2026-05-21  10:35:22.594 [39mDEBUG[0;39m [main][N/A] [36morg.springframework.data.convert.CustomConversions[0;39m - Adding converter from class [B to class java.time.Duration as reading converter
2026-05-21  10:35:22.594 [39mDEBUG[0;39m [main][N/A] [36morg.springframework.data.convert.CustomConversions[0;39m - Adding converter from class java.time.OffsetDateTime to class [B as reading converter
2026-05-21  10:35:22.594 [39mDEBUG[0;39m [main][N/A] [36morg.springframework.data.convert.CustomConversions[0;39m - Adding converter from class [B to class java.time.OffsetDateTime as reading converter
2026-05-21  10:35:22.594 [39mDEBUG[0;39m [main][N/A] [36morg.springframework.data.convert.CustomConversions[0;39m - Adding converter from class java.time.OffsetTime to class [B as reading converter
2026-05-21  10:35:22.594 [39mDEBUG[0;39m [main][N/A] [36morg.springframework.data.convert.CustomConversions[0;39m - Adding converter from class [B to class java.time.OffsetTime as reading converter
2026-05-21  10:35:22.594 [39mDEBUG[0;39m [main][N/A] [36morg.springframework.data.convert.CustomConversions[0;39m - Adding converter from class java.util.Date to class java.time.LocalDateTime as reading converter
2026-05-21  10:35:22.594 [39mDEBUG[0;39m [main][N/A] [36morg.springframework.data.convert.CustomConversions[0;39m - Adding converter from class java.time.LocalDateTime to class java.util.Date as writing converter
2026-05-21  10:35:22.594 [39mDEBUG[0;39m [main][N/A] [36morg.springframework.data.convert.CustomConversions[0;39m - Adding converter from class java.util.Date to class java.time.LocalDate as reading converter
2026-05-21  10:35:22.594 [39mDEBUG[0;39m [main][N/A] [36morg.springframework.data.convert.CustomConversions[0;39m - Adding converter from class java.time.LocalDate to class java.util.Date as writing converter
2026-05-21  10:35:22.594 [39mDEBUG[0;39m [main][N/A] [36morg.springframework.data.convert.CustomConversions[0;39m - Adding converter from class java.util.Date to class java.time.LocalTime as reading converter
2026-05-21  10:35:22.594 [39mDEBUG[0;39m [main][N/A] [36morg.springframework.data.convert.CustomConversions[0;39m - Adding converter from class java.time.LocalTime to class java.util.Date as writing converter
2026-05-21  10:35:22.594 [39mDEBUG[0;39m [main][N/A] [36morg.springframework.data.convert.CustomConversions[0;39m - Adding converter from class java.util.Date to class java.time.Instant as reading converter
2026-05-21  10:35:22.594 [39mDEBUG[0;39m [main][N/A] [36morg.springframework.data.convert.CustomConversions[0;39m - Adding converter from class java.time.Instant to class java.util.Date as writing converter
2026-05-21  10:35:22.594 [39mDEBUG[0;39m [main][N/A] [36morg.springframework.data.convert.CustomConversions[0;39m - Adding converter from class java.time.LocalDateTime to class java.time.Instant as reading converter
2026-05-21  10:35:22.594 [39mDEBUG[0;39m [main][N/A] [36morg.springframework.data.convert.CustomConversions[0;39m - Adding converter from class java.time.Instant to class java.time.LocalDateTime as reading converter
2026-05-21  10:35:22.594 [39mDEBUG[0;39m [main][N/A] [36morg.springframework.data.convert.CustomConversions[0;39m - Adding converter from class java.time.ZoneId to class java.lang.String as writing converter
2026-05-21  10:35:22.594 [39mDEBUG[0;39m [main][N/A] [36morg.springframework.data.convert.CustomConversions[0;39m - Adding converter from class java.lang.String to class java.time.ZoneId as reading converter
2026-05-21  10:35:22.594 [39mDEBUG[0;39m [main][N/A] [36morg.springframework.data.convert.CustomConversions[0;39m - Adding converter from class java.time.Duration to class java.lang.String as writing converter
2026-05-21  10:35:22.594 [39mDEBUG[0;39m [main][N/A] [36morg.springframework.data.convert.CustomConversions[0;39m - Adding converter from class java.lang.String to class java.time.Duration as reading converter
2026-05-21  10:35:22.594 [39mDEBUG[0;39m [main][N/A] [36morg.springframework.data.convert.CustomConversions[0;39m - Adding converter from class java.time.Period to class java.lang.String as writing converter
2026-05-21  10:35:22.594 [39mDEBUG[0;39m [main][N/A] [36morg.springframework.data.convert.CustomConversions[0;39m - Adding converter from class java.lang.String to class java.time.Period as reading converter
2026-05-21  10:35:22.594 [39mDEBUG[0;39m [main][N/A] [36morg.springframework.data.convert.CustomConversions[0;39m - Adding converter from class java.lang.String to class java.time.LocalDate as reading converter
2026-05-21  10:35:22.594 [39mDEBUG[0;39m [main][N/A] [36morg.springframework.data.convert.CustomConversions[0;39m - Adding converter from class java.lang.String to class java.time.LocalDateTime as reading converter
2026-05-21  10:35:22.594 [39mDEBUG[0;39m [main][N/A] [36morg.springframework.data.convert.CustomConversions[0;39m - Adding converter from class java.lang.String to class java.time.Instant as reading converter
2026-05-21  10:35:22.603 [39mDEBUG[0;39m [main][N/A] [36morg.springframework.beans.factory.support.DefaultListableBeanFactory[0;39m - Creating shared instance of singleton bean 'jwtTokenCustomizer'
2026-05-21  10:35:22.604 [39mDEBUG[0;39m [main][N/A] [36morg.springframework.beans.factory.support.DefaultListableBeanFactory[0;39m - Creating shared instance of singleton bean 'redisOAuth2AuthorizationService'
2026-05-21  10:35:22.604 [39mDEBUG[0;39m [main][N/A] [36morg.springframework.beans.factory.support.DefaultListableBeanFactory[0;39m - Creating shared instance of singleton bean 'securityConfig'
2026-05-21  10:35:22.604 [39mDEBUG[0;39m [main][N/A] [36morg.springframework.beans.factory.support.DefaultListableBeanFactory[0;39m - Creating shared instance of singleton bean 'jwkSource'
2026-05-21  10:35:22.612 [39mDEBUG[0;39m [main][N/A] [36morg.springframework.beans.factory.support.DefaultListableBeanFactory[0;39m - Creating shared instance of singleton bean 'userDetailsServiceImpl'
2026-05-21  10:35:22.613 [39mDEBUG[0;39m [main][N/A] [36morg.springframework.beans.factory.support.DefaultListableBeanFactory[0;39m - Creating shared instance of singleton bean 'userMapper'
2026-05-21  10:35:22.614 [39mDEBUG[0;39m [main][N/A] [36morg.springframework.beans.factory.support.DefaultListableBeanFactory[0;39m - Creating shared instance of singleton bean 'sqlSessionFactory'
2026-05-21  10:35:22.614 [39mDEBUG[0;39m [main][N/A] [36morg.springframework.beans.factory.support.DefaultListableBeanFactory[0;39m - Creating shared instance of singleton bean 'com.baomidou.mybatisplus.autoconfigure.MybatisPlusAutoConfiguration'
2026-05-21  10:35:22.614 [39mDEBUG[0;39m [main][N/A] [36morg.springframework.beans.factory.support.DefaultListableBeanFactory[0;39m - Creating shared instance of singleton bean 'mybatis-plus-com.baomidou.mybatisplus.autoconfigure.MybatisPlusProperties'
2026-05-21  10:35:22.629 [39mDEBUG[0;39m [main][N/A] [36morg.springframework.beans.factory.support.DefaultListableBeanFactory[0;39m - Autowiring by type from bean name 'com.baomidou.mybatisplus.autoconfigure.MybatisPlusAutoConfiguration' via constructor to bean named 'mybatis-plus-com.baomidou.mybatisplus.autoconfigure.MybatisPlusProperties'
2026-05-21  10:35:22.629 [39mDEBUG[0;39m [main][N/A] [36morg.springframework.beans.factory.support.DefaultListableBeanFactory[0;39m - Autowiring by type from bean name 'com.baomidou.mybatisplus.autoconfigure.MybatisPlusAutoConfiguration' via constructor to bean named 'org.springframework.boot.web.servlet.context.AnnotationConfigServletWebServerApplicationContext@777c9dc9'
2026-05-21  10:35:22.629 [39mDEBUG[0;39m [main][N/A] [36morg.springframework.beans.factory.support.DefaultListableBeanFactory[0;39m - Creating shared instance of singleton bean 'mybatisPlusInterceptor'
2026-05-21  10:35:22.634 [39mDEBUG[0;39m [main][N/A] [36morg.springframework.beans.factory.support.DefaultListableBeanFactory[0;39m - Creating shared instance of singleton bean 'dataSource'
2026-05-21  10:35:22.634 [39mDEBUG[0;39m [main][N/A] [36morg.springframework.beans.factory.support.DefaultListableBeanFactory[0;39m - Creating shared instance of singleton bean 'com.alibaba.druid.spring.boot3.autoconfigure.DruidDataSourceAutoConfigure'
2026-05-21  10:35:22.634 [34mINFO [0;39m [main][N/A] [36mcom.alibaba.druid.spring.boot3.autoconfigure.DruidDataSourceAutoConfigure[0;39m - Init DruidDataSource
2026-05-21  10:35:22.655 [39mDEBUG[0;39m [main][N/A] [36morg.springframework.beans.factory.support.DefaultListableBeanFactory[0;39m - Creating shared instance of singleton bean 'spring.datasource-org.springframework.boot.autoconfigure.jdbc.DataSourceProperties'
2026-05-21  10:35:22.689 [34mINFO [0;39m [main][N/A] [36mcom.alibaba.druid.pool.DruidDataSource[0;39m - {dataSource-1} inited
2026-05-21  10:35:22.693 [39mDEBUG[0;39m [main][N/A] [36morg.springframework.beans.factory.support.DefaultListableBeanFactory[0;39m - Autowiring by type from bean name 'sqlSessionFactory' via factory method to bean named 'dataSource'
2026-05-21  10:35:22.718 [39mDEBUG[0;39m [main][N/A] [36morg.springframework.beans.factory.support.DefaultListableBeanFactory[0;39m - Creating shared instance of singleton bean 'defaultMetaObjectHandler'
2026-05-21  10:35:22.723 [39mDEBUG[0;39m [main][N/A] [36mcom.baomidou.mybatisplus.extension.spring.MybatisSqlSessionFactoryBean[0;39m - Registered plugin: 'MybatisPlusInterceptor{interceptors=[PaginationInnerInterceptor(logger=org.apache.ibatis.logging.slf4j.Slf4jImpl@396c1228, overflow=false, maxLimit=null, dbType=MYSQL, dialect=null, optimizeJoin=true)]}'
2026-05-21  10:35:22.723 [39mDEBUG[0;39m [main][N/A] [36mcom.baomidou.mybatisplus.extension.spring.MybatisSqlSessionFactoryBean[0;39m - Property 'mapperLocations' was not specified.
2026-05-21  10:35:22.809 [39mDEBUG[0;39m [main][N/A] [36morg.springframework.beans.factory.support.DefaultListableBeanFactory[0;39m - Creating shared instance of singleton bean 'dataSourceScriptDatabaseInitializer'
2026-05-21  10:35:22.810 [39mDEBUG[0;39m [main][N/A] [36morg.springframework.beans.factory.support.DefaultListableBeanFactory[0;39m - Creating shared instance of singleton bean 'org.springframework.boot.autoconfigure.sql.init.DataSourceInitializationConfiguration'
2026-05-21  10:35:22.810 [39mDEBUG[0;39m [main][N/A] [36morg.springframework.beans.factory.support.DefaultListableBeanFactory[0;39m - Creating shared instance of singleton bean 'spring.sql.init-org.springframework.boot.autoconfigure.sql.init.SqlInitializationProperties'
2026-05-21  10:35:22.812 [39mDEBUG[0;39m [main][N/A] [36morg.springframework.beans.factory.support.DefaultListableBeanFactory[0;39m - Autowiring by type from bean name 'dataSourceScriptDatabaseInitializer' via factory method to bean named 'dataSource'
2026-05-21  10:35:22.812 [39mDEBUG[0;39m [main][N/A] [36morg.springframework.beans.factory.support.DefaultListableBeanFactory[0;39m - Autowiring by type from bean name 'dataSourceScriptDatabaseInitializer' via factory method to bean named 'spring.sql.init-org.springframework.boot.autoconfigure.sql.init.SqlInitializationProperties'
2026-05-21  10:35:22.814 [39mDEBUG[0;39m [main][N/A] [36morg.springframework.beans.factory.support.DefaultListableBeanFactory[0;39m - Creating shared instance of singleton bean 'sqlSessionTemplate'
2026-05-21  10:35:22.814 [39mDEBUG[0;39m [main][N/A] [36morg.springframework.beans.factory.support.DefaultListableBeanFactory[0;39m - Autowiring by type from bean name 'sqlSessionTemplate' via factory method to bean named 'sqlSessionFactory'
2026-05-21  10:35:22.895 [39mDEBUG[0;39m [main][N/A] [36morg.springframework.beans.factory.support.DefaultListableBeanFactory[0;39m - Creating shared instance of singleton bean 'adminTokenController'
2026-05-21  10:35:22.896 [39mDEBUG[0;39m [main][N/A] [36morg.springframework.beans.factory.support.DefaultListableBeanFactory[0;39m - Creating shared instance of singleton bean 'tokenUsageServiceImpl'
2026-05-21  10:35:22.897 [39mDEBUG[0;39m [main][N/A] [36morg.springframework.beans.factory.support.DefaultListableBeanFactory[0;39m - Creating shared instance of singleton bean 'tyy-properties-com.ai.system.config.properties.TyyProperties'
2026-05-21  10:35:22.897 [39mDEBUG[0;39m [main][N/A] [36morg.springframework.beans.factory.support.DefaultListableBeanFactory[0;39m - Creating shared instance of singleton bean 'tyySignUtil'
2026-05-21  10:35:22.898 [39mDEBUG[0;39m [main][N/A] [36morg.springframework.beans.factory.support.DefaultListableBeanFactory[0;39m - Creating shared instance of singleton bean 'apiKeyMapper'
2026-05-21  10:35:22.909 [39mDEBUG[0;39m [main][N/A] [36morg.springframework.beans.factory.support.DefaultListableBeanFactory[0;39m - Creating shared instance of singleton bean 'adminApiKeyController'
2026-05-21  10:35:22.911 [39mDEBUG[0;39m [main][N/A] [36morg.springframework.beans.factory.support.DefaultListableBeanFactory[0;39m - Creating shared instance of singleton bean 'apiKeyServiceImpl'
2026-05-21  10:35:22.914 [39mDEBUG[0;39m [main][N/A] [36morg.springframework.beans.factory.support.DefaultListableBeanFactory[0;39m - Creating shared instance of singleton bean 'modelMapper'
2026-05-21  10:35:22.922 [39mDEBUG[0;39m [main][N/A] [36morg.springframework.beans.factory.support.DefaultListableBeanFactory[0;39m - Creating shared instance of singleton bean 'userApiKeyController'
2026-05-21  10:35:22.922 [39mDEBUG[0;39m [main][N/A] [36morg.springframework.beans.factory.support.DefaultListableBeanFactory[0;39m - Creating shared instance of singleton bean 'authController'
2026-05-21  10:35:22.923 [39mDEBUG[0;39m [main][N/A] [36morg.springframework.beans.factory.support.DefaultListableBeanFactory[0;39m - Creating shared instance of singleton bean 'authServiceImpl'
2026-05-21  10:35:22.924 [39mDEBUG[0;39m [main][N/A] [36morg.springframework.beans.factory.support.DefaultListableBeanFactory[0;39m - Creating shared instance of singleton bean 'authenticationManager'
2026-05-21  10:35:22.924 [39mDEBUG[0;39m [main][N/A] [36morg.springframework.beans.factory.support.DefaultListableBeanFactory[0;39m - Creating shared instance of singleton bean 'org.springframework.security.config.annotation.authentication.configuration.AuthenticationConfiguration'
2026-05-21  10:35:22.925 [39mDEBUG[0;39m [main][N/A] [36morg.springframework.beans.factory.support.DefaultListableBeanFactory[0;39m - Creating shared instance of singleton bean 'enableGlobalAuthenticationAutowiredConfigurer'
2026-05-21  10:35:22.925 [39mDEBUG[0;39m [main][N/A] [36morg.springframework.beans.factory.support.DefaultListableBeanFactory[0;39m - Autowiring by type from bean name 'enableGlobalAuthenticationAutowiredConfigurer' via factory method to bean named 'org.springframework.boot.web.servlet.context.AnnotationConfigServletWebServerApplicationContext@777c9dc9'
2026-05-21  10:35:22.926 [39mDEBUG[0;39m [main][N/A] [36morg.springframework.beans.factory.support.DefaultListableBeanFactory[0;39m - Creating shared instance of singleton bean 'initializeUserDetailsBeanManagerConfigurer'
2026-05-21  10:35:22.926 [39mDEBUG[0;39m [main][N/A] [36morg.springframework.beans.factory.support.DefaultListableBeanFactory[0;39m - Autowiring by type from bean name 'initializeUserDetailsBeanManagerConfigurer' via factory method to bean named 'org.springframework.boot.web.servlet.context.AnnotationConfigServletWebServerApplicationContext@777c9dc9'
2026-05-21  10:35:22.926 [39mDEBUG[0;39m [main][N/A] [36morg.springframework.beans.factory.support.DefaultListableBeanFactory[0;39m - Creating shared instance of singleton bean 'initializeAuthenticationProviderBeanManagerConfigurer'
2026-05-21  10:35:22.926 [39mDEBUG[0;39m [main][N/A] [36morg.springframework.beans.factory.support.DefaultListableBeanFactory[0;39m - Autowiring by type from bean name 'initializeAuthenticationProviderBeanManagerConfigurer' via factory method to bean named 'org.springframework.boot.web.servlet.context.AnnotationConfigServletWebServerApplicationContext@777c9dc9'
2026-05-21  10:35:22.927 [39mDEBUG[0;39m [main][N/A] [36morg.springframework.beans.factory.support.DefaultListableBeanFactory[0;39m - Creating shared instance of singleton bean 'objectPostProcessor'
2026-05-21  10:35:22.927 [39mDEBUG[0;39m [main][N/A] [36morg.springframework.beans.factory.support.DefaultListableBeanFactory[0;39m - Creating shared instance of singleton bean 'org.springframework.security.config.annotation.configuration.ObjectPostProcessorConfiguration'
2026-05-21  10:35:22.927 [39mDEBUG[0;39m [main][N/A] [36morg.springframework.beans.factory.support.DefaultListableBeanFactory[0;39m - Autowiring by type from bean name 'objectPostProcessor' via factory method to bean named 'org.springframework.beans.factory.support.DefaultListableBeanFactory@1dab9dd6'
2026-05-21  10:35:22.928 [39mDEBUG[0;39m [main][N/A] [36morg.springframework.beans.factory.support.DefaultListableBeanFactory[0;39m - Autowiring by type from bean name 'authenticationManager' via factory method to bean named 'org.springframework.security.config.annotation.authentication.configuration.AuthenticationConfiguration'
2026-05-21  10:35:22.928 [39mDEBUG[0;39m [main][N/A] [36morg.springframework.beans.factory.support.DefaultListableBeanFactory[0;39m - Creating shared instance of singleton bean 'authenticationManagerBuilder'
2026-05-21  10:35:22.928 [39mDEBUG[0;39m [main][N/A] [36morg.springframework.beans.factory.support.DefaultListableBeanFactory[0;39m - Autowiring by type from bean name 'authenticationManagerBuilder' via factory method to bean named 'objectPostProcessor'
2026-05-21  10:35:22.928 [39mDEBUG[0;39m [main][N/A] [36morg.springframework.beans.factory.support.DefaultListableBeanFactory[0;39m - Autowiring by type from bean name 'authenticationManagerBuilder' via factory method to bean named 'org.springframework.boot.web.servlet.context.AnnotationConfigServletWebServerApplicationContext@777c9dc9'
2026-05-21  10:35:22.928 [39mDEBUG[0;39m [main][N/A] [36morg.springframework.beans.factory.support.DefaultListableBeanFactory[0;39m - Creating shared instance of singleton bean 'authenticationEventPublisher'
2026-05-21  10:35:22.928 [39mDEBUG[0;39m [main][N/A] [36morg.springframework.beans.factory.support.DefaultListableBeanFactory[0;39m - Creating shared instance of singleton bean 'org.springframework.boot.autoconfigure.security.servlet.SecurityAutoConfiguration'
2026-05-21  10:35:22.928 [39mDEBUG[0;39m [main][N/A] [36morg.springframework.beans.factory.support.DefaultListableBeanFactory[0;39m - Autowiring by type from bean name 'authenticationEventPublisher' via factory method to bean named 'org.springframework.boot.web.servlet.context.AnnotationConfigServletWebServerApplicationContext@777c9dc9'
2026-05-21  10:35:22.935 [39mDEBUG[0;39m [main][N/A] [36morg.springframework.beans.factory.support.DefaultListableBeanFactory[0;39m - Creating shared instance of singleton bean 'org.springframework.boot.autoconfigure.security.servlet.SpringBootWebSecurityConfiguration$WebSecurityEnablerConfiguration'
2026-05-21  10:35:22.937 [39mDEBUG[0;39m [main][N/A] [36morg.springframework.beans.factory.support.DefaultListableBeanFactory[0;39m - Creating shared instance of singleton bean 'passwordEncoder'
2026-05-21  10:35:22.940 [34mINFO [0;39m [main][N/A] [36mo.s.s.c.a.a.c.InitializeUserDetailsBeanManagerConfigurer$InitializeUserDetailsManagerConfigurer[0;39m - Global AuthenticationManager configured with UserDetailsService bean with name userDetailsServiceImpl
2026-05-21  10:35:22.941 [39mDEBUG[0;39m [main][N/A] [36morg.springframework.beans.factory.support.DefaultListableBeanFactory[0;39m - Creating shared instance of singleton bean 'registeredClientRepository'
2026-05-21  10:35:22.941 [39mDEBUG[0;39m [main][N/A] [36morg.springframework.beans.factory.support.DefaultListableBeanFactory[0;39m - Autowiring by type from bean name 'registeredClientRepository' via factory method to bean named 'passwordEncoder'
2026-05-21  10:35:23.051 [39mDEBUG[0;39m [main][N/A] [36morg.springframework.beans.factory.support.DefaultListableBeanFactory[0;39m - Creating shared instance of singleton bean 'tokenGenerator'
2026-05-21  10:35:23.052 [39mDEBUG[0;39m [main][N/A] [36morg.springframework.beans.factory.support.DefaultListableBeanFactory[0;39m - Creating shared instance of singleton bean 'jwtEncoder'
2026-05-21  10:35:23.052 [39mDEBUG[0;39m [main][N/A] [36morg.springframework.beans.factory.support.DefaultListableBeanFactory[0;39m - Autowiring by type from bean name 'jwtEncoder' via factory method to bean named 'jwkSource'
2026-05-21  10:35:23.059 [39mDEBUG[0;39m [main][N/A] [36morg.springframework.beans.factory.support.DefaultListableBeanFactory[0;39m - Autowiring by type from bean name 'tokenGenerator' via factory method to bean named 'jwtEncoder'
2026-05-21  10:35:23.059 [39mDEBUG[0;39m [main][N/A] [36morg.springframework.beans.factory.support.DefaultListableBeanFactory[0;39m - Autowiring by type from bean name 'tokenGenerator' via factory method to bean named 'jwtTokenCustomizer'
2026-05-21  10:35:23.061 [39mDEBUG[0;39m [main][N/A] [36morg.springframework.beans.factory.support.DefaultListableBeanFactory[0;39m - Creating shared instance of singleton bean 'authorizationServerSettings'
2026-05-21  10:35:23.062 [39mDEBUG[0;39m [main][N/A] [36morg.springframework.beans.factory.support.DefaultListableBeanFactory[0;39m - Creating shared instance of singleton bean 'userServiceImpl'
2026-05-21  10:35:23.062 [39mDEBUG[0;39m [main][N/A] [36morg.springframework.beans.factory.support.DefaultListableBeanFactory[0;39m - Creating shared instance of singleton bean 'mailUtil'
2026-05-21  10:35:23.062 [39mDEBUG[0;39m [main][N/A] [36morg.springframework.beans.factory.support.DefaultListableBeanFactory[0;39m - Creating shared instance of singleton bean 'mailSender'
2026-05-21  10:35:23.062 [39mDEBUG[0;39m [main][N/A] [36morg.springframework.beans.factory.support.DefaultListableBeanFactory[0;39m - Creating shared instance of singleton bean 'org.springframework.boot.autoconfigure.mail.MailSenderPropertiesConfiguration'
2026-05-21  10:35:23.063 [39mDEBUG[0;39m [main][N/A] [36morg.springframework.beans.factory.support.DefaultListableBeanFactory[0;39m - Creating shared instance of singleton bean 'spring.mail-org.springframework.boot.autoconfigure.mail.MailProperties'
2026-05-21  10:35:23.065 [39mDEBUG[0;39m [main][N/A] [36morg.springframework.beans.factory.support.DefaultListableBeanFactory[0;39m - Autowiring by type from bean name 'mailSender' via factory method to bean named 'spring.mail-org.springframework.boot.autoconfigure.mail.MailProperties'
2026-05-21  10:35:23.076 [39mDEBUG[0;39m [main][N/A] [36morg.springframework.beans.factory.support.DefaultListableBeanFactory[0;39m - Creating shared instance of singleton bean 'dashboardController'
2026-05-21  10:35:23.077 [39mDEBUG[0;39m [main][N/A] [36morg.springframework.beans.factory.support.DefaultListableBeanFactory[0;39m - Creating shared instance of singleton bean 'dashboardServiceImpl'
2026-05-21  10:35:23.078 [39mDEBUG[0;39m [main][N/A] [36morg.springframework.beans.factory.support.DefaultListableBeanFactory[0;39m - Creating shared instance of singleton bean 'userController'
2026-05-21  10:35:23.078 [39mDEBUG[0;39m [main][N/A] [36morg.springframework.beans.factory.support.DefaultListableBeanFactory[0;39m - Creating shared instance of singleton bean 'userTokenController'
2026-05-21  10:35:23.078 [39mDEBUG[0;39m [main][N/A] [36morg.springframework.beans.factory.support.DefaultListableBeanFactory[0;39m - Creating shared instance of singleton bean 'modelServiceImpl'
2026-05-21  10:35:23.079 [39mDEBUG[0;39m [main][N/A] [36morg.springframework.beans.factory.support.DefaultListableBeanFactory[0;39m - Creating shared instance of singleton bean 'authServerFilterChain'
2026-05-21  10:35:23.079 [39mDEBUG[0;39m [main][N/A] [36morg.springframework.beans.factory.support.DefaultListableBeanFactory[0;39m - Creating shared instance of singleton bean 'org.springframework.security.config.annotation.web.configuration.HttpSecurityConfiguration'
2026-05-21  10:35:23.082 [39mDEBUG[0;39m [main][N/A] [36morg.springframework.beans.factory.support.DefaultListableBeanFactory[0;39m - Creating shared instance of singleton bean 'mvcContentNegotiationManager'
2026-05-21  10:35:23.082 [39mDEBUG[0;39m [main][N/A] [36morg.springframework.beans.factory.support.DefaultListableBeanFactory[0;39m - Creating shared instance of singleton bean 'org.springframework.boot.autoconfigure.web.servlet.WebMvcAutoConfiguration$EnableWebMvcConfiguration'
2026-05-21  10:35:23.083 [39mDEBUG[0;39m [main][N/A] [36morg.springframework.beans.factory.support.DefaultListableBeanFactory[0;39m - Creating shared instance of singleton bean 'spring.web-org.springframework.boot.autoconfigure.web.WebProperties'
2026-05-21  10:35:23.084 [39mDEBUG[0;39m [main][N/A] [36morg.springframework.beans.factory.support.DefaultListableBeanFactory[0;39m - Autowiring by type from bean name 'org.springframework.boot.autoconfigure.web.servlet.WebMvcAutoConfiguration$EnableWebMvcConfiguration' via constructor to bean named 'spring.mvc-org.springframework.boot.autoconfigure.web.servlet.WebMvcProperties'
2026-05-21  10:35:23.084 [39mDEBUG[0;39m [main][N/A] [36morg.springframework.beans.factory.support.DefaultListableBeanFactory[0;39m - Autowiring by type from bean name 'org.springframework.boot.autoconfigure.web.servlet.WebMvcAutoConfiguration$EnableWebMvcConfiguration' via constructor to bean named 'spring.web-org.springframework.boot.autoconfigure.web.WebProperties'
2026-05-21  10:35:23.084 [39mDEBUG[0;39m [main][N/A] [36morg.springframework.beans.factory.support.DefaultListableBeanFactory[0;39m - Autowiring by type from bean name 'org.springframework.boot.autoconfigure.web.servlet.WebMvcAutoConfiguration$EnableWebMvcConfiguration' via constructor to bean named 'org.springframework.beans.factory.support.DefaultListableBeanFactory@1dab9dd6'
2026-05-21  10:35:23.085 [39mDEBUG[0;39m [main][N/A] [36morg.springframework.beans.factory.support.DefaultListableBeanFactory[0;39m - Creating shared instance of singleton bean 'org.springframework.boot.autoconfigure.web.servlet.WebMvcAutoConfiguration$WebMvcAutoConfigurationAdapter'
2026-05-21  10:35:23.086 [39mDEBUG[0;39m [main][N/A] [36morg.springframework.beans.factory.support.DefaultListableBeanFactory[0;39m - Autowiring by type from bean name 'org.springframework.boot.autoconfigure.web.servlet.WebMvcAutoConfiguration$WebMvcAutoConfigurationAdapter' via constructor to bean named 'spring.web-org.springframework.boot.autoconfigure.web.WebProperties'
2026-05-21  10:35:23.086 [39mDEBUG[0;39m [main][N/A] [36morg.springframework.beans.factory.support.DefaultListableBeanFactory[0;39m - Autowiring by type from bean name 'org.springframework.boot.autoconfigure.web.servlet.WebMvcAutoConfiguration$WebMvcAutoConfigurationAdapter' via constructor to bean named 'spring.mvc-org.springframework.boot.autoconfigure.web.servlet.WebMvcProperties'
2026-05-21  10:35:23.086 [39mDEBUG[0;39m [main][N/A] [36morg.springframework.beans.factory.support.DefaultListableBeanFactory[0;39m - Autowiring by type from bean name 'org.springframework.boot.autoconfigure.web.servlet.WebMvcAutoConfiguration$WebMvcAutoConfigurationAdapter' via constructor to bean named 'org.springframework.beans.factory.support.DefaultListableBeanFactory@1dab9dd6'
2026-05-21  10:35:23.086 [39mDEBUG[0;39m [main][N/A] [36morg.springframework.beans.factory.support.DefaultListableBeanFactory[0;39m - Creating shared instance of singleton bean 'swaggerWebMvcConfigurer'
2026-05-21  10:35:23.086 [39mDEBUG[0;39m [main][N/A] [36morg.springframework.beans.factory.support.DefaultListableBeanFactory[0;39m - Creating shared instance of singleton bean 'org.springdoc.webmvc.ui.SwaggerConfig'
2026-05-21  10:35:23.087 [39mDEBUG[0;39m [main][N/A] [36morg.springframework.beans.factory.support.DefaultListableBeanFactory[0;39m - Creating shared instance of singleton bean 'org.springdoc.core.properties.SwaggerUiConfigParameters'
2026-05-21  10:35:23.088 [39mDEBUG[0;39m [main][N/A] [36morg.springframework.beans.factory.support.DefaultListableBeanFactory[0;39m - Creating shared instance of singleton bean 'org.springdoc.core.properties.SwaggerUiConfigProperties'
2026-05-21  10:35:23.091 [39mDEBUG[0;39m [main][N/A] [36morg.springframework.beans.factory.support.DefaultListableBeanFactory[0;39m - Autowiring by type from bean name 'org.springdoc.core.properties.SwaggerUiConfigParameters' via constructor to bean named 'org.springdoc.core.properties.SwaggerUiConfigProperties'
2026-05-21  10:35:23.095 [39mDEBUG[0;39m [main][N/A] [36morg.springframework.beans.factory.support.DefaultListableBeanFactory[0;39m - Creating shared instance of singleton bean 'indexPageTransformer'
2026-05-21  10:35:23.095 [39mDEBUG[0;39m [main][N/A] [36morg.springframework.beans.factory.support.DefaultListableBeanFactory[0;39m - Creating shared instance of singleton bean 'org.springdoc.core.properties.SwaggerUiOAuthProperties'
2026-05-21  10:35:23.097 [39mDEBUG[0;39m [main][N/A] [36morg.springframework.beans.factory.support.DefaultListableBeanFactory[0;39m - Creating shared instance of singleton bean 'swaggerWelcome'
2026-05-21  10:35:23.098 [39mDEBUG[0;39m [main][N/A] [36morg.springframework.beans.factory.support.DefaultListableBeanFactory[0;39m - Creating shared instance of singleton bean 'org.springdoc.core.properties.SpringDocConfigProperties'
2026-05-21  10:35:23.101 [39mDEBUG[0;39m [main][N/A] [36morg.springframework.beans.factory.support.DefaultListableBeanFactory[0;39m - Creating shared instance of singleton bean 'springWebProvider'
2026-05-21  10:35:23.101 [39mDEBUG[0;39m [main][N/A] [36morg.springframework.beans.factory.support.DefaultListableBeanFactory[0;39m - Creating shared instance of singleton bean 'org.springdoc.webmvc.core.configuration.SpringDocWebMvcConfiguration'
2026-05-21  10:35:23.104 [39mDEBUG[0;39m [main][N/A] [36morg.springframework.beans.factory.support.DefaultListableBeanFactory[0;39m - Autowiring by type from bean name 'swaggerWelcome' via factory method to bean named 'org.springdoc.core.properties.SwaggerUiConfigProperties'
2026-05-21  10:35:23.104 [39mDEBUG[0;39m [main][N/A] [36morg.springframework.beans.factory.support.DefaultListableBeanFactory[0;39m - Autowiring by type from bean name 'swaggerWelcome' via factory method to bean named 'org.springdoc.core.properties.SpringDocConfigProperties'
2026-05-21  10:35:23.104 [39mDEBUG[0;39m [main][N/A] [36morg.springframework.beans.factory.support.DefaultListableBeanFactory[0;39m - Autowiring by type from bean name 'swaggerWelcome' via factory method to bean named 'org.springdoc.core.properties.SwaggerUiConfigParameters'
2026-05-21  10:35:23.104 [39mDEBUG[0;39m [main][N/A] [36morg.springframework.beans.factory.support.DefaultListableBeanFactory[0;39m - Autowiring by type from bean name 'swaggerWelcome' via factory method to bean named 'springWebProvider'
2026-05-21  10:35:23.115 [39mDEBUG[0;39m [main][N/A] [36morg.springframework.beans.factory.support.DefaultListableBeanFactory[0;39m - Creating shared instance of singleton bean 'springdocObjectMapperProvider'
2026-05-21  10:35:23.115 [39mDEBUG[0;39m [main][N/A] [36morg.springframework.beans.factory.support.DefaultListableBeanFactory[0;39m - Creating shared instance of singleton bean 'org.springdoc.core.configuration.SpringDocConfiguration'
2026-05-21  10:35:23.117 [39mDEBUG[0;39m [main][N/A] [36morg.springframework.beans.factory.support.DefaultListableBeanFactory[0;39m - Autowiring by type from bean name 'springdocObjectMapperProvider' via factory method to bean named 'org.springdoc.core.properties.SpringDocConfigProperties'
2026-05-21  10:35:23.128 [39mDEBUG[0;39m [main][N/A] [36morg.springframework.beans.factory.support.DefaultListableBeanFactory[0;39m - Autowiring by type from bean name 'indexPageTransformer' via factory method to bean named 'org.springdoc.core.properties.SwaggerUiConfigProperties'
2026-05-21  10:35:23.128 [39mDEBUG[0;39m [main][N/A] [36morg.springframework.beans.factory.support.DefaultListableBeanFactory[0;39m - Autowiring by type from bean name 'indexPageTransformer' via factory method to bean named 'org.springdoc.core.properties.SwaggerUiOAuthProperties'
2026-05-21  10:35:23.128 [39mDEBUG[0;39m [main][N/A] [36morg.springframework.beans.factory.support.DefaultListableBeanFactory[0;39m - Autowiring by type from bean name 'indexPageTransformer' via factory method to bean named 'org.springdoc.core.properties.SwaggerUiConfigParameters'
2026-05-21  10:35:23.128 [39mDEBUG[0;39m [main][N/A] [36morg.springframework.beans.factory.support.DefaultListableBeanFactory[0;39m - Autowiring by type from bean name 'indexPageTransformer' via factory method to bean named 'swaggerWelcome'
2026-05-21  10:35:23.128 [39mDEBUG[0;39m [main][N/A] [36morg.springframework.beans.factory.support.DefaultListableBeanFactory[0;39m - Autowiring by type from bean name 'indexPageTransformer' via factory method to bean named 'springdocObjectMapperProvider'
2026-05-21  10:35:23.129 [39mDEBUG[0;39m [main][N/A] [36morg.springframework.beans.factory.support.DefaultListableBeanFactory[0;39m - Creating shared instance of singleton bean 'swaggerResourceResolver'
2026-05-21  10:35:23.131 [39mDEBUG[0;39m [main][N/A] [36morg.springframework.beans.factory.support.DefaultListableBeanFactory[0;39m - Autowiring by type from bean name 'swaggerResourceResolver' via factory method to bean named 'org.springdoc.core.properties.SwaggerUiConfigProperties'
2026-05-21  10:35:23.131 [39mDEBUG[0;39m [main][N/A] [36morg.springframework.beans.factory.support.DefaultListableBeanFactory[0;39m - Autowiring by type from bean name 'swaggerWebMvcConfigurer' via factory method to bean named 'org.springdoc.core.properties.SwaggerUiConfigParameters'
2026-05-21  10:35:23.131 [39mDEBUG[0;39m [main][N/A] [36morg.springframework.beans.factory.support.DefaultListableBeanFactory[0;39m - Autowiring by type from bean name 'swaggerWebMvcConfigurer' via factory method to bean named 'indexPageTransformer'
2026-05-21  10:35:23.131 [39mDEBUG[0;39m [main][N/A] [36morg.springframework.beans.factory.support.DefaultListableBeanFactory[0;39m - Autowiring by type from bean name 'swaggerWebMvcConfigurer' via factory method to bean named 'swaggerResourceResolver'
2026-05-21  10:35:23.131 [39mDEBUG[0;39m [main][N/A] [36morg.springframework.beans.factory.support.DefaultListableBeanFactory[0;39m - Creating shared instance of singleton bean 'org.springframework.data.web.config.SpringDataWebConfiguration'
2026-05-21  10:35:23.131 [39mDEBUG[0;39m [main][N/A] [36morg.springframework.beans.factory.support.DefaultListableBeanFactory[0;39m - Autowiring by type from bean name 'org.springframework.data.web.config.SpringDataWebConfiguration' via constructor to bean named 'org.springframework.boot.web.servlet.context.AnnotationConfigServletWebServerApplicationContext@777c9dc9'
2026-05-21  10:35:23.132 [39mDEBUG[0;39m [main][N/A] [36morg.springframework.beans.factory.support.DefaultListableBeanFactory[0;39m - Creating shared instance of singleton bean 'org.springframework.security.config.annotation.web.configuration.WebMvcSecurityConfiguration'
2026-05-21  10:35:23.132 [39mDEBUG[0;39m [main][N/A] [36morg.springframework.beans.factory.support.DefaultListableBeanFactory[0;39m - Creating shared instance of singleton bean 'endpointObjectMapperWebMvcConfigurer'
2026-05-21  10:35:23.132 [39mDEBUG[0;39m [main][N/A] [36morg.springframework.beans.factory.support.DefaultListableBeanFactory[0;39m - Creating shared instance of singleton bean 'endpointObjectMapper'
2026-05-21  10:35:23.133 [39mDEBUG[0;39m [main][N/A] [36morg.springframework.beans.factory.support.DefaultListableBeanFactory[0;39m - Creating shared instance of singleton bean 'org.springframework.boot.actuate.autoconfigure.endpoint.jackson.JacksonEndpointAutoConfiguration'
2026-05-21  10:35:23.133 [39mDEBUG[0;39m [main][N/A] [36morg.springframework.beans.factory.support.DefaultListableBeanFactory[0;39m - Autowiring by type from bean name 'endpointObjectMapperWebMvcConfigurer' via factory method to bean named 'endpointObjectMapper'
2026-05-21  10:35:23.166 [39mDEBUG[0;39m [main][N/A] [36morg.springframework.beans.factory.support.DefaultListableBeanFactory[0;39m - Autowiring by type from bean name 'authServerFilterChain' via factory method to bean named 'org.springframework.security.config.annotation.web.configuration.HttpSecurityConfiguration.httpSecurity'
2026-05-21  10:35:23.251 [39mDEBUG[0;39m [main][N/A] [36morg.springframework.security.web.DefaultSecurityFilterChain[0;39m - Will secure org.springframework.security.oauth2.server.authorization.config.annotation.web.configurers.OAuth2AuthorizationServerConfigurer$$Lambda$1293/0x000002ae4b894228@306c8e09 with filters: DisableEncodeUrlFilter, WebAsyncManagerIntegrationFilter, SecurityContextHolderFilter, AuthorizationServerContextFilter, HeaderWriterFilter, CsrfFilter, LogoutFilter, OAuth2AuthorizationServerMetadataEndpointFilter, OAuth2AuthorizationEndpointFilter, OAuth2DeviceVerificationEndpointFilter, NimbusJwkSetEndpointFilter, OAuth2ClientAuthenticationFilter, RequestCacheAwareFilter, SecurityContextHolderAwareRequestFilter, AnonymousAuthenticationFilter, ExceptionTranslationFilter, AuthorizationFilter, OAuth2TokenEndpointFilter, OAuth2TokenIntrospectionEndpointFilter, OAuth2TokenRevocationEndpointFilter, OAuth2DeviceAuthorizationEndpointFilter
2026-05-21  10:35:23.251 [39mDEBUG[0;39m [main][N/A] [36morg.springframework.beans.factory.support.DefaultListableBeanFactory[0;39m - Creating shared instance of singleton bean 'resourceServerFilterChain'
2026-05-21  10:35:23.252 [39mDEBUG[0;39m [main][N/A] [36morg.springframework.beans.factory.support.DefaultListableBeanFactory[0;39m - Autowiring by type from bean name 'resourceServerFilterChain' via factory method to bean named 'org.springframework.security.config.annotation.web.configuration.HttpSecurityConfiguration.httpSecurity'
2026-05-21  10:35:23.252 [39mDEBUG[0;39m [main][N/A] [36morg.springframework.beans.factory.support.DefaultListableBeanFactory[0;39m - Creating shared instance of singleton bean 'mvcHandlerMappingIntrospector'
2026-05-21  10:35:23.253 [39mDEBUG[0;39m [main][N/A] [36morg.springframework.beans.factory.support.DefaultListableBeanFactory[0;39m - Creating shared instance of singleton bean 'welcomePageHandlerMapping'
2026-05-21  10:35:23.253 [39mDEBUG[0;39m [main][N/A] [36morg.springframework.beans.factory.support.DefaultListableBeanFactory[0;39m - Creating shared instance of singleton bean 'mvcConversionService'
2026-05-21  10:35:23.254 [39mDEBUG[0;39m [main][N/A] [36morg.springframework.beans.factory.support.DefaultListableBeanFactory[0;39m - Creating shared instance of singleton bean 'jwtAuthenticationConverter'
2026-05-21  10:35:23.259 [39mDEBUG[0;39m [main][N/A] [36morg.springframework.beans.factory.support.DefaultListableBeanFactory[0;39m - Creating shared instance of singleton bean 'mvcResourceUrlProvider'
2026-05-21  10:35:23.259 [39mDEBUG[0;39m [main][N/A] [36morg.springframework.beans.factory.support.DefaultListableBeanFactory[0;39m - Autowiring by type from bean name 'welcomePageHandlerMapping' via factory method to bean named 'org.springframework.boot.web.servlet.context.AnnotationConfigServletWebServerApplicationContext@777c9dc9'
2026-05-21  10:35:23.259 [39mDEBUG[0;39m [main][N/A] [36morg.springframework.beans.factory.support.DefaultListableBeanFactory[0;39m - Autowiring by type from bean name 'welcomePageHandlerMapping' via factory method to bean named 'mvcConversionService'
2026-05-21  10:35:23.259 [39mDEBUG[0;39m [main][N/A] [36morg.springframework.beans.factory.support.DefaultListableBeanFactory[0;39m - Autowiring by type from bean name 'welcomePageHandlerMapping' via factory method to bean named 'mvcResourceUrlProvider'
2026-05-21  10:35:23.265 [39mDEBUG[0;39m [main][N/A] [36morg.springframework.beans.factory.support.DefaultListableBeanFactory[0;39m - Creating shared instance of singleton bean 'welcomePageNotAcceptableHandlerMapping'
2026-05-21  10:35:23.265 [39mDEBUG[0;39m [main][N/A] [36morg.springframework.beans.factory.support.DefaultListableBeanFactory[0;39m - Autowiring by type from bean name 'welcomePageNotAcceptableHandlerMapping' via factory method to bean named 'org.springframework.boot.web.servlet.context.AnnotationConfigServletWebServerApplicationContext@777c9dc9'
2026-05-21  10:35:23.265 [39mDEBUG[0;39m [main][N/A] [36morg.springframework.beans.factory.support.DefaultListableBeanFactory[0;39m - Autowiring by type from bean name 'welcomePageNotAcceptableHandlerMapping' via factory method to bean named 'mvcConversionService'
2026-05-21  10:35:23.265 [39mDEBUG[0;39m [main][N/A] [36morg.springframework.beans.factory.support.DefaultListableBeanFactory[0;39m - Autowiring by type from bean name 'welcomePageNotAcceptableHandlerMapping' via factory method to bean named 'mvcResourceUrlProvider'
2026-05-21  10:35:23.268 [39mDEBUG[0;39m [main][N/A] [36morg.springframework.beans.factory.support.DefaultListableBeanFactory[0;39m - Creating shared instance of singleton bean 'requestMappingHandlerMapping'
2026-05-21  10:35:23.268 [39mDEBUG[0;39m [main][N/A] [36morg.springframework.beans.factory.support.DefaultListableBeanFactory[0;39m - Autowiring by type from bean name 'requestMappingHandlerMapping' via factory method to bean named 'mvcContentNegotiationManager'
2026-05-21  10:35:23.268 [39mDEBUG[0;39m [main][N/A] [36morg.springframework.beans.factory.support.DefaultListableBeanFactory[0;39m - Autowiring by type from bean name 'requestMappingHandlerMapping' via factory method to bean named 'mvcConversionService'
2026-05-21  10:35:23.268 [39mDEBUG[0;39m [main][N/A] [36morg.springframework.beans.factory.support.DefaultListableBeanFactory[0;39m - Autowiring by type from bean name 'requestMappingHandlerMapping' via factory method to bean named 'mvcResourceUrlProvider'
2026-05-21  10:35:23.285 [39mDEBUG[0;39m [main][N/A] [36m_org.springframework.web.servlet.HandlerMapping.Mappings[0;39m - 
	c.a.s.c.a.AdminTokenController:
	{POST [/api/admin/token-usage/query]}: query(TokenUsageQueryVO)
2026-05-21  10:35:23.288 [39mDEBUG[0;39m [main][N/A] [36m_org.springframework.web.servlet.HandlerMapping.Mappings[0;39m - 
	c.a.s.c.a.AdminApiKeyController:
	{GET [/api/admin/apikey/page]}: page(AdminApiKeyPageVO)
2026-05-21  10:35:23.288 [39mDEBUG[0;39m [main][N/A] [36m_org.springframework.web.servlet.HandlerMapping.Mappings[0;39m - 
	c.a.s.c.a.UserApiKeyController:
	{GET [/api/user/apikey/page]}: page(ApikeyPageQuery)
2026-05-21  10:35:23.289 [39mDEBUG[0;39m [main][N/A] [36m_org.springframework.web.servlet.HandlerMapping.Mappings[0;39m - 
	c.a.s.c.a.AuthController:
	{POST [/api/auth/register]}: register(UserRegisterVO)
	{GET [/api/auth/me]}: me()
	{POST [/api/auth/change-password]}: changePassword(UpdatePasswordVO)
	{POST [/api/auth/forget-password]}: forgetPassword(ForgetPasswordVO)
	{POST [/api/auth/logout]}: logout(LogoutVO)
	{POST [/api/auth/login]}: login(LoginVO)
2026-05-21  10:35:23.290 [39mDEBUG[0;39m [main][N/A] [36m_org.springframework.web.servlet.HandlerMapping.Mappings[0;39m - 
	c.a.s.c.d.DashboardController:
	{GET [/api/dashboard/user/stats]}: userStats(String,String)
	{GET [/api/dashboard/admin/stats]}: adminStats(String,String)
2026-05-21  10:35:23.290 [39mDEBUG[0;39m [main][N/A] [36m_org.springframework.web.servlet.HandlerMapping.Mappings[0;39m - 
	c.a.s.c.u.UserController:
	{GET [/api/admin/users]}: listUsers()
2026-05-21  10:35:23.291 [39mDEBUG[0;39m [main][N/A] [36m_org.springframework.web.servlet.HandlerMapping.Mappings[0;39m - 
	c.a.s.c.u.UserTokenController:
	{POST [/api/user/token-usage/query]}: query(TokenUsageQueryVO)
2026-05-21  10:35:23.292 [39mDEBUG[0;39m [main][N/A] [36m_org.springframework.web.servlet.HandlerMapping.Mappings[0;39m - 
	o.s.b.a.w.s.e.BasicErrorController:
	{ [/error]}: error(HttpServletRequest)
	{ [/error], produces [text/html]}: errorHtml(HttpServletRequest,HttpServletResponse)
2026-05-21  10:35:23.299 [39mDEBUG[0;39m [main][N/A] [36m_org.springframework.web.servlet.HandlerMapping.Mappings[0;39m - 
	o.s.w.a.OpenApiWebMvcResource:
	{GET [/v3/api-docs], produces [application/json]}: openapiJson(HttpServletRequest,String,Locale)
	{GET [/v3/api-docs.yaml], produces [application/vnd.oai.openapi]}: openapiYaml(HttpServletRequest,String,Locale)
2026-05-21  10:35:23.300 [39mDEBUG[0;39m [main][N/A] [36m_org.springframework.web.servlet.HandlerMapping.Mappings[0;39m - 
	o.s.w.u.SwaggerWelcomeWebMvc:
	{GET [/swagger-ui.html]}: redirectToUi(HttpServletRequest)
2026-05-21  10:35:23.300 [39mDEBUG[0;39m [main][N/A] [36m_org.springframework.web.servlet.HandlerMapping.Mappings[0;39m - 
	o.s.w.u.SwaggerConfigResource:
	{GET [/v3/api-docs/swagger-config], produces [application/json]}: openapiJson(HttpServletRequest)
2026-05-21  10:35:23.301 [39mDEBUG[0;39m [main][N/A] [36mo.springframework.web.servlet.mvc.method.annotation.RequestMappingHandlerMapping[0;39m - 19 mappings in 'requestMappingHandlerMapping'
2026-05-21  10:35:23.302 [39mDEBUG[0;39m [main][N/A] [36morg.springframework.beans.factory.support.DefaultListableBeanFactory[0;39m - Creating shared instance of singleton bean 'viewControllerHandlerMapping'
2026-05-21  10:35:23.302 [39mDEBUG[0;39m [main][N/A] [36morg.springframework.beans.factory.support.DefaultListableBeanFactory[0;39m - Autowiring by type from bean name 'viewControllerHandlerMapping' via factory method to bean named 'mvcConversionService'
2026-05-21  10:35:23.302 [39mDEBUG[0;39m [main][N/A] [36morg.springframework.beans.factory.support.DefaultListableBeanFactory[0;39m - Autowiring by type from bean name 'viewControllerHandlerMapping' via factory method to bean named 'mvcResourceUrlProvider'
2026-05-21  10:35:23.302 [39mDEBUG[0;39m [main][N/A] [36morg.springframework.beans.factory.support.DefaultListableBeanFactory[0;39m - Creating shared instance of singleton bean 'beanNameHandlerMapping'
2026-05-21  10:35:23.302 [39mDEBUG[0;39m [main][N/A] [36morg.springframework.beans.factory.support.DefaultListableBeanFactory[0;39m - Autowiring by type from bean name 'beanNameHandlerMapping' via factory method to bean named 'mvcConversionService'
2026-05-21  10:35:23.302 [39mDEBUG[0;39m [main][N/A] [36morg.springframework.beans.factory.support.DefaultListableBeanFactory[0;39m - Autowiring by type from bean name 'beanNameHandlerMapping' via factory method to bean named 'mvcResourceUrlProvider'
2026-05-21  10:35:23.303 [39mDEBUG[0;39m [main][N/A] [36m_org.springframework.web.servlet.HandlerMapping.Mappings[0;39m - 'beanNameHandlerMapping' {}
2026-05-21  10:35:23.304 [39mDEBUG[0;39m [main][N/A] [36morg.springframework.beans.factory.support.DefaultListableBeanFactory[0;39m - Creating shared instance of singleton bean 'routerFunctionMapping'
2026-05-21  10:35:23.304 [39mDEBUG[0;39m [main][N/A] [36morg.springframework.beans.factory.support.DefaultListableBeanFactory[0;39m - Autowiring by type from bean name 'routerFunctionMapping' via factory method to bean named 'mvcConversionService'
2026-05-21  10:35:23.304 [39mDEBUG[0;39m [main][N/A] [36morg.springframework.beans.factory.support.DefaultListableBeanFactory[0;39m - Autowiring by type from bean name 'routerFunctionMapping' via factory method to bean named 'mvcResourceUrlProvider'
2026-05-21  10:35:23.304 [39mDEBUG[0;39m [main][N/A] [36morg.springframework.beans.factory.support.DefaultListableBeanFactory[0;39m - Creating shared instance of singleton bean 'messageConverters'
2026-05-21  10:35:23.304 [39mDEBUG[0;39m [main][N/A] [36morg.springframework.beans.factory.support.DefaultListableBeanFactory[0;39m - Creating shared instance of singleton bean 'org.springframework.boot.autoconfigure.http.HttpMessageConvertersAutoConfiguration'
2026-05-21  10:35:23.305 [39mDEBUG[0;39m [main][N/A] [36morg.springframework.beans.factory.support.DefaultListableBeanFactory[0;39m - Creating shared instance of singleton bean 'stringHttpMessageConverter'
2026-05-21  10:35:23.305 [39mDEBUG[0;39m [main][N/A] [36morg.springframework.beans.factory.support.DefaultListableBeanFactory[0;39m - Creating shared instance of singleton bean 'org.springframework.boot.autoconfigure.http.HttpMessageConvertersAutoConfiguration$StringHttpMessageConverterConfiguration'
2026-05-21  10:35:23.307 [39mDEBUG[0;39m [main][N/A] [36morg.springframework.beans.factory.support.DefaultListableBeanFactory[0;39m - Autowiring by type from bean name 'stringHttpMessageConverter' via factory method to bean named 'environment'
2026-05-21  10:35:23.307 [39mDEBUG[0;39m [main][N/A] [36morg.springframework.beans.factory.support.DefaultListableBeanFactory[0;39m - Creating shared instance of singleton bean 'mappingJackson2HttpMessageConverter'
2026-05-21  10:35:23.307 [39mDEBUG[0;39m [main][N/A] [36morg.springframework.beans.factory.support.DefaultListableBeanFactory[0;39m - Creating shared instance of singleton bean 'org.springframework.boot.autoconfigure.http.JacksonHttpMessageConvertersConfiguration$MappingJackson2HttpMessageConverterConfiguration'
2026-05-21  10:35:23.308 [39mDEBUG[0;39m [main][N/A] [36morg.springframework.beans.factory.support.DefaultListableBeanFactory[0;39m - Creating shared instance of singleton bean 'jacksonObjectMapper'
2026-05-21  10:35:23.308 [39mDEBUG[0;39m [main][N/A] [36morg.springframework.beans.factory.support.DefaultListableBeanFactory[0;39m - Creating shared instance of singleton bean 'org.springframework.boot.autoconfigure.jackson.JacksonAutoConfiguration$JacksonObjectMapperConfiguration'
2026-05-21  10:35:23.308 [39mDEBUG[0;39m [main][N/A] [36morg.springframework.beans.factory.support.DefaultListableBeanFactory[0;39m - Creating shared instance of singleton bean 'org.springframework.boot.autoconfigure.jackson.JacksonAutoConfiguration$JacksonObjectMapperBuilderConfiguration'
2026-05-21  10:35:23.308 [39mDEBUG[0;39m [main][N/A] [36morg.springframework.beans.factory.support.DefaultListableBeanFactory[0;39m - Creating shared instance of singleton bean 'standardJacksonObjectMapperBuilderCustomizer'
2026-05-21  10:35:23.308 [39mDEBUG[0;39m [main][N/A] [36morg.springframework.beans.factory.support.DefaultListableBeanFactory[0;39m - Creating shared instance of singleton bean 'org.springframework.boot.autoconfigure.jackson.JacksonAutoConfiguration$Jackson2ObjectMapperBuilderCustomizerConfiguration'
2026-05-21  10:35:23.308 [39mDEBUG[0;39m [main][N/A] [36morg.springframework.beans.factory.support.DefaultListableBeanFactory[0;39m - Creating shared instance of singleton bean 'spring.jackson-org.springframework.boot.autoconfigure.jackson.JacksonProperties'
2026-05-21  10:35:23.310 [39mDEBUG[0;39m [main][N/A] [36morg.springframework.beans.factory.support.DefaultListableBeanFactory[0;39m - Autowiring by type from bean name 'standardJacksonObjectMapperBuilderCustomizer' via factory method to bean named 'spring.jackson-org.springframework.boot.autoconfigure.jackson.JacksonProperties'
2026-05-21  10:35:23.311 [39mDEBUG[0;39m [main][N/A] [36morg.springframework.beans.factory.support.DefaultListableBeanFactory[0;39m - Creating shared instance of singleton bean 'parameterNamesModule'
2026-05-21  10:35:23.311 [39mDEBUG[0;39m [main][N/A] [36morg.springframework.beans.factory.support.DefaultListableBeanFactory[0;39m - Creating shared instance of singleton bean 'org.springframework.boot.autoconfigure.jackson.JacksonAutoConfiguration$ParameterNamesModuleConfiguration'
2026-05-21  10:35:23.313 [39mDEBUG[0;39m [main][N/A] [36morg.springframework.beans.factory.support.DefaultListableBeanFactory[0;39m - Creating shared instance of singleton bean 'jsonMixinModule'
2026-05-21  10:35:23.313 [39mDEBUG[0;39m [main][N/A] [36morg.springframework.beans.factory.support.DefaultListableBeanFactory[0;39m - Creating shared instance of singleton bean 'org.springframework.boot.autoconfigure.jackson.JacksonAutoConfiguration$JacksonMixinConfiguration'
2026-05-21  10:35:23.314 [39mDEBUG[0;39m [main][N/A] [36morg.springframework.beans.factory.support.DefaultListableBeanFactory[0;39m - Creating shared instance of singleton bean 'jsonMixinModuleEntries'
2026-05-21  10:35:23.314 [39mDEBUG[0;39m [main][N/A] [36morg.springframework.beans.factory.support.DefaultListableBeanFactory[0;39m - Autowiring by type from bean name 'jsonMixinModuleEntries' via factory method to bean named 'org.springframework.boot.web.servlet.context.AnnotationConfigServletWebServerApplicationContext@777c9dc9'
2026-05-21  10:35:23.318 [39mDEBUG[0;39m [main][N/A] [36morg.springframework.beans.factory.support.DefaultListableBeanFactory[0;39m - Autowiring by type from bean name 'jsonMixinModule' via factory method to bean named 'org.springframework.boot.web.servlet.context.AnnotationConfigServletWebServerApplicationContext@777c9dc9'
2026-05-21  10:35:23.318 [39mDEBUG[0;39m [main][N/A] [36morg.springframework.beans.factory.support.DefaultListableBeanFactory[0;39m - Autowiring by type from bean name 'jsonMixinModule' via factory method to bean named 'jsonMixinModuleEntries'
2026-05-21  10:35:23.318 [39mDEBUG[0;39m [main][N/A] [36morg.springframework.beans.factory.support.DefaultListableBeanFactory[0;39m - Creating shared instance of singleton bean 'jsonComponentModule'
2026-05-21  10:35:23.318 [39mDEBUG[0;39m [main][N/A] [36morg.springframework.beans.factory.support.DefaultListableBeanFactory[0;39m - Creating shared instance of singleton bean 'org.springframework.boot.autoconfigure.jackson.JacksonAutoConfiguration'
2026-05-21  10:35:23.321 [39mDEBUG[0;39m [main][N/A] [36morg.springframework.beans.factory.support.DefaultListableBeanFactory[0;39m - Creating shared instance of singleton bean 'jacksonGeoModule'
2026-05-21  10:35:23.321 [39mDEBUG[0;39m [main][N/A] [36morg.springframework.beans.factory.support.DefaultListableBeanFactory[0;39m - Creating shared instance of singleton bean 'org.springframework.data.web.config.SpringDataJacksonConfiguration'
2026-05-21  10:35:23.322 [39mDEBUG[0;39m [main][N/A] [36morg.springframework.beans.factory.support.DefaultListableBeanFactory[0;39m - Creating shared instance of singleton bean 'pageModule'
2026-05-21  10:35:23.324 [39mDEBUG[0;39m [main][N/A] [36morg.springframework.beans.factory.support.DefaultListableBeanFactory[0;39m - Autowiring by type from bean name 'jacksonObjectMapperBuilder' via factory method to bean named 'org.springframework.boot.web.servlet.context.AnnotationConfigServletWebServerApplicationContext@777c9dc9'
2026-05-21  10:35:23.324 [39mDEBUG[0;39m [main][N/A] [36morg.springframework.beans.factory.support.DefaultListableBeanFactory[0;39m - Autowiring by type from bean name 'jacksonObjectMapperBuilder' via factory method to bean named 'standardJacksonObjectMapperBuilderCustomizer'
2026-05-21  10:35:23.325 [39mDEBUG[0;39m [main][N/A] [36morg.springframework.beans.factory.support.DefaultListableBeanFactory[0;39m - Autowiring by type from bean name 'jacksonObjectMapper' via factory method to bean named 'jacksonObjectMapperBuilder'
2026-05-21  10:35:23.333 [39mDEBUG[0;39m [main][N/A] [36morg.springframework.beans.factory.support.DefaultListableBeanFactory[0;39m - Autowiring by type from bean name 'mappingJackson2HttpMessageConverter' via factory method to bean named 'jacksonObjectMapper'
2026-05-21  10:35:23.337 [39mDEBUG[0;39m [main][N/A] [36morg.springframework.beans.factory.support.DefaultListableBeanFactory[0;39m - Creating shared instance of singleton bean 'resourceHandlerMapping'
2026-05-21  10:35:23.337 [39mDEBUG[0;39m [main][N/A] [36morg.springframework.beans.factory.support.DefaultListableBeanFactory[0;39m - Autowiring by type from bean name 'resourceHandlerMapping' via factory method to bean named 'mvcContentNegotiationManager'
2026-05-21  10:35:23.337 [39mDEBUG[0;39m [main][N/A] [36morg.springframework.beans.factory.support.DefaultListableBeanFactory[0;39m - Autowiring by type from bean name 'resourceHandlerMapping' via factory method to bean named 'mvcConversionService'
2026-05-21  10:35:23.337 [39mDEBUG[0;39m [main][N/A] [36morg.springframework.beans.factory.support.DefaultListableBeanFactory[0;39m - Autowiring by type from bean name 'resourceHandlerMapping' via factory method to bean named 'mvcResourceUrlProvider'
2026-05-21  10:35:23.343 [39mDEBUG[0;39m [main][N/A] [36m_org.springframework.web.servlet.HandlerMapping.Mappings[0;39m - 'resourceHandlerMapping' {/webjars/**=ResourceHttpRequestHandler [classpath [META-INF/resources/webjars/]], /**=ResourceHttpRequestHandler [classpath [META-INF/resources/], classpath [resources/], classpath [static/], classpath [public/], ServletContext [/]], /swagger-ui*/*swagger-initializer.js=ResourceHttpRequestHandler [classpath [META-INF/resources/webjars/]], /swagger-ui*/**=ResourceHttpRequestHandler [classpath [META-INF/resources/webjars/]]}
2026-05-21  10:35:23.345 [39mDEBUG[0;39m [main][N/A] [36morg.springframework.beans.factory.support.DefaultListableBeanFactory[0;39m - Creating shared instance of singleton bean 'defaultServletHandlerMapping'
2026-05-21  10:35:23.345 [39mDEBUG[0;39m [main][N/A] [36morg.springframework.beans.factory.support.DefaultListableBeanFactory[0;39m - Creating shared instance of singleton bean 'healthEndpointWebMvcHandlerMapping'
2026-05-21  10:35:23.345 [39mDEBUG[0;39m [main][N/A] [36morg.springframework.beans.factory.support.DefaultListableBeanFactory[0;39m - Creating shared instance of singleton bean 'org.springframework.boot.actuate.autoconfigure.health.HealthEndpointWebExtensionConfiguration$MvcAdditionalHealthEndpointPathsConfiguration'
2026-05-21  10:35:23.346 [39mDEBUG[0;39m [main][N/A] [36morg.springframework.beans.factory.support.DefaultListableBeanFactory[0;39m - Creating shared instance of singleton bean 'webEndpointDiscoverer'
2026-05-21  10:35:23.346 [39mDEBUG[0;39m [main][N/A] [36morg.springframework.beans.factory.support.DefaultListableBeanFactory[0;39m - Creating shared instance of singleton bean 'endpointOperationParameterMapper'
2026-05-21  10:35:23.346 [39mDEBUG[0;39m [main][N/A] [36morg.springframework.beans.factory.support.DefaultListableBeanFactory[0;39m - Creating shared instance of singleton bean 'org.springframework.boot.actuate.autoconfigure.endpoint.EndpointAutoConfiguration'
2026-05-21  10:35:23.348 [39mDEBUG[0;39m [main][N/A] [36morg.springframework.beans.factory.support.DefaultListableBeanFactory[0;39m - Creating shared instance of singleton bean 'endpointMediaTypes'
2026-05-21  10:35:23.349 [39mDEBUG[0;39m [main][N/A] [36morg.springframework.beans.factory.support.DefaultListableBeanFactory[0;39m - Autowiring by type from bean name 'webEndpointDiscoverer' via factory method to bean named 'endpointOperationParameterMapper'
2026-05-21  10:35:23.349 [39mDEBUG[0;39m [main][N/A] [36morg.springframework.beans.factory.support.DefaultListableBeanFactory[0;39m - Autowiring by type from bean name 'webEndpointDiscoverer' via factory method to bean named 'endpointMediaTypes'
2026-05-21  10:35:23.349 [39mDEBUG[0;39m [main][N/A] [36morg.springframework.beans.factory.support.DefaultListableBeanFactory[0;39m - Creating shared instance of singleton bean 'endpointCachingOperationInvokerAdvisor'
2026-05-21  10:35:23.349 [39mDEBUG[0;39m [main][N/A] [36morg.springframework.beans.factory.support.DefaultListableBeanFactory[0;39m - Autowiring by type from bean name 'endpointCachingOperationInvokerAdvisor' via factory method to bean named 'environment'
2026-05-21  10:35:23.351 [39mDEBUG[0;39m [main][N/A] [36morg.springframework.beans.factory.support.DefaultListableBeanFactory[0;39m - Creating shared instance of singleton bean 'webExposeExcludePropertyEndpointFilter'
2026-05-21  10:35:23.352 [39mDEBUG[0;39m [main][N/A] [36morg.springframework.beans.factory.support.DefaultListableBeanFactory[0;39m - Creating shared instance of singleton bean 'healthEndpointGroups'
2026-05-21  10:35:23.352 [39mDEBUG[0;39m [main][N/A] [36morg.springframework.beans.factory.support.DefaultListableBeanFactory[0;39m - Creating shared instance of singleton bean 'org.springframework.boot.actuate.autoconfigure.health.HealthEndpointConfiguration'
2026-05-21  10:35:23.353 [39mDEBUG[0;39m [main][N/A] [36morg.springframework.beans.factory.support.DefaultListableBeanFactory[0;39m - Creating shared instance of singleton bean 'management.endpoint.health-org.springframework.boot.actuate.autoconfigure.health.HealthEndpointProperties'
2026-05-21  10:35:23.354 [39mDEBUG[0;39m [main][N/A] [36morg.springframework.beans.factory.support.DefaultListableBeanFactory[0;39m - Autowiring by type from bean name 'healthEndpointGroups' via factory method to bean named 'org.springframework.boot.web.servlet.context.AnnotationConfigServletWebServerApplicationContext@777c9dc9'
2026-05-21  10:35:23.354 [39mDEBUG[0;39m [main][N/A] [36morg.springframework.beans.factory.support.DefaultListableBeanFactory[0;39m - Autowiring by type from bean name 'healthEndpointGroups' via factory method to bean named 'management.endpoint.health-org.springframework.boot.actuate.autoconfigure.health.HealthEndpointProperties'
2026-05-21  10:35:23.355 [39mDEBUG[0;39m [main][N/A] [36morg.springframework.beans.factory.support.DefaultListableBeanFactory[0;39m - Creating shared instance of singleton bean 'healthStatusAggregator'
2026-05-21  10:35:23.355 [39mDEBUG[0;39m [main][N/A] [36morg.springframework.beans.factory.support.DefaultListableBeanFactory[0;39m - Autowiring by type from bean name 'healthStatusAggregator' via factory method to bean named 'management.endpoint.health-org.springframework.boot.actuate.autoconfigure.health.HealthEndpointProperties'
2026-05-21  10:35:23.356 [39mDEBUG[0;39m [main][N/A] [36morg.springframework.beans.factory.support.DefaultListableBeanFactory[0;39m - Creating shared instance of singleton bean 'healthHttpCodeStatusMapper'
2026-05-21  10:35:23.356 [39mDEBUG[0;39m [main][N/A] [36morg.springframework.beans.factory.support.DefaultListableBeanFactory[0;39m - Autowiring by type from bean name 'healthHttpCodeStatusMapper' via factory method to bean named 'management.endpoint.health-org.springframework.boot.actuate.autoconfigure.health.HealthEndpointProperties'
2026-05-21  10:35:23.358 [39mDEBUG[0;39m [main][N/A] [36morg.springframework.beans.factory.support.DefaultListableBeanFactory[0;39m - Autowiring by type from bean name 'healthEndpointWebMvcHandlerMapping' via factory method to bean named 'webEndpointDiscoverer'
2026-05-21  10:35:23.358 [39mDEBUG[0;39m [main][N/A] [36morg.springframework.beans.factory.support.DefaultListableBeanFactory[0;39m - Autowiring by type from bean name 'healthEndpointWebMvcHandlerMapping' via factory method to bean named 'healthEndpointGroups'
2026-05-21  10:35:23.361 [39mDEBUG[0;39m [main][N/A] [36morg.springframework.beans.factory.support.DefaultListableBeanFactory[0;39m - Creating shared instance of singleton bean 'healthEndpoint'
2026-05-21  10:35:23.361 [39mDEBUG[0;39m [main][N/A] [36morg.springframework.beans.factory.support.DefaultListableBeanFactory[0;39m - Creating shared instance of singleton bean 'healthContributorRegistry'
2026-05-21  10:35:23.361 [39mDEBUG[0;39m [main][N/A] [36morg.springframework.beans.factory.support.DefaultListableBeanFactory[0;39m - Creating shared instance of singleton bean 'diskSpaceHealthIndicator'
2026-05-21  10:35:23.361 [39mDEBUG[0;39m [main][N/A] [36morg.springframework.beans.factory.support.DefaultListableBeanFactory[0;39m - Creating shared instance of singleton bean 'org.springframework.boot.actuate.autoconfigure.system.DiskSpaceHealthContributorAutoConfiguration'
2026-05-21  10:35:23.362 [39mDEBUG[0;39m [main][N/A] [36morg.springframework.beans.factory.support.DefaultListableBeanFactory[0;39m - Creating shared instance of singleton bean 'management.health.diskspace-org.springframework.boot.actuate.autoconfigure.system.DiskSpaceHealthIndicatorProperties'
2026-05-21  10:35:23.362 [39mDEBUG[0;39m [main][N/A] [36morg.springframework.beans.factory.support.DefaultListableBeanFactory[0;39m - Autowiring by type from bean name 'diskSpaceHealthIndicator' via factory method to bean named 'management.health.diskspace-org.springframework.boot.actuate.autoconfigure.system.DiskSpaceHealthIndicatorProperties'
2026-05-21  10:35:23.364 [39mDEBUG[0;39m [main][N/A] [36morg.springframework.beans.factory.support.DefaultListableBeanFactory[0;39m - Creating shared instance of singleton bean 'pingHealthContributor'
2026-05-21  10:35:23.364 [39mDEBUG[0;39m [main][N/A] [36morg.springframework.beans.factory.support.DefaultListableBeanFactory[0;39m - Creating shared instance of singleton bean 'org.springframework.boot.actuate.autoconfigure.health.HealthContributorAutoConfiguration'
2026-05-21  10:35:23.364 [39mDEBUG[0;39m [main][N/A] [36morg.springframework.beans.factory.support.DefaultListableBeanFactory[0;39m - Creating shared instance of singleton bean 'dbHealthContributor'
2026-05-21  10:35:23.364 [39mDEBUG[0;39m [main][N/A] [36morg.springframework.beans.factory.support.DefaultListableBeanFactory[0;39m - Creating shared instance of singleton bean 'org.springframework.boot.actuate.autoconfigure.jdbc.DataSourceHealthContributorAutoConfiguration'
2026-05-21  10:35:23.364 [39mDEBUG[0;39m [main][N/A] [36morg.springframework.beans.factory.support.DefaultListableBeanFactory[0;39m - Creating shared instance of singleton bean 'hikariPoolDataSourceMetadataProvider'
2026-05-21  10:35:23.364 [39mDEBUG[0;39m [main][N/A] [36morg.springframework.beans.factory.support.DefaultListableBeanFactory[0;39m - Creating shared instance of singleton bean 'org.springframework.boot.autoconfigure.jdbc.metadata.DataSourcePoolMetadataProvidersConfiguration$HikariPoolDataSourceMetadataProviderConfiguration'
2026-05-21  10:35:23.365 [39mDEBUG[0;39m [main][N/A] [36morg.springframework.beans.factory.support.DefaultListableBeanFactory[0;39m - Creating shared instance of singleton bean 'management.health.db-org.springframework.boot.actuate.autoconfigure.jdbc.DataSourceHealthIndicatorProperties'
2026-05-21  10:35:23.366 [39mDEBUG[0;39m [main][N/A] [36morg.springframework.beans.factory.support.DefaultListableBeanFactory[0;39m - Autowiring by type from bean name 'dbHealthContributor' via factory method to bean named 'dataSource'
2026-05-21  10:35:23.366 [39mDEBUG[0;39m [main][N/A] [36morg.springframework.beans.factory.support.DefaultListableBeanFactory[0;39m - Autowiring by type from bean name 'dbHealthContributor' via factory method to bean named 'management.health.db-org.springframework.boot.actuate.autoconfigure.jdbc.DataSourceHealthIndicatorProperties'
2026-05-21  10:35:23.369 [39mDEBUG[0;39m [main][N/A] [36morg.springframework.beans.factory.support.DefaultListableBeanFactory[0;39m - Creating shared instance of singleton bean 'mailHealthContributor'
2026-05-21  10:35:23.369 [39mDEBUG[0;39m [main][N/A] [36morg.springframework.beans.factory.support.DefaultListableBeanFactory[0;39m - Creating shared instance of singleton bean 'org.springframework.boot.actuate.autoconfigure.mail.MailHealthContributorAutoConfiguration'
2026-05-21  10:35:23.374 [39mDEBUG[0;39m [main][N/A] [36morg.springframework.beans.factory.support.DefaultListableBeanFactory[0;39m - Autowiring by type from bean name 'mailHealthContributor' via factory method to bean named 'mailSender'
2026-05-21  10:35:23.375 [39mDEBUG[0;39m [main][N/A] [36morg.springframework.beans.factory.support.DefaultListableBeanFactory[0;39m - Creating shared instance of singleton bean 'redisHealthContributor'
2026-05-21  10:35:23.375 [39mDEBUG[0;39m [main][N/A] [36morg.springframework.beans.factory.support.DefaultListableBeanFactory[0;39m - Creating shared instance of singleton bean 'org.springframework.boot.actuate.autoconfigure.data.redis.RedisReactiveHealthContributorAutoConfiguration'
2026-05-21  10:35:23.375 [39mDEBUG[0;39m [main][N/A] [36morg.springframework.beans.factory.support.DefaultListableBeanFactory[0;39m - Autowiring by type from bean name 'org.springframework.boot.actuate.autoconfigure.data.redis.RedisReactiveHealthContributorAutoConfiguration' via constructor to bean named 'redissonConnectionFactory'
2026-05-21  10:35:23.377 [39mDEBUG[0;39m [main][N/A] [36morg.springframework.beans.factory.support.DefaultListableBeanFactory[0;39m - Autowiring by type from bean name 'healthContributorRegistry' via factory method to bean named 'org.springframework.boot.web.servlet.context.AnnotationConfigServletWebServerApplicationContext@777c9dc9'
2026-05-21  10:35:23.377 [39mDEBUG[0;39m [main][N/A] [36morg.springframework.beans.factory.support.DefaultListableBeanFactory[0;39m - Autowiring by type from bean name 'healthContributorRegistry' via factory method to bean named 'healthEndpointGroups'
2026-05-21  10:35:23.377 [39mDEBUG[0;39m [main][N/A] [36morg.springframework.beans.factory.support.DefaultListableBeanFactory[0;39m - Autowiring by type from bean name 'healthContributorRegistry' via factory method to bean named 'diskSpaceHealthIndicator'
2026-05-21  10:35:23.377 [39mDEBUG[0;39m [main][N/A] [36morg.springframework.beans.factory.support.DefaultListableBeanFactory[0;39m - Autowiring by type from bean name 'healthContributorRegistry' via factory method to bean named 'pingHealthContributor'
2026-05-21  10:35:23.377 [39mDEBUG[0;39m [main][N/A] [36morg.springframework.beans.factory.support.DefaultListableBeanFactory[0;39m - Autowiring by type from bean name 'healthContributorRegistry' via factory method to bean named 'dbHealthContributor'
2026-05-21  10:35:23.377 [39mDEBUG[0;39m [main][N/A] [36morg.springframework.beans.factory.support.DefaultListableBeanFactory[0;39m - Autowiring by type from bean name 'healthContributorRegistry' via factory method to bean named 'mailHealthContributor'
2026-05-21  10:35:23.377 [39mDEBUG[0;39m [main][N/A] [36morg.springframework.beans.factory.support.DefaultListableBeanFactory[0;39m - Autowiring by type from bean name 'healthContributorRegistry' via factory method to bean named 'redisHealthContributor'
2026-05-21  10:35:23.379 [39mDEBUG[0;39m [main][N/A] [36morg.springframework.beans.factory.support.DefaultListableBeanFactory[0;39m - Autowiring by type from bean name 'healthEndpoint' via factory method to bean named 'healthContributorRegistry'
2026-05-21  10:35:23.379 [39mDEBUG[0;39m [main][N/A] [36morg.springframework.beans.factory.support.DefaultListableBeanFactory[0;39m - Autowiring by type from bean name 'healthEndpoint' via factory method to bean named 'healthEndpointGroups'
2026-05-21  10:35:23.379 [39mDEBUG[0;39m [main][N/A] [36morg.springframework.beans.factory.support.DefaultListableBeanFactory[0;39m - Autowiring by type from bean name 'healthEndpoint' via factory method to bean named 'management.endpoint.health-org.springframework.boot.actuate.autoconfigure.health.HealthEndpointProperties'
2026-05-21  10:35:23.383 [39mDEBUG[0;39m [main][N/A] [36morg.springframework.beans.factory.support.DefaultListableBeanFactory[0;39m - Creating shared instance of singleton bean 'beansEndpoint'
2026-05-21  10:35:23.383 [39mDEBUG[0;39m [main][N/A] [36morg.springframework.beans.factory.support.DefaultListableBeanFactory[0;39m - Creating shared instance of singleton bean 'org.springframework.boot.actuate.autoconfigure.beans.BeansEndpointAutoConfiguration'
2026-05-21  10:35:23.383 [39mDEBUG[0;39m [main][N/A] [36morg.springframework.beans.factory.support.DefaultListableBeanFactory[0;39m - Autowiring by type from bean name 'beansEndpoint' via factory method to bean named 'org.springframework.boot.web.servlet.context.AnnotationConfigServletWebServerApplicationContext@777c9dc9'
2026-05-21  10:35:23.383 [39mDEBUG[0;39m [main][N/A] [36morg.springframework.beans.factory.support.DefaultListableBeanFactory[0;39m - Creating shared instance of singleton bean 'cachesEndpoint'
2026-05-21  10:35:23.383 [39mDEBUG[0;39m [main][N/A] [36morg.springframework.beans.factory.support.DefaultListableBeanFactory[0;39m - Creating shared instance of singleton bean 'org.springframework.boot.actuate.autoconfigure.cache.CachesEndpointAutoConfiguration'
2026-05-21  10:35:23.389 [39mDEBUG[0;39m [main][N/A] [36morg.springframework.beans.factory.support.DefaultListableBeanFactory[0;39m - Creating shared instance of singleton bean 'healthEndpointWebExtension'
2026-05-21  10:35:23.389 [39mDEBUG[0;39m [main][N/A] [36morg.springframework.beans.factory.support.DefaultListableBeanFactory[0;39m - Creating shared instance of singleton bean 'org.springframework.boot.actuate.autoconfigure.health.HealthEndpointWebExtensionConfiguration'
2026-05-21  10:35:23.389 [39mDEBUG[0;39m [main][N/A] [36morg.springframework.beans.factory.support.DefaultListableBeanFactory[0;39m - Autowiring by type from bean name 'healthEndpointWebExtension' via factory method to bean named 'healthContributorRegistry'
2026-05-21  10:35:23.389 [39mDEBUG[0;39m [main][N/A] [36morg.springframework.beans.factory.support.DefaultListableBeanFactory[0;39m - Autowiring by type from bean name 'healthEndpointWebExtension' via factory method to bean named 'healthEndpointGroups'
2026-05-21  10:35:23.389 [39mDEBUG[0;39m [main][N/A] [36morg.springframework.beans.factory.support.DefaultListableBeanFactory[0;39m - Autowiring by type from bean name 'healthEndpointWebExtension' via factory method to bean named 'management.endpoint.health-org.springframework.boot.actuate.autoconfigure.health.HealthEndpointProperties'
2026-05-21  10:35:23.390 [39mDEBUG[0;39m [main][N/A] [36morg.springframework.beans.factory.support.DefaultListableBeanFactory[0;39m - Creating shared instance of singleton bean 'infoEndpoint'
2026-05-21  10:35:23.390 [39mDEBUG[0;39m [main][N/A] [36morg.springframework.beans.factory.support.DefaultListableBeanFactory[0;39m - Creating shared instance of singleton bean 'org.springframework.boot.actuate.autoconfigure.info.InfoEndpointAutoConfiguration'
2026-05-21  10:35:23.392 [39mDEBUG[0;39m [main][N/A] [36morg.springframework.beans.factory.support.DefaultListableBeanFactory[0;39m - Creating shared instance of singleton bean 'conditionsReportEndpoint'
2026-05-21  10:35:23.392 [39mDEBUG[0;39m [main][N/A] [36morg.springframework.beans.factory.support.DefaultListableBeanFactory[0;39m - Creating shared instance of singleton bean 'org.springframework.boot.actuate.autoconfigure.condition.ConditionsReportEndpointAutoConfiguration'
2026-05-21  10:35:23.392 [39mDEBUG[0;39m [main][N/A] [36morg.springframework.beans.factory.support.DefaultListableBeanFactory[0;39m - Autowiring by type from bean name 'conditionsReportEndpoint' via factory method to bean named 'org.springframework.boot.web.servlet.context.AnnotationConfigServletWebServerApplicationContext@777c9dc9'
2026-05-21  10:35:23.393 [39mDEBUG[0;39m [main][N/A] [36morg.springframework.beans.factory.support.DefaultListableBeanFactory[0;39m - Creating shared instance of singleton bean 'configurationPropertiesReportEndpoint'
2026-05-21  10:35:23.393 [39mDEBUG[0;39m [main][N/A] [36morg.springframework.beans.factory.support.DefaultListableBeanFactory[0;39m - Creating shared instance of singleton bean 'org.springframework.boot.actuate.autoconfigure.context.properties.ConfigurationPropertiesReportEndpointAutoConfiguration'
2026-05-21  10:35:23.393 [39mDEBUG[0;39m [main][N/A] [36morg.springframework.beans.factory.support.DefaultListableBeanFactory[0;39m - Creating shared instance of singleton bean 'management.endpoint.configprops-org.springframework.boot.actuate.autoconfigure.context.properties.ConfigurationPropertiesReportEndpointProperties'
2026-05-21  10:35:23.393 [39mDEBUG[0;39m [main][N/A] [36morg.springframework.beans.factory.support.DefaultListableBeanFactory[0;39m - Autowiring by type from bean name 'configurationPropertiesReportEndpoint' via factory method to bean named 'management.endpoint.configprops-org.springframework.boot.actuate.autoconfigure.context.properties.ConfigurationPropertiesReportEndpointProperties'
2026-05-21  10:35:23.396 [39mDEBUG[0;39m [main][N/A] [36morg.springframework.beans.factory.support.DefaultListableBeanFactory[0;39m - Creating shared instance of singleton bean 'environmentEndpoint'
2026-05-21  10:35:23.396 [39mDEBUG[0;39m [main][N/A] [36morg.springframework.beans.factory.support.DefaultListableBeanFactory[0;39m - Creating shared instance of singleton bean 'org.springframework.boot.actuate.autoconfigure.env.EnvironmentEndpointAutoConfiguration'
2026-05-21  10:35:23.396 [39mDEBUG[0;39m [main][N/A] [36morg.springframework.beans.factory.support.DefaultListableBeanFactory[0;39m - Creating shared instance of singleton bean 'management.endpoint.env-org.springframework.boot.actuate.autoconfigure.env.EnvironmentEndpointProperties'
2026-05-21  10:35:23.396 [39mDEBUG[0;39m [main][N/A] [36morg.springframework.beans.factory.support.DefaultListableBeanFactory[0;39m - Autowiring by type from bean name 'environmentEndpoint' via factory method to bean named 'environment'
2026-05-21  10:35:23.396 [39mDEBUG[0;39m [main][N/A] [36morg.springframework.beans.factory.support.DefaultListableBeanFactory[0;39m - Autowiring by type from bean name 'environmentEndpoint' via factory method to bean named 'management.endpoint.env-org.springframework.boot.actuate.autoconfigure.env.EnvironmentEndpointProperties'
2026-05-21  10:35:23.397 [39mDEBUG[0;39m [main][N/A] [36morg.springframework.beans.factory.support.DefaultListableBeanFactory[0;39m - Creating shared instance of singleton bean 'loggersEndpoint'
2026-05-21  10:35:23.397 [39mDEBUG[0;39m [main][N/A] [36morg.springframework.beans.factory.support.DefaultListableBeanFactory[0;39m - Creating shared instance of singleton bean 'org.springframework.boot.actuate.autoconfigure.logging.LoggersEndpointAutoConfiguration'
2026-05-21  10:35:23.398 [39mDEBUG[0;39m [main][N/A] [36morg.springframework.beans.factory.support.DefaultListableBeanFactory[0;39m - Autowiring by type from bean name 'loggersEndpoint' via factory method to bean named 'springBootLoggingSystem'
2026-05-21  10:35:23.399 [39mDEBUG[0;39m [main][N/A] [36morg.springframework.beans.factory.support.DefaultListableBeanFactory[0;39m - Creating shared instance of singleton bean 'heapDumpWebEndpoint'
2026-05-21  10:35:23.399 [39mDEBUG[0;39m [main][N/A] [36morg.springframework.beans.factory.support.DefaultListableBeanFactory[0;39m - Creating shared instance of singleton bean 'org.springframework.boot.actuate.autoconfigure.management.HeapDumpWebEndpointAutoConfiguration'
2026-05-21  10:35:23.400 [39mDEBUG[0;39m [main][N/A] [36morg.springframework.beans.factory.support.DefaultListableBeanFactory[0;39m - Creating shared instance of singleton bean 'dumpEndpoint'
2026-05-21  10:35:23.400 [39mDEBUG[0;39m [main][N/A] [36morg.springframework.beans.factory.support.DefaultListableBeanFactory[0;39m - Creating shared instance of singleton bean 'org.springframework.boot.actuate.autoconfigure.management.ThreadDumpEndpointAutoConfiguration'
2026-05-21  10:35:23.400 [39mDEBUG[0;39m [main][N/A] [36morg.springframework.beans.factory.support.DefaultListableBeanFactory[0;39m - Creating shared instance of singleton bean 'metricsEndpoint'
2026-05-21  10:35:23.400 [39mDEBUG[0;39m [main][N/A] [36morg.springframework.beans.factory.support.DefaultListableBeanFactory[0;39m - Creating shared instance of singleton bean 'org.springframework.boot.actuate.autoconfigure.metrics.MetricsEndpointAutoConfiguration'
2026-05-21  10:35:23.401 [39mDEBUG[0;39m [main][N/A] [36morg.springframework.beans.factory.support.DefaultListableBeanFactory[0;39m - Autowiring by type from bean name 'metricsEndpoint' via factory method to bean named 'simpleMeterRegistry'
2026-05-21  10:35:23.401 [39mDEBUG[0;39m [main][N/A] [36morg.springframework.beans.factory.support.DefaultListableBeanFactory[0;39m - Creating shared instance of singleton bean 'sbomEndpoint'
2026-05-21  10:35:23.401 [39mDEBUG[0;39m [main][N/A] [36morg.springframework.beans.factory.support.DefaultListableBeanFactory[0;39m - Creating shared instance of singleton bean 'org.springframework.boot.actuate.autoconfigure.sbom.SbomEndpointAutoConfiguration'
2026-05-21  10:35:23.401 [39mDEBUG[0;39m [main][N/A] [36morg.springframework.beans.factory.support.DefaultListableBeanFactory[0;39m - Creating shared instance of singleton bean 'management.endpoint.sbom-org.springframework.boot.actuate.sbom.SbomProperties'
2026-05-21  10:35:23.402 [39mDEBUG[0;39m [main][N/A] [36morg.springframework.beans.factory.support.DefaultListableBeanFactory[0;39m - Autowiring by type from bean name 'org.springframework.boot.actuate.autoconfigure.sbom.SbomEndpointAutoConfiguration' via constructor to bean named 'management.endpoint.sbom-org.springframework.boot.actuate.sbom.SbomProperties'
2026-05-21  10:35:23.402 [39mDEBUG[0;39m [main][N/A] [36morg.springframework.beans.factory.support.DefaultListableBeanFactory[0;39m - Autowiring by type from bean name 'sbomEndpoint' via factory method to bean named 'org.springframework.boot.web.servlet.context.AnnotationConfigServletWebServerApplicationContext@777c9dc9'
2026-05-21  10:35:23.402 [39mDEBUG[0;39m [main][N/A] [36morg.springframework.beans.factory.support.DefaultListableBeanFactory[0;39m - Creating shared instance of singleton bean 'scheduledTasksEndpoint'
2026-05-21  10:35:23.402 [39mDEBUG[0;39m [main][N/A] [36morg.springframework.beans.factory.support.DefaultListableBeanFactory[0;39m - Creating shared instance of singleton bean 'org.springframework.boot.actuate.autoconfigure.scheduling.ScheduledTasksEndpointAutoConfiguration'
2026-05-21  10:35:23.403 [39mDEBUG[0;39m [main][N/A] [36morg.springframework.beans.factory.support.DefaultListableBeanFactory[0;39m - Creating shared instance of singleton bean 'mappingsEndpoint'
2026-05-21  10:35:23.403 [39mDEBUG[0;39m [main][N/A] [36morg.springframework.beans.factory.support.DefaultListableBeanFactory[0;39m - Creating shared instance of singleton bean 'org.springframework.boot.actuate.autoconfigure.web.mappings.MappingsEndpointAutoConfiguration'
2026-05-21  10:35:23.403 [39mDEBUG[0;39m [main][N/A] [36morg.springframework.beans.factory.support.DefaultListableBeanFactory[0;39m - Autowiring by type from bean name 'mappingsEndpoint' via factory method to bean named 'org.springframework.boot.web.servlet.context.AnnotationConfigServletWebServerApplicationContext@777c9dc9'
2026-05-21  10:35:23.405 [39mDEBUG[0;39m [main][N/A] [36morg.springframework.beans.factory.support.DefaultListableBeanFactory[0;39m - Creating shared instance of singleton bean 'dispatcherServletMappingDescriptionProvider'
2026-05-21  10:35:23.405 [39mDEBUG[0;39m [main][N/A] [36morg.springframework.beans.factory.support.DefaultListableBeanFactory[0;39m - Creating shared instance of singleton bean 'org.springframework.boot.actuate.autoconfigure.web.mappings.MappingsEndpointAutoConfiguration$ServletWebConfiguration$SpringMvcConfiguration'
2026-05-21  10:35:23.406 [39mDEBUG[0;39m [main][N/A] [36morg.springframework.beans.factory.support.DefaultListableBeanFactory[0;39m - Creating shared instance of singleton bean 'servletMappingDescriptionProvider'
2026-05-21  10:35:23.406 [39mDEBUG[0;39m [main][N/A] [36morg.springframework.beans.factory.support.DefaultListableBeanFactory[0;39m - Creating shared instance of singleton bean 'org.springframework.boot.actuate.autoconfigure.web.mappings.MappingsEndpointAutoConfiguration$ServletWebConfiguration'
2026-05-21  10:35:23.406 [39mDEBUG[0;39m [main][N/A] [36morg.springframework.beans.factory.support.DefaultListableBeanFactory[0;39m - Creating shared instance of singleton bean 'filterMappingDescriptionProvider'
2026-05-21  10:35:23.410 [39mDEBUG[0;39m [main][N/A] [36morg.springframework.beans.factory.support.DefaultListableBeanFactory[0;39m - Creating shared instance of singleton bean 'webEndpointServletHandlerMapping'
2026-05-21  10:35:23.410 [39mDEBUG[0;39m [main][N/A] [36morg.springframework.beans.factory.support.DefaultListableBeanFactory[0;39m - Creating shared instance of singleton bean 'org.springframework.boot.actuate.autoconfigure.endpoint.web.servlet.WebMvcEndpointManagementContextConfiguration'
2026-05-21  10:35:23.410 [39mDEBUG[0;39m [main][N/A] [36morg.springframework.beans.factory.support.DefaultListableBeanFactory[0;39m - Creating shared instance of singleton bean 'controllerEndpointDiscoverer'
2026-05-21  10:35:23.411 [39mDEBUG[0;39m [main][N/A] [36morg.springframework.beans.factory.support.DefaultListableBeanFactory[0;39m - Creating shared instance of singleton bean 'controllerExposeExcludePropertyEndpointFilter'
2026-05-21  10:35:23.411 [39mDEBUG[0;39m [main][N/A] [36morg.springframework.beans.factory.support.DefaultListableBeanFactory[0;39m - Creating shared instance of singleton bean 'management.endpoints.web.cors-org.springframework.boot.actuate.autoconfigure.endpoint.web.CorsEndpointProperties'
2026-05-21  10:35:23.413 [39mDEBUG[0;39m [main][N/A] [36morg.springframework.beans.factory.support.DefaultListableBeanFactory[0;39m - Autowiring by type from bean name 'webEndpointServletHandlerMapping' via factory method to bean named 'webEndpointDiscoverer'
2026-05-21  10:35:23.413 [39mDEBUG[0;39m [main][N/A] [36morg.springframework.beans.factory.support.DefaultListableBeanFactory[0;39m - Autowiring by type from bean name 'webEndpointServletHandlerMapping' via factory method to bean named 'servletEndpointDiscoverer'
2026-05-21  10:35:23.413 [39mDEBUG[0;39m [main][N/A] [36morg.springframework.beans.factory.support.DefaultListableBeanFactory[0;39m - Autowiring by type from bean name 'webEndpointServletHandlerMapping' via factory method to bean named 'controllerEndpointDiscoverer'
2026-05-21  10:35:23.413 [39mDEBUG[0;39m [main][N/A] [36morg.springframework.beans.factory.support.DefaultListableBeanFactory[0;39m - Autowiring by type from bean name 'webEndpointServletHandlerMapping' via factory method to bean named 'endpointMediaTypes'
2026-05-21  10:35:23.413 [39mDEBUG[0;39m [main][N/A] [36morg.springframework.beans.factory.support.DefaultListableBeanFactory[0;39m - Autowiring by type from bean name 'webEndpointServletHandlerMapping' via factory method to bean named 'management.endpoints.web.cors-org.springframework.boot.actuate.autoconfigure.endpoint.web.CorsEndpointProperties'
2026-05-21  10:35:23.413 [39mDEBUG[0;39m [main][N/A] [36morg.springframework.beans.factory.support.DefaultListableBeanFactory[0;39m - Autowiring by type from bean name 'webEndpointServletHandlerMapping' via factory method to bean named 'management.endpoints.web-org.springframework.boot.actuate.autoconfigure.endpoint.web.WebEndpointProperties'
2026-05-21  10:35:23.413 [39mDEBUG[0;39m [main][N/A] [36morg.springframework.beans.factory.support.DefaultListableBeanFactory[0;39m - Autowiring by type from bean name 'webEndpointServletHandlerMapping' via factory method to bean named 'environment'
2026-05-21  10:35:23.416 [34mINFO [0;39m [main][N/A] [36morg.springframework.boot.actuate.endpoint.web.EndpointLinksResolver[0;39m - Exposing 1 endpoint beneath base path '/actuator'
2026-05-21  10:35:23.419 [39mDEBUG[0;39m [main][N/A] [36morg.springframework.beans.factory.support.DefaultListableBeanFactory[0;39m - Creating shared instance of singleton bean 'controllerEndpointHandlerMapping'
2026-05-21  10:35:23.419 [39mDEBUG[0;39m [main][N/A] [36morg.springframework.beans.factory.support.DefaultListableBeanFactory[0;39m - Autowiring by type from bean name 'controllerEndpointHandlerMapping' via factory method to bean named 'controllerEndpointDiscoverer'
2026-05-21  10:35:23.419 [39mDEBUG[0;39m [main][N/A] [36morg.springframework.beans.factory.support.DefaultListableBeanFactory[0;39m - Autowiring by type from bean name 'controllerEndpointHandlerMapping' via factory method to bean named 'management.endpoints.web.cors-org.springframework.boot.actuate.autoconfigure.endpoint.web.CorsEndpointProperties'
2026-05-21  10:35:23.419 [39mDEBUG[0;39m [main][N/A] [36morg.springframework.beans.factory.support.DefaultListableBeanFactory[0;39m - Autowiring by type from bean name 'controllerEndpointHandlerMapping' via factory method to bean named 'management.endpoints.web-org.springframework.boot.actuate.autoconfigure.endpoint.web.WebEndpointProperties'
2026-05-21  10:35:23.426 [39mDEBUG[0;39m [main][N/A] [36morg.springframework.beans.factory.support.DefaultListableBeanFactory[0;39m - Creating shared instance of singleton bean 'jwtDecoder'
2026-05-21  10:35:23.431 [39mDEBUG[0;39m [main][N/A] [36morg.springframework.security.web.DefaultSecurityFilterChain[0;39m - Will secure Or [Mvc [pattern='/api/**'], Mvc [pattern='/v1/**']] with filters: DisableEncodeUrlFilter, WebAsyncManagerIntegrationFilter, SecurityContextHolderFilter, HeaderWriterFilter, LogoutFilter, BearerTokenAuthenticationFilter, RequestCacheAwareFilter, SecurityContextHolderAwareRequestFilter, AnonymousAuthenticationFilter, SessionManagementFilter, ExceptionTranslationFilter, AuthorizationFilter
2026-05-21  10:35:23.431 [39mDEBUG[0;39m [main][N/A] [36morg.springframework.beans.factory.support.DefaultListableBeanFactory[0;39m - Creating shared instance of singleton bean 'org.springframework.boot.autoconfigure.context.PropertyPlaceholderAutoConfiguration'
2026-05-21  10:35:23.431 [39mDEBUG[0;39m [main][N/A] [36morg.springframework.beans.factory.support.DefaultListableBeanFactory[0;39m - Creating shared instance of singleton bean 'org.springframework.boot.autoconfigure.websocket.servlet.WebSocketServletAutoConfiguration'
2026-05-21  10:35:23.431 [39mDEBUG[0;39m [main][N/A] [36morg.springframework.beans.factory.support.DefaultListableBeanFactory[0;39m - Creating shared instance of singleton bean 'org.springframework.boot.autoconfigure.web.servlet.DispatcherServletAutoConfiguration'
2026-05-21  10:35:23.431 [39mDEBUG[0;39m [main][N/A] [36morg.springframework.beans.factory.support.DefaultListableBeanFactory[0;39m - Creating shared instance of singleton bean 'org.springframework.boot.autoconfigure.task.TaskExecutorConfigurations$ThreadPoolTaskExecutorBuilderConfiguration'
2026-05-21  10:35:23.431 [39mDEBUG[0;39m [main][N/A] [36morg.springframework.beans.factory.support.DefaultListableBeanFactory[0;39m - Creating shared instance of singleton bean 'threadPoolTaskExecutorBuilder'
2026-05-21  10:35:23.431 [39mDEBUG[0;39m [main][N/A] [36morg.springframework.beans.factory.support.DefaultListableBeanFactory[0;39m - Creating shared instance of singleton bean 'spring.task.execution-org.springframework.boot.autoconfigure.task.TaskExecutionProperties'
2026-05-21  10:35:23.432 [39mDEBUG[0;39m [main][N/A] [36morg.springframework.beans.factory.support.DefaultListableBeanFactory[0;39m - Autowiring by type from bean name 'threadPoolTaskExecutorBuilder' via factory method to bean named 'spring.task.execution-org.springframework.boot.autoconfigure.task.TaskExecutionProperties'
2026-05-21  10:35:23.433 [39mDEBUG[0;39m [main][N/A] [36morg.springframework.beans.factory.support.DefaultListableBeanFactory[0;39m - Creating shared instance of singleton bean 'org.springframework.boot.autoconfigure.task.TaskExecutorConfigurations$TaskExecutorBuilderConfiguration'
2026-05-21  10:35:23.433 [39mDEBUG[0;39m [main][N/A] [36morg.springframework.beans.factory.support.DefaultListableBeanFactory[0;39m - Creating shared instance of singleton bean 'taskExecutorBuilder'
2026-05-21  10:35:23.433 [39mDEBUG[0;39m [main][N/A] [36morg.springframework.beans.factory.support.DefaultListableBeanFactory[0;39m - Autowiring by type from bean name 'taskExecutorBuilder' via factory method to bean named 'spring.task.execution-org.springframework.boot.autoconfigure.task.TaskExecutionProperties'
2026-05-21  10:35:23.433 [39mDEBUG[0;39m [main][N/A] [36morg.springframework.beans.factory.support.DefaultListableBeanFactory[0;39m - Creating shared instance of singleton bean 'org.springframework.boot.autoconfigure.task.TaskExecutorConfigurations$SimpleAsyncTaskExecutorBuilderConfiguration'
2026-05-21  10:35:23.434 [39mDEBUG[0;39m [main][N/A] [36morg.springframework.beans.factory.support.DefaultListableBeanFactory[0;39m - Autowiring by type from bean name 'org.springframework.boot.autoconfigure.task.TaskExecutorConfigurations$SimpleAsyncTaskExecutorBuilderConfiguration' via constructor to bean named 'spring.task.execution-org.springframework.boot.autoconfigure.task.TaskExecutionProperties'
2026-05-21  10:35:23.434 [39mDEBUG[0;39m [main][N/A] [36morg.springframework.beans.factory.support.DefaultListableBeanFactory[0;39m - Creating shared instance of singleton bean 'simpleAsyncTaskExecutorBuilder'
2026-05-21  10:35:23.434 [39mDEBUG[0;39m [main][N/A] [36morg.springframework.beans.factory.support.DefaultListableBeanFactory[0;39m - Creating shared instance of singleton bean 'org.springframework.boot.autoconfigure.task.TaskExecutorConfigurations$TaskExecutorConfiguration'
2026-05-21  10:35:23.434 [39mDEBUG[0;39m [main][N/A] [36morg.springframework.beans.factory.support.DefaultListableBeanFactory[0;39m - Creating shared instance of singleton bean 'org.springframework.boot.autoconfigure.task.TaskExecutionAutoConfiguration'
2026-05-21  10:35:23.434 [39mDEBUG[0;39m [main][N/A] [36morg.springframework.beans.factory.support.DefaultListableBeanFactory[0;39m - Creating shared instance of singleton bean 'org.springframework.boot.autoconfigure.validation.ValidationAutoConfiguration'
2026-05-21  10:35:23.435 [39mDEBUG[0;39m [main][N/A] [36morg.springframework.beans.factory.support.DefaultListableBeanFactory[0;39m - Creating shared instance of singleton bean 'defaultValidator'
2026-05-21  10:35:23.435 [39mDEBUG[0;39m [main][N/A] [36morg.springframework.beans.factory.support.DefaultListableBeanFactory[0;39m - Autowiring by type from bean name 'defaultValidator' via factory method to bean named 'org.springframework.boot.web.servlet.context.AnnotationConfigServletWebServerApplicationContext@777c9dc9'
2026-05-21  10:35:23.436 [39mDEBUG[0;39m [main][N/A] [36morg.hibernate.validator.messageinterpolation.ResourceBundleMessageInterpolator[0;39m - Loaded expression factory via original TCCL
2026-05-21  10:35:23.438 [39mDEBUG[0;39m [main][N/A] [36morg.hibernate.validator.internal.engine.AbstractConfigurationImpl[0;39m - Setting custom MessageInterpolator of type org.springframework.validation.beanvalidation.LocaleContextMessageInterpolator
2026-05-21  10:35:23.439 [39mDEBUG[0;39m [main][N/A] [36morg.hibernate.validator.internal.engine.AbstractConfigurationImpl[0;39m - Setting custom ConstraintValidatorFactory of type org.springframework.validation.beanvalidation.SpringConstraintValidatorFactory
2026-05-21  10:35:23.439 [39mDEBUG[0;39m [main][N/A] [36morg.hibernate.validator.internal.xml.config.ValidationXmlParser[0;39m - Trying to load META-INF/validation.xml for XML based Validator configuration.
2026-05-21  10:35:23.439 [39mDEBUG[0;39m [main][N/A] [36morg.hibernate.validator.internal.xml.config.ResourceLoaderHelper[0;39m - Trying to load META-INF/validation.xml via user class loader
2026-05-21  10:35:23.439 [39mDEBUG[0;39m [main][N/A] [36morg.hibernate.validator.internal.xml.config.ResourceLoaderHelper[0;39m - Trying to load META-INF/validation.xml via TCCL
2026-05-21  10:35:23.439 [39mDEBUG[0;39m [main][N/A] [36morg.hibernate.validator.internal.xml.config.ResourceLoaderHelper[0;39m - Trying to load META-INF/validation.xml via Hibernate Validator's class loader
2026-05-21  10:35:23.440 [39mDEBUG[0;39m [main][N/A] [36morg.hibernate.validator.internal.xml.config.ValidationXmlParser[0;39m - No META-INF/validation.xml found. Using annotation based configuration only.
2026-05-21  10:35:23.440 [39mDEBUG[0;39m [main][N/A] [36morg.hibernate.validator.internal.engine.resolver.TraversableResolvers[0;39m - Cannot find jakarta.persistence.Persistence on classpath. Assuming non JPA 2 environment. All properties will per default be traversable.
2026-05-21  10:35:23.440 [39mDEBUG[0;39m [main][N/A] [36morg.hibernate.validator.internal.engine.ValidatorFactoryConfigurationHelper[0;39m - HV000252: Using org.hibernate.validator.internal.engine.DefaultPropertyNodeNameProvider as property node name provider.
2026-05-21  10:35:23.441 [39mDEBUG[0;39m [main][N/A] [36morg.hibernate.validator.internal.engine.ValidatorFactoryConfigurationHelper[0;39m - HV000234: Using org.springframework.validation.beanvalidation.LocaleContextMessageInterpolator as ValidatorFactory-scoped message interpolator.
2026-05-21  10:35:23.441 [39mDEBUG[0;39m [main][N/A] [36morg.hibernate.validator.internal.engine.ValidatorFactoryConfigurationHelper[0;39m - HV000234: Using org.hibernate.validator.internal.engine.resolver.TraverseAllTraversableResolver as ValidatorFactory-scoped traversable resolver.
2026-05-21  10:35:23.441 [39mDEBUG[0;39m [main][N/A] [36morg.hibernate.validator.internal.engine.ValidatorFactoryConfigurationHelper[0;39m - HV000234: Using org.hibernate.validator.internal.util.ExecutableParameterNameProvider as ValidatorFactory-scoped parameter name provider.
2026-05-21  10:35:23.441 [39mDEBUG[0;39m [main][N/A] [36morg.hibernate.validator.internal.engine.ValidatorFactoryConfigurationHelper[0;39m - HV000234: Using org.hibernate.validator.internal.engine.DefaultClockProvider as ValidatorFactory-scoped clock provider.
2026-05-21  10:35:23.441 [39mDEBUG[0;39m [main][N/A] [36morg.hibernate.validator.internal.engine.ValidatorFactoryConfigurationHelper[0;39m - HV000234: Using org.hibernate.validator.internal.engine.scripting.DefaultScriptEvaluatorFactory as ValidatorFactory-scoped script evaluator factory.
2026-05-21  10:35:23.441 [39mDEBUG[0;39m [main][N/A] [36morg.springframework.beans.factory.support.DefaultListableBeanFactory[0;39m - Creating shared instance of singleton bean 'org.springframework.boot.autoconfigure.web.servlet.error.ErrorMvcAutoConfiguration$WhitelabelErrorViewConfiguration'
2026-05-21  10:35:23.442 [39mDEBUG[0;39m [main][N/A] [36morg.springframework.beans.factory.support.DefaultListableBeanFactory[0;39m - Creating shared instance of singleton bean 'error'
2026-05-21  10:35:23.442 [39mDEBUG[0;39m [main][N/A] [36morg.springframework.beans.factory.support.DefaultListableBeanFactory[0;39m - Creating shared instance of singleton bean 'beanNameViewResolver'
2026-05-21  10:35:23.442 [39mDEBUG[0;39m [main][N/A] [36morg.springframework.beans.factory.support.DefaultListableBeanFactory[0;39m - Creating shared instance of singleton bean 'org.springframework.boot.autoconfigure.web.servlet.error.ErrorMvcAutoConfiguration$DefaultErrorViewResolverConfiguration'
2026-05-21  10:35:23.442 [39mDEBUG[0;39m [main][N/A] [36morg.springframework.beans.factory.support.DefaultListableBeanFactory[0;39m - Autowiring by type from bean name 'org.springframework.boot.autoconfigure.web.servlet.error.ErrorMvcAutoConfiguration$DefaultErrorViewResolverConfiguration' via constructor to bean named 'org.springframework.boot.web.servlet.context.AnnotationConfigServletWebServerApplicationContext@777c9dc9'
2026-05-21  10:35:23.442 [39mDEBUG[0;39m [main][N/A] [36morg.springframework.beans.factory.support.DefaultListableBeanFactory[0;39m - Autowiring by type from bean name 'org.springframework.boot.autoconfigure.web.servlet.error.ErrorMvcAutoConfiguration$DefaultErrorViewResolverConfiguration' via constructor to bean named 'spring.web-org.springframework.boot.autoconfigure.web.WebProperties'
2026-05-21  10:35:23.442 [39mDEBUG[0;39m [main][N/A] [36morg.springframework.beans.factory.support.DefaultListableBeanFactory[0;39m - Creating shared instance of singleton bean 'conventionErrorViewResolver'
2026-05-21  10:35:23.442 [39mDEBUG[0;39m [main][N/A] [36morg.springframework.beans.factory.support.DefaultListableBeanFactory[0;39m - Creating shared instance of singleton bean 'errorAttributes'
2026-05-21  10:35:23.442 [39mDEBUG[0;39m [main][N/A] [36morg.springframework.beans.factory.support.DefaultListableBeanFactory[0;39m - Creating shared instance of singleton bean 'basicErrorController'
2026-05-21  10:35:23.444 [39mDEBUG[0;39m [main][N/A] [36morg.springframework.beans.factory.support.DefaultListableBeanFactory[0;39m - Autowiring by type from bean name 'basicErrorController' via factory method to bean named 'errorAttributes'
2026-05-21  10:35:23.444 [39mDEBUG[0;39m [main][N/A] [36morg.springframework.beans.factory.support.DefaultListableBeanFactory[0;39m - Creating shared instance of singleton bean 'localeResolver'
2026-05-21  10:35:23.445 [39mDEBUG[0;39m [main][N/A] [36morg.springframework.beans.factory.support.DefaultListableBeanFactory[0;39m - Creating shared instance of singleton bean 'themeResolver'
2026-05-21  10:35:23.446 [39mDEBUG[0;39m [main][N/A] [36morg.springframework.beans.factory.support.DefaultListableBeanFactory[0;39m - Creating shared instance of singleton bean 'flashMapManager'
2026-05-21  10:35:23.447 [39mDEBUG[0;39m [main][N/A] [36morg.springframework.beans.factory.support.DefaultListableBeanFactory[0;39m - Creating shared instance of singleton bean 'mvcValidator'
2026-05-21  10:35:23.447 [39mDEBUG[0;39m [main][N/A] [36morg.springframework.beans.factory.support.DefaultListableBeanFactory[0;39m - Creating shared instance of singleton bean 'mvcPatternParser'
2026-05-21  10:35:23.447 [39mDEBUG[0;39m [main][N/A] [36morg.springframework.beans.factory.support.DefaultListableBeanFactory[0;39m - Creating shared instance of singleton bean 'mvcUrlPathHelper'
2026-05-21  10:35:23.448 [39mDEBUG[0;39m [main][N/A] [36morg.springframework.beans.factory.support.DefaultListableBeanFactory[0;39m - Creating shared instance of singleton bean 'mvcPathMatcher'
2026-05-21  10:35:23.448 [39mDEBUG[0;39m [main][N/A] [36morg.springframework.beans.factory.support.DefaultListableBeanFactory[0;39m - Creating shared instance of singleton bean 'requestMappingHandlerAdapter'
2026-05-21  10:35:23.448 [39mDEBUG[0;39m [main][N/A] [36morg.springframework.beans.factory.support.DefaultListableBeanFactory[0;39m - Autowiring by type from bean name 'requestMappingHandlerAdapter' via factory method to bean named 'mvcContentNegotiationManager'
2026-05-21  10:35:23.448 [39mDEBUG[0;39m [main][N/A] [36morg.springframework.beans.factory.support.DefaultListableBeanFactory[0;39m - Autowiring by type from bean name 'requestMappingHandlerAdapter' via factory method to bean named 'mvcConversionService'
2026-05-21  10:35:23.448 [39mDEBUG[0;39m [main][N/A] [36morg.springframework.beans.factory.support.DefaultListableBeanFactory[0;39m - Autowiring by type from bean name 'requestMappingHandlerAdapter' via factory method to bean named 'mvcValidator'
2026-05-21  10:35:23.451 [39mDEBUG[0;39m [main][N/A] [36morg.springframework.beans.factory.support.DefaultListableBeanFactory[0;39m - Creating shared instance of singleton bean 'sortResolver'
2026-05-21  10:35:23.452 [39mDEBUG[0;39m [main][N/A] [36morg.springframework.beans.factory.support.DefaultListableBeanFactory[0;39m - Creating shared instance of singleton bean 'sortCustomizer'
2026-05-21  10:35:23.452 [39mDEBUG[0;39m [main][N/A] [36morg.springframework.beans.factory.support.DefaultListableBeanFactory[0;39m - Creating shared instance of singleton bean 'org.springframework.boot.autoconfigure.data.web.SpringDataWebAutoConfiguration'
2026-05-21  10:35:23.452 [39mDEBUG[0;39m [main][N/A] [36morg.springframework.beans.factory.support.DefaultListableBeanFactory[0;39m - Creating shared instance of singleton bean 'spring.data.web-org.springframework.boot.autoconfigure.data.web.SpringDataWebProperties'
2026-05-21  10:35:23.453 [39mDEBUG[0;39m [main][N/A] [36morg.springframework.beans.factory.support.DefaultListableBeanFactory[0;39m - Autowiring by type from bean name 'org.springframework.boot.autoconfigure.data.web.SpringDataWebAutoConfiguration' via constructor to bean named 'spring.data.web-org.springframework.boot.autoconfigure.data.web.SpringDataWebProperties'
2026-05-21  10:35:23.455 [39mDEBUG[0;39m [main][N/A] [36morg.springframework.beans.factory.support.DefaultListableBeanFactory[0;39m - Creating shared instance of singleton bean 'pageableResolver'
2026-05-21  10:35:23.455 [39mDEBUG[0;39m [main][N/A] [36morg.springframework.beans.factory.support.DefaultListableBeanFactory[0;39m - Creating shared instance of singleton bean 'pageableCustomizer'
2026-05-21  10:35:23.457 [39mDEBUG[0;39m [main][N/A] [36morg.springframework.beans.factory.support.DefaultListableBeanFactory[0;39m - Creating shared instance of singleton bean 'applicationTaskExecutor'
2026-05-21  10:35:23.457 [39mDEBUG[0;39m [main][N/A] [36morg.springframework.beans.factory.support.DefaultListableBeanFactory[0;39m - Autowiring by type from bean name 'applicationTaskExecutor' via factory method to bean named 'taskExecutorBuilder'
2026-05-21  10:35:23.460 [39mDEBUG[0;39m [main][N/A] [36morg.springframework.scheduling.concurrent.ThreadPoolTaskExecutor[0;39m - Initializing ExecutorService 'applicationTaskExecutor'
2026-05-21  10:35:23.466 [39mDEBUG[0;39m [main][N/A] [36mo.springframework.web.servlet.mvc.method.annotation.RequestMappingHandlerAdapter[0;39m - ControllerAdvice beans: 0 @ModelAttribute, 0 @InitBinder, 1 RequestBodyAdvice, 1 ResponseBodyAdvice
2026-05-21  10:35:23.480 [39mDEBUG[0;39m [main][N/A] [36morg.springframework.beans.factory.support.DefaultListableBeanFactory[0;39m - Creating shared instance of singleton bean 'handlerFunctionAdapter'
2026-05-21  10:35:23.482 [39mDEBUG[0;39m [main][N/A] [36morg.springframework.beans.factory.support.DefaultListableBeanFactory[0;39m - Creating shared instance of singleton bean 'mvcUriComponentsContributor'
2026-05-21  10:35:23.482 [39mDEBUG[0;39m [main][N/A] [36morg.springframework.beans.factory.support.DefaultListableBeanFactory[0;39m - Autowiring by type from bean name 'mvcUriComponentsContributor' via factory method to bean named 'mvcConversionService'
2026-05-21  10:35:23.482 [39mDEBUG[0;39m [main][N/A] [36morg.springframework.beans.factory.support.DefaultListableBeanFactory[0;39m - Autowiring by type from bean name 'mvcUriComponentsContributor' via factory method to bean named 'requestMappingHandlerAdapter'
2026-05-21  10:35:23.482 [39mDEBUG[0;39m [main][N/A] [36morg.springframework.beans.factory.support.DefaultListableBeanFactory[0;39m - Creating shared instance of singleton bean 'httpRequestHandlerAdapter'
2026-05-21  10:35:23.483 [39mDEBUG[0;39m [main][N/A] [36morg.springframework.beans.factory.support.DefaultListableBeanFactory[0;39m - Creating shared instance of singleton bean 'simpleControllerHandlerAdapter'
2026-05-21  10:35:23.483 [39mDEBUG[0;39m [main][N/A] [36morg.springframework.beans.factory.support.DefaultListableBeanFactory[0;39m - Creating shared instance of singleton bean 'handlerExceptionResolver'
2026-05-21  10:35:23.483 [39mDEBUG[0;39m [main][N/A] [36morg.springframework.beans.factory.support.DefaultListableBeanFactory[0;39m - Autowiring by type from bean name 'handlerExceptionResolver' via factory method to bean named 'mvcContentNegotiationManager'
2026-05-21  10:35:23.485 [39mDEBUG[0;39m [main][N/A] [36mo.s.web.servlet.mvc.method.annotation.ExceptionHandlerExceptionResolver[0;39m - ControllerAdvice beans: 1 @ExceptionHandler, 1 ResponseBodyAdvice
2026-05-21  10:35:23.486 [39mDEBUG[0;39m [main][N/A] [36morg.springframework.beans.factory.support.DefaultListableBeanFactory[0;39m - Creating shared instance of singleton bean 'mvcViewResolver'
2026-05-21  10:35:23.486 [39mDEBUG[0;39m [main][N/A] [36morg.springframework.beans.factory.support.DefaultListableBeanFactory[0;39m - Autowiring by type from bean name 'mvcViewResolver' via factory method to bean named 'mvcContentNegotiationManager'
2026-05-21  10:35:23.488 [39mDEBUG[0;39m [main][N/A] [36morg.springframework.beans.factory.support.DefaultListableBeanFactory[0;39m - Creating shared instance of singleton bean 'viewNameTranslator'
2026-05-21  10:35:23.488 [39mDEBUG[0;39m [main][N/A] [36morg.springframework.beans.factory.support.DefaultListableBeanFactory[0;39m - Creating shared instance of singleton bean 'defaultViewResolver'
2026-05-21  10:35:23.491 [39mDEBUG[0;39m [main][N/A] [36morg.springframework.beans.factory.support.DefaultListableBeanFactory[0;39m - Creating shared instance of singleton bean 'viewResolver'
2026-05-21  10:35:23.491 [39mDEBUG[0;39m [main][N/A] [36morg.springframework.beans.factory.support.DefaultListableBeanFactory[0;39m - Autowiring by type from bean name 'viewResolver' via factory method to bean named 'org.springframework.beans.factory.support.DefaultListableBeanFactory@1dab9dd6'
2026-05-21  10:35:23.491 [39mDEBUG[0;39m [main][N/A] [36morg.springframework.beans.factory.support.DefaultListableBeanFactory[0;39m - Creating shared instance of singleton bean 'viewResolver'
2026-05-21  10:35:23.492 [39mDEBUG[0;39m [main][N/A] [36morg.springframework.beans.factory.support.DefaultListableBeanFactory[0;39m - Creating shared instance of singleton bean 'com.alibaba.druid.spring.boot3.autoconfigure.stat.DruidFilterConfiguration'
2026-05-21  10:35:23.497 [39mDEBUG[0;39m [main][N/A] [36morg.springframework.beans.factory.support.DefaultListableBeanFactory[0;39m - Creating shared instance of singleton bean 'spring.datasource.druid-com.alibaba.druid.spring.boot3.autoconfigure.properties.DruidStatProperties'
2026-05-21  10:35:23.499 [39mDEBUG[0;39m [main][N/A] [36morg.springframework.beans.factory.support.DefaultListableBeanFactory[0;39m - Creating shared instance of singleton bean 'com.baomidou.mybatisplus.autoconfigure.DdlAutoConfiguration'
2026-05-21  10:35:23.499 [39mDEBUG[0;39m [main][N/A] [36morg.springframework.beans.factory.support.DefaultListableBeanFactory[0;39m - Creating shared instance of singleton bean 'org.springframework.boot.autoconfigure.jdbc.metadata.DataSourcePoolMetadataProvidersConfiguration'
2026-05-21  10:35:23.499 [39mDEBUG[0;39m [main][N/A] [36morg.springframework.beans.factory.support.DefaultListableBeanFactory[0;39m - Creating shared instance of singleton bean 'org.springframework.boot.autoconfigure.jdbc.DataSourceAutoConfiguration'
2026-05-21  10:35:23.499 [39mDEBUG[0;39m [main][N/A] [36morg.springframework.beans.factory.support.DefaultListableBeanFactory[0;39m - Creating shared instance of singleton bean 'configPropsSingleton'
2026-05-21  10:35:23.500 [39mDEBUG[0;39m [main][N/A] [36morg.springframework.beans.factory.support.DefaultListableBeanFactory[0;39m - Autowiring by type from bean name 'configPropsSingleton' via factory method to bean named 'envCopy'
2026-05-21  10:35:23.500 [39mDEBUG[0;39m [main][N/A] [36morg.springframework.beans.factory.support.DefaultListableBeanFactory[0;39m - Creating shared instance of singleton bean 'com.ulisesbocchio.jasyptspringboot.configuration.CachingConfiguration'
2026-05-21  10:35:23.500 [39mDEBUG[0;39m [main][N/A] [36morg.springframework.beans.factory.support.DefaultListableBeanFactory[0;39m - Creating shared instance of singleton bean 'refreshScopeRefreshedEventListener'
2026-05-21  10:35:23.501 [39mDEBUG[0;39m [main][N/A] [36morg.springframework.beans.factory.support.DefaultListableBeanFactory[0;39m - Autowiring by type from bean name 'refreshScopeRefreshedEventListener' via factory method to bean named 'environment'
2026-05-21  10:35:23.501 [39mDEBUG[0;39m [main][N/A] [36morg.springframework.beans.factory.support.DefaultListableBeanFactory[0;39m - Autowiring by type from bean name 'refreshScopeRefreshedEventListener' via factory method to bean named 'encryptablePropertySourceConverter'
2026-05-21  10:35:23.501 [39mDEBUG[0;39m [main][N/A] [36morg.springframework.beans.factory.support.DefaultListableBeanFactory[0;39m - Autowiring by type from bean name 'refreshScopeRefreshedEventListener' via factory method to bean named 'configPropsSingleton'
2026-05-21  10:35:23.503 [39mDEBUG[0;39m [main][N/A] [36morg.springframework.beans.factory.support.DefaultListableBeanFactory[0;39m - Creating shared instance of singleton bean 'com.ulisesbocchio.jasyptspringboot.configuration.EnableEncryptablePropertiesConfiguration'
2026-05-21  10:35:23.503 [39mDEBUG[0;39m [main][N/A] [36morg.springframework.beans.factory.support.DefaultListableBeanFactory[0;39m - Creating shared instance of singleton bean 'com.ulisesbocchio.jasyptspringbootstarter.JasyptSpringBootAutoConfiguration'
2026-05-21  10:35:23.503 [39mDEBUG[0;39m [main][N/A] [36morg.springframework.beans.factory.support.DefaultListableBeanFactory[0;39m - Creating shared instance of singleton bean 'stringRedisTemplate'
2026-05-21  10:35:23.503 [39mDEBUG[0;39m [main][N/A] [36morg.springframework.beans.factory.support.DefaultListableBeanFactory[0;39m - Autowiring by type from bean name 'stringRedisTemplate' via factory method to bean named 'redissonConnectionFactory'
2026-05-21  10:35:23.505 [39mDEBUG[0;39m [main][N/A] [36morg.springframework.beans.factory.support.DefaultListableBeanFactory[0;39m - Creating shared instance of singleton bean 'org.springdoc.core.configuration.SpringDocConfiguration$QuerydslProvider'
2026-05-21  10:35:23.505 [39mDEBUG[0;39m [main][N/A] [36morg.springframework.beans.factory.support.DefaultListableBeanFactory[0;39m - Creating shared instance of singleton bean 'queryDslQuerydslPredicateOperationCustomizer'
2026-05-21  10:35:23.505 [39mDEBUG[0;39m [main][N/A] [36morg.springframework.beans.factory.support.DefaultListableBeanFactory[0;39m - Autowiring by type from bean name 'queryDslQuerydslPredicateOperationCustomizer' via factory method to bean named 'org.springdoc.core.properties.SpringDocConfigProperties'
2026-05-21  10:35:23.505 [39mDEBUG[0;39m [main][N/A] [36morg.springframework.beans.factory.support.DefaultListableBeanFactory[0;39m - Creating shared instance of singleton bean 'org.springdoc.core.configuration.SpringDocConfiguration$OpenApiResourceAdvice'
2026-05-21  10:35:23.505 [39mDEBUG[0;39m [main][N/A] [36morg.springframework.beans.factory.support.DefaultListableBeanFactory[0;39m - Autowiring by type from bean name 'org.springdoc.core.configuration.SpringDocConfiguration$OpenApiResourceAdvice' via constructor to bean named 'org.springdoc.core.configuration.SpringDocConfiguration'
2026-05-21  10:35:23.506 [39mDEBUG[0;39m [main][N/A] [36morg.springframework.beans.factory.support.DefaultListableBeanFactory[0;39m - Creating shared instance of singleton bean 'org.springdoc.core.configuration.SpringDocConfiguration$SpringDocWebFluxSupportConfiguration'
2026-05-21  10:35:23.506 [39mDEBUG[0;39m [main][N/A] [36morg.springframework.beans.factory.support.DefaultListableBeanFactory[0;39m - Creating shared instance of singleton bean 'webFluxSupportConverter'
2026-05-21  10:35:23.506 [39mDEBUG[0;39m [main][N/A] [36morg.springframework.beans.factory.support.DefaultListableBeanFactory[0;39m - Autowiring by type from bean name 'webFluxSupportConverter' via factory method to bean named 'springdocObjectMapperProvider'
2026-05-21  10:35:23.506 [39mDEBUG[0;39m [main][N/A] [36morg.springframework.beans.factory.support.DefaultListableBeanFactory[0;39m - Creating shared instance of singleton bean 'org.springdoc.core.configuration.SpringDocConfiguration$SpringDocSpringDataWebPropertiesProvider'
2026-05-21  10:35:23.506 [39mDEBUG[0;39m [main][N/A] [36morg.springframework.beans.factory.support.DefaultListableBeanFactory[0;39m - Creating shared instance of singleton bean 'springDataWebPropertiesProvider'
2026-05-21  10:35:23.506 [39mDEBUG[0;39m [main][N/A] [36morg.springframework.beans.factory.support.DefaultListableBeanFactory[0;39m - Creating shared instance of singleton bean 'org.springdoc.core.configuration.SpringDocConfiguration$WebConversionServiceConfiguration'
2026-05-21  10:35:23.507 [39mDEBUG[0;39m [main][N/A] [36morg.springframework.beans.factory.support.DefaultListableBeanFactory[0;39m - Creating shared instance of singleton bean 'webConversionServiceProvider'
2026-05-21  10:35:23.507 [39mDEBUG[0;39m [main][N/A] [36morg.springframework.beans.factory.support.DefaultListableBeanFactory[0;39m - Creating shared instance of singleton bean 'localSpringDocParameterNameDiscoverer'
2026-05-21  10:35:23.507 [39mDEBUG[0;39m [main][N/A] [36morg.springframework.beans.factory.support.DefaultListableBeanFactory[0;39m - Creating shared instance of singleton bean 'additionalModelsConverter'
2026-05-21  10:35:23.507 [39mDEBUG[0;39m [main][N/A] [36morg.springframework.beans.factory.support.DefaultListableBeanFactory[0;39m - Autowiring by type from bean name 'additionalModelsConverter' via factory method to bean named 'springdocObjectMapperProvider'
2026-05-21  10:35:23.507 [39mDEBUG[0;39m [main][N/A] [36morg.springframework.beans.factory.support.DefaultListableBeanFactory[0;39m - Creating shared instance of singleton bean 'fileSupportConverter'
2026-05-21  10:35:23.507 [39mDEBUG[0;39m [main][N/A] [36morg.springframework.beans.factory.support.DefaultListableBeanFactory[0;39m - Autowiring by type from bean name 'fileSupportConverter' via factory method to bean named 'springdocObjectMapperProvider'
2026-05-21  10:35:23.507 [39mDEBUG[0;39m [main][N/A] [36morg.springframework.beans.factory.support.DefaultListableBeanFactory[0;39m - Creating shared instance of singleton bean 'responseSupportConverter'
2026-05-21  10:35:23.507 [39mDEBUG[0;39m [main][N/A] [36morg.springframework.beans.factory.support.DefaultListableBeanFactory[0;39m - Autowiring by type from bean name 'responseSupportConverter' via factory method to bean named 'springdocObjectMapperProvider'
2026-05-21  10:35:23.508 [39mDEBUG[0;39m [main][N/A] [36morg.springframework.beans.factory.support.DefaultListableBeanFactory[0;39m - Creating shared instance of singleton bean 'schemaPropertyDeprecatingConverter'
2026-05-21  10:35:23.508 [39mDEBUG[0;39m [main][N/A] [36morg.springframework.beans.factory.support.DefaultListableBeanFactory[0;39m - Creating shared instance of singleton bean 'polymorphicModelConverter'
2026-05-21  10:35:23.508 [39mDEBUG[0;39m [main][N/A] [36morg.springframework.beans.factory.support.DefaultListableBeanFactory[0;39m - Autowiring by type from bean name 'polymorphicModelConverter' via factory method to bean named 'springdocObjectMapperProvider'
2026-05-21  10:35:23.508 [39mDEBUG[0;39m [main][N/A] [36morg.springframework.beans.factory.support.DefaultListableBeanFactory[0;39m - Creating shared instance of singleton bean 'openAPIBuilder'
2026-05-21  10:35:23.509 [39mDEBUG[0;39m [main][N/A] [36morg.springframework.beans.factory.support.DefaultListableBeanFactory[0;39m - Creating shared instance of singleton bean 'securityParser'
2026-05-21  10:35:23.509 [39mDEBUG[0;39m [main][N/A] [36morg.springframework.beans.factory.support.DefaultListableBeanFactory[0;39m - Creating shared instance of singleton bean 'propertyResolverUtils'
2026-05-21  10:35:23.509 [39mDEBUG[0;39m [main][N/A] [36morg.springframework.beans.factory.support.DefaultListableBeanFactory[0;39m - Autowiring by type from bean name 'propertyResolverUtils' via factory method to bean named 'org.springframework.beans.factory.support.DefaultListableBeanFactory@1dab9dd6'
2026-05-21  10:35:23.509 [39mDEBUG[0;39m [main][N/A] [36morg.springframework.beans.factory.support.DefaultListableBeanFactory[0;39m - Autowiring by type from bean name 'propertyResolverUtils' via factory method to bean named 'messageSource'
2026-05-21  10:35:23.509 [39mDEBUG[0;39m [main][N/A] [36morg.springframework.beans.factory.support.DefaultListableBeanFactory[0;39m - Autowiring by type from bean name 'propertyResolverUtils' via factory method to bean named 'org.springdoc.core.properties.SpringDocConfigProperties'
2026-05-21  10:35:23.509 [39mDEBUG[0;39m [main][N/A] [36morg.springframework.beans.factory.support.DefaultListableBeanFactory[0;39m - Autowiring by type from bean name 'securityParser' via factory method to bean named 'propertyResolverUtils'
2026-05-21  10:35:23.510 [39mDEBUG[0;39m [main][N/A] [36morg.springframework.beans.factory.support.DefaultListableBeanFactory[0;39m - Autowiring by type from bean name 'openAPIBuilder' via factory method to bean named 'securityParser'
2026-05-21  10:35:23.510 [39mDEBUG[0;39m [main][N/A] [36morg.springframework.beans.factory.support.DefaultListableBeanFactory[0;39m - Autowiring by type from bean name 'openAPIBuilder' via factory method to bean named 'org.springdoc.core.properties.SpringDocConfigProperties'
2026-05-21  10:35:23.510 [39mDEBUG[0;39m [main][N/A] [36morg.springframework.beans.factory.support.DefaultListableBeanFactory[0;39m - Autowiring by type from bean name 'openAPIBuilder' via factory method to bean named 'propertyResolverUtils'
2026-05-21  10:35:23.511 [39mDEBUG[0;39m [main][N/A] [36morg.springframework.beans.factory.support.DefaultListableBeanFactory[0;39m - Creating shared instance of singleton bean 'modelConverterRegistrar'
2026-05-21  10:35:23.511 [39mDEBUG[0;39m [main][N/A] [36morg.springframework.beans.factory.support.DefaultListableBeanFactory[0;39m - Creating shared instance of singleton bean 'pageableOpenAPIConverter'
2026-05-21  10:35:23.511 [39mDEBUG[0;39m [main][N/A] [36morg.springframework.beans.factory.support.DefaultListableBeanFactory[0;39m - Creating shared instance of singleton bean 'org.springdoc.core.configuration.SpringDocPageableConfiguration'
2026-05-21  10:35:23.511 [39mDEBUG[0;39m [main][N/A] [36morg.springframework.beans.factory.support.DefaultListableBeanFactory[0;39m - Autowiring by type from bean name 'pageableOpenAPIConverter' via factory method to bean named 'springdocObjectMapperProvider'
2026-05-21  10:35:23.511 [39mDEBUG[0;39m [main][N/A] [36morg.springframework.beans.factory.support.DefaultListableBeanFactory[0;39m - Creating shared instance of singleton bean 'pageOpenAPIConverter'
2026-05-21  10:35:23.511 [39mDEBUG[0;39m [main][N/A] [36morg.springframework.beans.factory.support.DefaultListableBeanFactory[0;39m - Autowiring by type from bean name 'pageOpenAPIConverter' via factory method to bean named 'springdocObjectMapperProvider'
2026-05-21  10:35:23.512 [39mDEBUG[0;39m [main][N/A] [36morg.springframework.beans.factory.support.DefaultListableBeanFactory[0;39m - Creating shared instance of singleton bean 'sortOpenAPIConverter'
2026-05-21  10:35:23.512 [39mDEBUG[0;39m [main][N/A] [36morg.springframework.beans.factory.support.DefaultListableBeanFactory[0;39m - Creating shared instance of singleton bean 'org.springdoc.core.configuration.SpringDocSortConfiguration'
2026-05-21  10:35:23.512 [39mDEBUG[0;39m [main][N/A] [36morg.springframework.beans.factory.support.DefaultListableBeanFactory[0;39m - Autowiring by type from bean name 'sortOpenAPIConverter' via factory method to bean named 'springdocObjectMapperProvider'
2026-05-21  10:35:23.512 [39mDEBUG[0;39m [main][N/A] [36morg.springframework.beans.factory.support.DefaultListableBeanFactory[0;39m - Autowiring by type from bean name 'modelConverterRegistrar' via factory method to bean named 'org.springdoc.core.properties.SpringDocConfigProperties'
2026-05-21  10:35:23.518 [39mDEBUG[0;39m [main][N/A] [36morg.springframework.beans.factory.support.DefaultListableBeanFactory[0;39m - Creating shared instance of singleton bean 'operationBuilder'
2026-05-21  10:35:23.519 [39mDEBUG[0;39m [main][N/A] [36morg.springframework.beans.factory.support.DefaultListableBeanFactory[0;39m - Creating shared instance of singleton bean 'parameterBuilder'
2026-05-21  10:35:23.519 [39mDEBUG[0;39m [main][N/A] [36morg.springframework.beans.factory.support.DefaultListableBeanFactory[0;39m - Creating shared instance of singleton bean 'delegatingMethodParameterCustomizer'
2026-05-21  10:35:23.520 [39mDEBUG[0;39m [main][N/A] [36morg.springframework.beans.factory.support.DefaultListableBeanFactory[0;39m - Autowiring by type from bean name 'parameterBuilder' via factory method to bean named 'propertyResolverUtils'
2026-05-21  10:35:23.520 [39mDEBUG[0;39m [main][N/A] [36morg.springframework.beans.factory.support.DefaultListableBeanFactory[0;39m - Autowiring by type from bean name 'parameterBuilder' via factory method to bean named 'springdocObjectMapperProvider'
2026-05-21  10:35:23.521 [39mDEBUG[0;39m [main][N/A] [36morg.springframework.beans.factory.support.DefaultListableBeanFactory[0;39m - Creating shared instance of singleton bean 'requestBodyBuilder'
2026-05-21  10:35:23.521 [39mDEBUG[0;39m [main][N/A] [36morg.springframework.beans.factory.support.DefaultListableBeanFactory[0;39m - Autowiring by type from bean name 'requestBodyBuilder' via factory method to bean named 'parameterBuilder'
2026-05-21  10:35:23.521 [39mDEBUG[0;39m [main][N/A] [36morg.springframework.beans.factory.support.DefaultListableBeanFactory[0;39m - Autowiring by type from bean name 'requestBodyBuilder' via factory method to bean named 'propertyResolverUtils'
2026-05-21  10:35:23.521 [39mDEBUG[0;39m [main][N/A] [36morg.springframework.beans.factory.support.DefaultListableBeanFactory[0;39m - Autowiring by type from bean name 'operationBuilder' via factory method to bean named 'parameterBuilder'
2026-05-21  10:35:23.521 [39mDEBUG[0;39m [main][N/A] [36morg.springframework.beans.factory.support.DefaultListableBeanFactory[0;39m - Autowiring by type from bean name 'operationBuilder' via factory method to bean named 'requestBodyBuilder'
2026-05-21  10:35:23.521 [39mDEBUG[0;39m [main][N/A] [36morg.springframework.beans.factory.support.DefaultListableBeanFactory[0;39m - Autowiring by type from bean name 'operationBuilder' via factory method to bean named 'securityParser'
2026-05-21  10:35:23.521 [39mDEBUG[0;39m [main][N/A] [36morg.springframework.beans.factory.support.DefaultListableBeanFactory[0;39m - Autowiring by type from bean name 'operationBuilder' via factory method to bean named 'propertyResolverUtils'
2026-05-21  10:35:23.522 [39mDEBUG[0;39m [main][N/A] [36morg.springframework.beans.factory.support.DefaultListableBeanFactory[0;39m - Creating shared instance of singleton bean 'genericReturnTypeParser'
2026-05-21  10:35:23.522 [39mDEBUG[0;39m [main][N/A] [36morg.springframework.beans.factory.support.DefaultListableBeanFactory[0;39m - Creating shared instance of singleton bean 'springDocProviders'
2026-05-21  10:35:23.523 [39mDEBUG[0;39m [main][N/A] [36morg.springframework.beans.factory.support.DefaultListableBeanFactory[0;39m - Creating shared instance of singleton bean 'routerFunctionProvider'
2026-05-21  10:35:23.523 [39mDEBUG[0;39m [main][N/A] [36morg.springframework.beans.factory.support.DefaultListableBeanFactory[0;39m - Creating shared instance of singleton bean 'org.springdoc.webmvc.core.configuration.SpringDocWebMvcConfiguration$SpringDocWebMvcRouterConfiguration'
2026-05-21  10:35:23.523 [39mDEBUG[0;39m [main][N/A] [36morg.springframework.beans.factory.support.DefaultListableBeanFactory[0;39m - Autowiring by type from bean name 'springDocProviders' via factory method to bean named 'springdocObjectMapperProvider'
2026-05-21  10:35:23.523 [39mDEBUG[0;39m [main][N/A] [36morg.springframework.beans.factory.support.DefaultListableBeanFactory[0;39m - Creating shared instance of singleton bean 'springDocCustomizers'
2026-05-21  10:35:23.526 [39mDEBUG[0;39m [main][N/A] [36morg.springframework.beans.factory.support.DefaultListableBeanFactory[0;39m - Creating shared instance of singleton bean 'org.springdoc.core.configuration.SpringDocSecurityConfiguration$SpringDocSecurityOAuth2Configuration'
2026-05-21  10:35:23.526 [39mDEBUG[0;39m [main][N/A] [36morg.springframework.beans.factory.support.DefaultListableBeanFactory[0;39m - Creating shared instance of singleton bean 'org.springdoc.core.configuration.SpringDocSecurityConfiguration'
2026-05-21  10:35:23.528 [39mDEBUG[0;39m [main][N/A] [36morg.springframework.beans.factory.support.DefaultListableBeanFactory[0;39m - Autowiring by type from bean name 'org.springdoc.core.configuration.SpringDocSecurityConfiguration$SpringDocSecurityOAuth2Configuration' via constructor to bean named 'org.springdoc.core.configuration.SpringDocSecurityConfiguration'
2026-05-21  10:35:23.528 [39mDEBUG[0;39m [main][N/A] [36morg.springframework.beans.factory.support.DefaultListableBeanFactory[0;39m - Creating shared instance of singleton bean 'org.springdoc.core.configuration.SpringDocSecurityConfiguration$SpringSecurityLoginEndpointConfiguration'
2026-05-21  10:35:23.528 [39mDEBUG[0;39m [main][N/A] [36morg.springframework.beans.factory.support.DefaultListableBeanFactory[0;39m - Autowiring by type from bean name 'org.springdoc.core.configuration.SpringDocSecurityConfiguration$SpringSecurityLoginEndpointConfiguration' via constructor to bean named 'org.springdoc.core.configuration.SpringDocSecurityConfiguration'
2026-05-21  10:35:23.528 [39mDEBUG[0;39m [main][N/A] [36morg.springframework.beans.factory.support.DefaultListableBeanFactory[0;39m - Creating shared instance of singleton bean 'org.springdoc.core.configuration.SpringDocUIConfiguration'
2026-05-21  10:35:23.529 [39mDEBUG[0;39m [main][N/A] [36morg.springframework.beans.factory.support.DefaultListableBeanFactory[0;39m - Creating shared instance of singleton bean 'org.springdoc.webmvc.core.configuration.SpringDocWebMvcConfiguration$SpringDocWebMvcActuatorConfiguration'
2026-05-21  10:35:23.529 [39mDEBUG[0;39m [main][N/A] [36morg.springframework.beans.factory.support.DefaultListableBeanFactory[0;39m - Creating shared instance of singleton bean 'openApiResource'
2026-05-21  10:35:23.530 [39mDEBUG[0;39m [main][N/A] [36morg.springframework.beans.factory.support.DefaultListableBeanFactory[0;39m - Creating shared instance of singleton bean 'requestBuilder'
2026-05-21  10:35:23.530 [39mDEBUG[0;39m [main][N/A] [36morg.springframework.beans.factory.support.DefaultListableBeanFactory[0;39m - Autowiring by type from bean name 'requestBuilder' via factory method to bean named 'parameterBuilder'
2026-05-21  10:35:23.530 [39mDEBUG[0;39m [main][N/A] [36morg.springframework.beans.factory.support.DefaultListableBeanFactory[0;39m - Autowiring by type from bean name 'requestBuilder' via factory method to bean named 'requestBodyBuilder'
2026-05-21  10:35:23.530 [39mDEBUG[0;39m [main][N/A] [36morg.springframework.beans.factory.support.DefaultListableBeanFactory[0;39m - Autowiring by type from bean name 'requestBuilder' via factory method to bean named 'operationBuilder'
2026-05-21  10:35:23.530 [39mDEBUG[0;39m [main][N/A] [36morg.springframework.beans.factory.support.DefaultListableBeanFactory[0;39m - Autowiring by type from bean name 'requestBuilder' via factory method to bean named 'localSpringDocParameterNameDiscoverer'
2026-05-21  10:35:23.531 [39mDEBUG[0;39m [main][N/A] [36morg.springframework.beans.factory.support.DefaultListableBeanFactory[0;39m - Creating shared instance of singleton bean 'responseBuilder'
2026-05-21  10:35:23.532 [39mDEBUG[0;39m [main][N/A] [36morg.springframework.beans.factory.support.DefaultListableBeanFactory[0;39m - Autowiring by type from bean name 'responseBuilder' via factory method to bean named 'operationBuilder'
2026-05-21  10:35:23.532 [39mDEBUG[0;39m [main][N/A] [36morg.springframework.beans.factory.support.DefaultListableBeanFactory[0;39m - Autowiring by type from bean name 'responseBuilder' via factory method to bean named 'genericReturnTypeParser'
2026-05-21  10:35:23.532 [39mDEBUG[0;39m [main][N/A] [36morg.springframework.beans.factory.support.DefaultListableBeanFactory[0;39m - Autowiring by type from bean name 'responseBuilder' via factory method to bean named 'org.springdoc.core.properties.SpringDocConfigProperties'
2026-05-21  10:35:23.532 [39mDEBUG[0;39m [main][N/A] [36morg.springframework.beans.factory.support.DefaultListableBeanFactory[0;39m - Autowiring by type from bean name 'responseBuilder' via factory method to bean named 'propertyResolverUtils'
2026-05-21  10:35:23.532 [39mDEBUG[0;39m [main][N/A] [36morg.springframework.beans.factory.support.DefaultListableBeanFactory[0;39m - Autowiring by type from bean name 'openApiResource' via factory method to bean named 'requestBuilder'
2026-05-21  10:35:23.532 [39mDEBUG[0;39m [main][N/A] [36morg.springframework.beans.factory.support.DefaultListableBeanFactory[0;39m - Autowiring by type from bean name 'openApiResource' via factory method to bean named 'responseBuilder'
2026-05-21  10:35:23.532 [39mDEBUG[0;39m [main][N/A] [36morg.springframework.beans.factory.support.DefaultListableBeanFactory[0;39m - Autowiring by type from bean name 'openApiResource' via factory method to bean named 'operationBuilder'
2026-05-21  10:35:23.532 [39mDEBUG[0;39m [main][N/A] [36morg.springframework.beans.factory.support.DefaultListableBeanFactory[0;39m - Autowiring by type from bean name 'openApiResource' via factory method to bean named 'org.springdoc.core.properties.SpringDocConfigProperties'
2026-05-21  10:35:23.532 [39mDEBUG[0;39m [main][N/A] [36morg.springframework.beans.factory.support.DefaultListableBeanFactory[0;39m - Autowiring by type from bean name 'openApiResource' via factory method to bean named 'springDocProviders'
2026-05-21  10:35:23.532 [39mDEBUG[0;39m [main][N/A] [36morg.springframework.beans.factory.support.DefaultListableBeanFactory[0;39m - Autowiring by type from bean name 'openApiResource' via factory method to bean named 'springDocCustomizers'
2026-05-21  10:35:23.533 [39mDEBUG[0;39m [main][N/A] [36morg.springframework.beans.factory.support.DefaultListableBeanFactory[0;39m - Creating shared instance of singleton bean 'swaggerConfigResource'
2026-05-21  10:35:23.533 [39mDEBUG[0;39m [main][N/A] [36morg.springframework.beans.factory.support.DefaultListableBeanFactory[0;39m - Autowiring by type from bean name 'swaggerConfigResource' via factory method to bean named 'swaggerWelcome'
2026-05-21  10:35:23.533 [39mDEBUG[0;39m [main][N/A] [36morg.springframework.beans.factory.support.DefaultListableBeanFactory[0;39m - Creating shared instance of singleton bean 'org.springframework.boot.actuate.autoconfigure.audit.AuditEventsEndpointAutoConfiguration'
2026-05-21  10:35:23.533 [39mDEBUG[0;39m [main][N/A] [36morg.springframework.beans.factory.support.DefaultListableBeanFactory[0;39m - Creating shared instance of singleton bean 'org.springframework.boot.autoconfigure.availability.ApplicationAvailabilityAutoConfiguration'
2026-05-21  10:35:23.533 [39mDEBUG[0;39m [main][N/A] [36morg.springframework.beans.factory.support.DefaultListableBeanFactory[0;39m - Creating shared instance of singleton bean 'applicationAvailability'
2026-05-21  10:35:23.534 [39mDEBUG[0;39m [main][N/A] [36morg.springframework.beans.factory.support.DefaultListableBeanFactory[0;39m - Creating shared instance of singleton bean 'org.springframework.boot.actuate.autoconfigure.availability.AvailabilityHealthContributorAutoConfiguration'
2026-05-21  10:35:23.534 [39mDEBUG[0;39m [main][N/A] [36morg.springframework.beans.factory.support.DefaultListableBeanFactory[0;39m - Creating shared instance of singleton bean 'meterRegistryCloser'
2026-05-21  10:35:23.535 [39mDEBUG[0;39m [main][N/A] [36morg.springframework.beans.factory.support.DefaultListableBeanFactory[0;39m - Creating shared instance of singleton bean 'org.springframework.boot.actuate.autoconfigure.metrics.CompositeMeterRegistryAutoConfiguration'
2026-05-21  10:35:23.535 [39mDEBUG[0;39m [main][N/A] [36morg.springframework.beans.factory.support.DefaultListableBeanFactory[0;39m - Creating shared instance of singleton bean 'org.springframework.boot.actuate.autoconfigure.metrics.redis.LettuceMetricsAutoConfiguration'
2026-05-21  10:35:23.535 [39mDEBUG[0;39m [main][N/A] [36morg.springframework.beans.factory.support.DefaultListableBeanFactory[0;39m - Creating shared instance of singleton bean 'micrometerOptions'
2026-05-21  10:35:23.536 [39mDEBUG[0;39m [main][N/A] [36morg.springframework.beans.factory.support.DefaultListableBeanFactory[0;39m - Creating shared instance of singleton bean 'lettuceMetrics'
2026-05-21  10:35:23.536 [39mDEBUG[0;39m [main][N/A] [36morg.springframework.beans.factory.support.DefaultListableBeanFactory[0;39m - Autowiring by type from bean name 'lettuceMetrics' via factory method to bean named 'simpleMeterRegistry'
2026-05-21  10:35:23.536 [39mDEBUG[0;39m [main][N/A] [36morg.springframework.beans.factory.support.DefaultListableBeanFactory[0;39m - Autowiring by type from bean name 'lettuceMetrics' via factory method to bean named 'micrometerOptions'
2026-05-21  10:35:23.536 [39mDEBUG[0;39m [main][N/A] [36morg.springframework.beans.factory.support.DefaultListableBeanFactory[0;39m - Creating shared instance of singleton bean 'org.springframework.boot.autoconfigure.data.redis.LettuceConnectionConfiguration'
2026-05-21  10:35:23.536 [39mDEBUG[0;39m [main][N/A] [36morg.springframework.beans.factory.support.DefaultListableBeanFactory[0;39m - Autowiring by type from bean name 'org.springframework.boot.autoconfigure.data.redis.LettuceConnectionConfiguration' via constructor to bean named 'spring.data.redis-org.springframework.boot.autoconfigure.data.redis.RedisProperties'
2026-05-21  10:35:23.536 [39mDEBUG[0;39m [main][N/A] [36morg.springframework.beans.factory.support.DefaultListableBeanFactory[0;39m - Autowiring by type from bean name 'org.springframework.boot.autoconfigure.data.redis.LettuceConnectionConfiguration' via constructor to bean named 'redisConnectionDetails'
2026-05-21  10:35:23.537 [39mDEBUG[0;39m [main][N/A] [36morg.springframework.beans.factory.support.DefaultListableBeanFactory[0;39m - Creating shared instance of singleton bean 'lettuceClientResources'
2026-05-21  10:35:23.539 [39mDEBUG[0;39m [main][N/A] [36mio.lettuce.core.resource.AddressResolverGroupProvider[0;39m - Starting with netty's non-blocking DNS resolver library
2026-05-21  10:35:23.541 [39mDEBUG[0;39m [main][N/A] [36mio.lettuce.core.resource.KqueueProvider[0;39m - Starting without optional kqueue library
2026-05-21  10:35:23.541 [39mDEBUG[0;39m [main][N/A] [36mio.lettuce.core.resource.IOUringProvider[0;39m - Starting without optional io_uring library
2026-05-21  10:35:23.542 [39mDEBUG[0;39m [main][N/A] [36mio.lettuce.core.resource.EpollProvider[0;39m - Starting without optional epoll library
2026-05-21  10:35:23.542 [39mDEBUG[0;39m [main][N/A] [36mio.lettuce.core.resource.DefaultClientResources[0;39m - -Dio.netty.eventLoopThreads: 20
2026-05-21  10:35:23.545 [39mDEBUG[0;39m [main][N/A] [36mio.lettuce.core.resource.DefaultEventLoopGroupProvider[0;39m - Creating executor io.netty.util.concurrent.DefaultEventExecutorGroup
2026-05-21  10:35:23.548 [39mDEBUG[0;39m [main][N/A] [36mreactor.util.Loggers[0;39m - Using Slf4j logging framework
2026-05-21  10:35:23.550 [39mDEBUG[0;39m [main][N/A] [36mio.lettuce.core.event.jfr.EventRecorderHolder[0;39m - Starting with JFR support
2026-05-21  10:35:23.555 [39mDEBUG[0;39m [main][N/A] [36morg.springframework.beans.factory.support.DefaultListableBeanFactory[0;39m - Creating shared instance of singleton bean 'org.springframework.boot.autoconfigure.transaction.TransactionManagerCustomizationAutoConfiguration'
2026-05-21  10:35:23.555 [39mDEBUG[0;39m [main][N/A] [36morg.springframework.beans.factory.support.DefaultListableBeanFactory[0;39m - Creating shared instance of singleton bean 'platformTransactionManagerCustomizers'
2026-05-21  10:35:23.555 [39mDEBUG[0;39m [main][N/A] [36morg.springframework.beans.factory.support.DefaultListableBeanFactory[0;39m - Creating shared instance of singleton bean 'transactionExecutionListeners'
2026-05-21  10:35:23.556 [39mDEBUG[0;39m [main][N/A] [36morg.springframework.beans.factory.support.DefaultListableBeanFactory[0;39m - Creating shared instance of singleton bean 'spring.transaction-org.springframework.boot.autoconfigure.transaction.TransactionProperties'
2026-05-21  10:35:23.556 [39mDEBUG[0;39m [main][N/A] [36morg.springframework.beans.factory.support.DefaultListableBeanFactory[0;39m - Creating shared instance of singleton bean 'healthEndpointGroupMembershipValidator'
2026-05-21  10:35:23.556 [39mDEBUG[0;39m [main][N/A] [36morg.springframework.beans.factory.support.DefaultListableBeanFactory[0;39m - Autowiring by type from bean name 'healthEndpointGroupMembershipValidator' via factory method to bean named 'management.endpoint.health-org.springframework.boot.actuate.autoconfigure.health.HealthEndpointProperties'
2026-05-21  10:35:23.556 [39mDEBUG[0;39m [main][N/A] [36morg.springframework.beans.factory.support.DefaultListableBeanFactory[0;39m - Autowiring by type from bean name 'healthEndpointGroupMembershipValidator' via factory method to bean named 'healthContributorRegistry'
2026-05-21  10:35:23.556 [39mDEBUG[0;39m [main][N/A] [36morg.springframework.beans.factory.support.DefaultListableBeanFactory[0;39m - Creating shared instance of singleton bean 'org.springframework.boot.actuate.autoconfigure.health.ReactiveHealthEndpointConfiguration'
2026-05-21  10:35:23.558 [39mDEBUG[0;39m [main][N/A] [36morg.springframework.beans.factory.support.DefaultListableBeanFactory[0;39m - Creating shared instance of singleton bean 'reactiveHealthContributorRegistry'
2026-05-21  10:35:23.558 [39mDEBUG[0;39m [main][N/A] [36morg.springframework.beans.factory.support.DefaultListableBeanFactory[0;39m - Autowiring by type from bean name 'reactiveHealthContributorRegistry' via factory method to bean named 'diskSpaceHealthIndicator'
2026-05-21  10:35:23.558 [39mDEBUG[0;39m [main][N/A] [36morg.springframework.beans.factory.support.DefaultListableBeanFactory[0;39m - Autowiring by type from bean name 'reactiveHealthContributorRegistry' via factory method to bean named 'pingHealthContributor'
2026-05-21  10:35:23.558 [39mDEBUG[0;39m [main][N/A] [36morg.springframework.beans.factory.support.DefaultListableBeanFactory[0;39m - Autowiring by type from bean name 'reactiveHealthContributorRegistry' via factory method to bean named 'dbHealthContributor'
2026-05-21  10:35:23.558 [39mDEBUG[0;39m [main][N/A] [36morg.springframework.beans.factory.support.DefaultListableBeanFactory[0;39m - Autowiring by type from bean name 'reactiveHealthContributorRegistry' via factory method to bean named 'mailHealthContributor'
2026-05-21  10:35:23.558 [39mDEBUG[0;39m [main][N/A] [36morg.springframework.beans.factory.support.DefaultListableBeanFactory[0;39m - Autowiring by type from bean name 'reactiveHealthContributorRegistry' via factory method to bean named 'redisHealthContributor'
2026-05-21  10:35:23.558 [39mDEBUG[0;39m [main][N/A] [36morg.springframework.beans.factory.support.DefaultListableBeanFactory[0;39m - Autowiring by type from bean name 'reactiveHealthContributorRegistry' via factory method to bean named 'healthEndpointGroups'
2026-05-21  10:35:23.559 [39mDEBUG[0;39m [main][N/A] [36morg.springframework.beans.factory.support.DefaultListableBeanFactory[0;39m - Creating shared instance of singleton bean 'org.springframework.boot.actuate.autoconfigure.health.HealthEndpointAutoConfiguration'
2026-05-21  10:35:23.559 [39mDEBUG[0;39m [main][N/A] [36morg.springframework.beans.factory.support.DefaultListableBeanFactory[0;39m - Creating shared instance of singleton bean 'org.springframework.boot.autoconfigure.info.ProjectInfoAutoConfiguration'
2026-05-21  10:35:23.559 [39mDEBUG[0;39m [main][N/A] [36morg.springframework.beans.factory.support.DefaultListableBeanFactory[0;39m - Creating shared instance of singleton bean 'spring.info-org.springframework.boot.autoconfigure.info.ProjectInfoProperties'
2026-05-21  10:35:23.560 [39mDEBUG[0;39m [main][N/A] [36morg.springframework.beans.factory.support.DefaultListableBeanFactory[0;39m - Autowiring by type from bean name 'org.springframework.boot.autoconfigure.info.ProjectInfoAutoConfiguration' via constructor to bean named 'spring.info-org.springframework.boot.autoconfigure.info.ProjectInfoProperties'
2026-05-21  10:35:23.560 [39mDEBUG[0;39m [main][N/A] [36morg.springframework.beans.factory.support.DefaultListableBeanFactory[0;39m - Creating shared instance of singleton bean 'org.springframework.boot.actuate.autoconfigure.info.InfoContributorAutoConfiguration'
2026-05-21  10:35:23.561 [39mDEBUG[0;39m [main][N/A] [36morg.springframework.beans.factory.support.DefaultListableBeanFactory[0;39m - Creating shared instance of singleton bean 'management.info-org.springframework.boot.actuate.autoconfigure.info.InfoContributorProperties'
2026-05-21  10:35:23.562 [39mDEBUG[0;39m [main][N/A] [36morg.springframework.beans.factory.support.DefaultListableBeanFactory[0;39m - Creating shared instance of singleton bean 'org.springframework.boot.actuate.autoconfigure.web.servlet.ServletManagementContextAutoConfiguration'
2026-05-21  10:35:23.562 [39mDEBUG[0;39m [main][N/A] [36morg.springframework.beans.factory.support.DefaultListableBeanFactory[0;39m - Creating shared instance of singleton bean 'servletWebChildContextFactory'
2026-05-21  10:35:23.562 [39mDEBUG[0;39m [main][N/A] [36morg.springframework.beans.factory.support.DefaultListableBeanFactory[0;39m - Creating shared instance of singleton bean 'managementServletContext'
2026-05-21  10:35:23.562 [39mDEBUG[0;39m [main][N/A] [36morg.springframework.beans.factory.support.DefaultListableBeanFactory[0;39m - Autowiring by type from bean name 'managementServletContext' via factory method to bean named 'management.endpoints.web-org.springframework.boot.actuate.autoconfigure.endpoint.web.WebEndpointProperties'
2026-05-21  10:35:23.562 [39mDEBUG[0;39m [main][N/A] [36morg.springframework.beans.factory.support.DefaultListableBeanFactory[0;39m - Creating shared instance of singleton bean 'org.springframework.boot.autoconfigure.data.redis.RedisReactiveAutoConfiguration'
2026-05-21  10:35:23.562 [39mDEBUG[0;39m [main][N/A] [36morg.springframework.beans.factory.support.DefaultListableBeanFactory[0;39m - Creating shared instance of singleton bean 'reactiveRedisTemplate'
2026-05-21  10:35:23.562 [39mDEBUG[0;39m [main][N/A] [36morg.springframework.beans.factory.support.DefaultListableBeanFactory[0;39m - Autowiring by type from bean name 'reactiveRedisTemplate' via factory method to bean named 'redissonConnectionFactory'
2026-05-21  10:35:23.562 [39mDEBUG[0;39m [main][N/A] [36morg.springframework.beans.factory.support.DefaultListableBeanFactory[0;39m - Autowiring by type from bean name 'reactiveRedisTemplate' via factory method to bean named 'org.springframework.boot.web.servlet.context.AnnotationConfigServletWebServerApplicationContext@777c9dc9'
2026-05-21  10:35:23.574 [39mDEBUG[0;39m [main][N/A] [36morg.springframework.beans.factory.support.DefaultListableBeanFactory[0;39m - Creating shared instance of singleton bean 'reactiveStringRedisTemplate'
2026-05-21  10:35:23.574 [39mDEBUG[0;39m [main][N/A] [36morg.springframework.beans.factory.support.DefaultListableBeanFactory[0;39m - Autowiring by type from bean name 'reactiveStringRedisTemplate' via factory method to bean named 'redissonConnectionFactory'
2026-05-21  10:35:23.575 [39mDEBUG[0;39m [main][N/A] [36morg.springframework.beans.factory.support.DefaultListableBeanFactory[0;39m - Creating shared instance of singleton bean 'org.springframework.boot.actuate.autoconfigure.data.redis.RedisHealthContributorAutoConfiguration'
2026-05-21  10:35:23.575 [39mDEBUG[0;39m [main][N/A] [36morg.springframework.beans.factory.support.DefaultListableBeanFactory[0;39m - Creating shared instance of singleton bean 'org.springframework.boot.autoconfigure.jmx.JmxAutoConfiguration'
2026-05-21  10:35:23.576 [39mDEBUG[0;39m [main][N/A] [36morg.springframework.beans.factory.support.DefaultListableBeanFactory[0;39m - Creating shared instance of singleton bean 'spring.jmx-org.springframework.boot.autoconfigure.jmx.JmxProperties'
2026-05-21  10:35:23.576 [39mDEBUG[0;39m [main][N/A] [36morg.springframework.beans.factory.support.DefaultListableBeanFactory[0;39m - Autowiring by type from bean name 'org.springframework.boot.autoconfigure.jmx.JmxAutoConfiguration' via constructor to bean named 'spring.jmx-org.springframework.boot.autoconfigure.jmx.JmxProperties'
2026-05-21  10:35:23.576 [39mDEBUG[0;39m [main][N/A] [36morg.springframework.beans.factory.support.DefaultListableBeanFactory[0;39m - Creating shared instance of singleton bean 'mbeanExporter'
2026-05-21  10:35:23.577 [39mDEBUG[0;39m [main][N/A] [36morg.springframework.beans.factory.support.DefaultListableBeanFactory[0;39m - Creating shared instance of singleton bean 'objectNamingStrategy'
2026-05-21  10:35:23.578 [39mDEBUG[0;39m [main][N/A] [36morg.springframework.beans.factory.support.DefaultListableBeanFactory[0;39m - Autowiring by type from bean name 'mbeanExporter' via factory method to bean named 'objectNamingStrategy'
2026-05-21  10:35:23.578 [39mDEBUG[0;39m [main][N/A] [36morg.springframework.beans.factory.support.DefaultListableBeanFactory[0;39m - Autowiring by type from bean name 'mbeanExporter' via factory method to bean named 'org.springframework.beans.factory.support.DefaultListableBeanFactory@1dab9dd6'
2026-05-21  10:35:23.580 [39mDEBUG[0;39m [main][N/A] [36morg.springframework.beans.factory.support.DefaultListableBeanFactory[0;39m - Creating shared instance of singleton bean 'mbeanServer'
2026-05-21  10:35:23.581 [39mDEBUG[0;39m [main][N/A] [36morg.springframework.jmx.support.JmxUtils[0;39m - Found MBeanServer: com.sun.jmx.mbeanserver.JmxMBeanServer@78c03f1f
2026-05-21  10:35:23.582 [39mDEBUG[0;39m [main][N/A] [36morg.springframework.beans.factory.support.DefaultListableBeanFactory[0;39m - Creating shared instance of singleton bean 'org.springframework.boot.actuate.autoconfigure.endpoint.jmx.JmxEndpointAutoConfiguration'
2026-05-21  10:35:23.582 [39mDEBUG[0;39m [main][N/A] [36morg.springframework.beans.factory.support.DefaultListableBeanFactory[0;39m - Creating shared instance of singleton bean 'management.endpoints.jmx-org.springframework.boot.actuate.autoconfigure.endpoint.jmx.JmxEndpointProperties'
2026-05-21  10:35:23.583 [39mDEBUG[0;39m [main][N/A] [36morg.springframework.beans.factory.support.DefaultListableBeanFactory[0;39m - Autowiring by type from bean name 'org.springframework.boot.actuate.autoconfigure.endpoint.jmx.JmxEndpointAutoConfiguration' via constructor to bean named 'org.springframework.boot.web.servlet.context.AnnotationConfigServletWebServerApplicationContext@777c9dc9'
2026-05-21  10:35:23.583 [39mDEBUG[0;39m [main][N/A] [36morg.springframework.beans.factory.support.DefaultListableBeanFactory[0;39m - Autowiring by type from bean name 'org.springframework.boot.actuate.autoconfigure.endpoint.jmx.JmxEndpointAutoConfiguration' via constructor to bean named 'management.endpoints.jmx-org.springframework.boot.actuate.autoconfigure.endpoint.jmx.JmxEndpointProperties'
2026-05-21  10:35:23.583 [39mDEBUG[0;39m [main][N/A] [36morg.springframework.beans.factory.support.DefaultListableBeanFactory[0;39m - Autowiring by type from bean name 'org.springframework.boot.actuate.autoconfigure.endpoint.jmx.JmxEndpointAutoConfiguration' via constructor to bean named 'spring.jmx-org.springframework.boot.autoconfigure.jmx.JmxProperties'
2026-05-21  10:35:23.583 [39mDEBUG[0;39m [main][N/A] [36morg.springframework.beans.factory.support.DefaultListableBeanFactory[0;39m - Creating shared instance of singleton bean 'jmxAnnotationEndpointDiscoverer'
2026-05-21  10:35:23.583 [39mDEBUG[0;39m [main][N/A] [36morg.springframework.beans.factory.support.DefaultListableBeanFactory[0;39m - Autowiring by type from bean name 'jmxAnnotationEndpointDiscoverer' via factory method to bean named 'endpointOperationParameterMapper'
2026-05-21  10:35:23.583 [39mDEBUG[0;39m [main][N/A] [36morg.springframework.beans.factory.support.DefaultListableBeanFactory[0;39m - Creating shared instance of singleton bean 'jmxIncludeExcludePropertyEndpointFilter'
2026-05-21  10:35:23.584 [39mDEBUG[0;39m [main][N/A] [36morg.springframework.beans.factory.support.DefaultListableBeanFactory[0;39m - Creating shared instance of singleton bean 'endpointObjectNameFactory'
2026-05-21  10:35:23.584 [39mDEBUG[0;39m [main][N/A] [36morg.springframework.beans.factory.support.DefaultListableBeanFactory[0;39m - Autowiring by type from bean name 'endpointObjectNameFactory' via factory method to bean named 'mbeanServer'
2026-05-21  10:35:23.584 [39mDEBUG[0;39m [main][N/A] [36morg.springframework.beans.factory.support.DefaultListableBeanFactory[0;39m - Creating shared instance of singleton bean 'jmxMBeanExporter'
2026-05-21  10:35:23.585 [39mDEBUG[0;39m [main][N/A] [36morg.springframework.beans.factory.support.DefaultListableBeanFactory[0;39m - Autowiring by type from bean name 'jmxMBeanExporter' via factory method to bean named 'mbeanServer'
2026-05-21  10:35:23.585 [39mDEBUG[0;39m [main][N/A] [36morg.springframework.beans.factory.support.DefaultListableBeanFactory[0;39m - Autowiring by type from bean name 'jmxMBeanExporter' via factory method to bean named 'endpointObjectNameFactory'
2026-05-21  10:35:23.585 [39mDEBUG[0;39m [main][N/A] [36morg.springframework.beans.factory.support.DefaultListableBeanFactory[0;39m - Autowiring by type from bean name 'jmxMBeanExporter' via factory method to bean named 'jmxAnnotationEndpointDiscoverer'
2026-05-21  10:35:23.601 [39mDEBUG[0;39m [main][N/A] [36morg.springframework.beans.factory.support.DefaultListableBeanFactory[0;39m - Creating shared instance of singleton bean 'eagerlyInitializeJmxEndpointExporter'
2026-05-21  10:35:23.601 [39mDEBUG[0;39m [main][N/A] [36morg.springframework.beans.factory.support.DefaultListableBeanFactory[0;39m - Creating shared instance of singleton bean 'pathMappedEndpoints'
2026-05-21  10:35:23.602 [39mDEBUG[0;39m [main][N/A] [36morg.springframework.beans.factory.support.DefaultListableBeanFactory[0;39m - Autowiring by type from bean name 'pathMappedEndpoints' via factory method to bean named 'jmxAnnotationEndpointDiscoverer'
2026-05-21  10:35:23.602 [39mDEBUG[0;39m [main][N/A] [36morg.springframework.beans.factory.support.DefaultListableBeanFactory[0;39m - Autowiring by type from bean name 'pathMappedEndpoints' via factory method to bean named 'servletEndpointDiscoverer'
2026-05-21  10:35:23.602 [39mDEBUG[0;39m [main][N/A] [36morg.springframework.beans.factory.support.DefaultListableBeanFactory[0;39m - Autowiring by type from bean name 'pathMappedEndpoints' via factory method to bean named 'webEndpointDiscoverer'
2026-05-21  10:35:23.602 [39mDEBUG[0;39m [main][N/A] [36morg.springframework.beans.factory.support.DefaultListableBeanFactory[0;39m - Autowiring by type from bean name 'pathMappedEndpoints' via factory method to bean named 'controllerEndpointDiscoverer'
2026-05-21  10:35:23.602 [39mDEBUG[0;39m [main][N/A] [36morg.springframework.beans.factory.support.DefaultListableBeanFactory[0;39m - Creating shared instance of singleton bean 'org.springframework.boot.actuate.autoconfigure.logging.LogFileWebEndpointAutoConfiguration'
2026-05-21  10:35:23.602 [39mDEBUG[0;39m [main][N/A] [36morg.springframework.beans.factory.support.DefaultListableBeanFactory[0;39m - Creating shared instance of singleton bean 'management.endpoint.logfile-org.springframework.boot.actuate.autoconfigure.logging.LogFileWebEndpointProperties'
2026-05-21  10:35:23.602 [39mDEBUG[0;39m [main][N/A] [36morg.springframework.beans.factory.support.DefaultListableBeanFactory[0;39m - Creating shared instance of singleton bean 'org.springframework.boot.autoconfigure.mail.MailSenderAutoConfiguration'
2026-05-21  10:35:23.604 [39mDEBUG[0;39m [main][N/A] [36morg.springframework.beans.factory.support.DefaultListableBeanFactory[0;39m - Creating shared instance of singleton bean 'org.springframework.boot.actuate.autoconfigure.metrics.JvmMetricsAutoConfiguration'
2026-05-21  10:35:23.604 [39mDEBUG[0;39m [main][N/A] [36morg.springframework.beans.factory.support.DefaultListableBeanFactory[0;39m - Creating shared instance of singleton bean 'jvmGcMetrics'
2026-05-21  10:35:23.605 [39mDEBUG[0;39m [main][N/A] [36mio.micrometer.common.util.internal.logging.InternalLoggerFactory[0;39m - Using SLF4J as the default logging framework
2026-05-21  10:35:23.606 [39mDEBUG[0;39m [main][N/A] [36morg.springframework.beans.factory.support.DefaultListableBeanFactory[0;39m - Creating shared instance of singleton bean 'jvmHeapPressureMetrics'
2026-05-21  10:35:23.607 [39mDEBUG[0;39m [main][N/A] [36morg.springframework.beans.factory.support.DefaultListableBeanFactory[0;39m - Creating shared instance of singleton bean 'jvmMemoryMetrics'
2026-05-21  10:35:23.608 [39mDEBUG[0;39m [main][N/A] [36morg.springframework.beans.factory.support.DefaultListableBeanFactory[0;39m - Creating shared instance of singleton bean 'jvmThreadMetrics'
2026-05-21  10:35:23.608 [39mDEBUG[0;39m [main][N/A] [36morg.springframework.beans.factory.support.DefaultListableBeanFactory[0;39m - Creating shared instance of singleton bean 'classLoaderMetrics'
2026-05-21  10:35:23.608 [39mDEBUG[0;39m [main][N/A] [36morg.springframework.beans.factory.support.DefaultListableBeanFactory[0;39m - Creating shared instance of singleton bean 'jvmInfoMetrics'
2026-05-21  10:35:23.608 [39mDEBUG[0;39m [main][N/A] [36morg.springframework.beans.factory.support.DefaultListableBeanFactory[0;39m - Creating shared instance of singleton bean 'jvmCompilationMetrics'
2026-05-21  10:35:23.608 [39mDEBUG[0;39m [main][N/A] [36morg.springframework.beans.factory.support.DefaultListableBeanFactory[0;39m - Creating shared instance of singleton bean 'org.springframework.boot.actuate.autoconfigure.metrics.LogbackMetricsAutoConfiguration'
2026-05-21  10:35:23.608 [39mDEBUG[0;39m [main][N/A] [36morg.springframework.beans.factory.support.DefaultListableBeanFactory[0;39m - Creating shared instance of singleton bean 'logbackMetrics'
2026-05-21  10:35:23.609 [39mDEBUG[0;39m [main][N/A] [36morg.springframework.beans.factory.support.DefaultListableBeanFactory[0;39m - Creating shared instance of singleton bean 'org.springframework.boot.actuate.autoconfigure.metrics.SystemMetricsAutoConfiguration'
2026-05-21  10:35:23.609 [39mDEBUG[0;39m [main][N/A] [36morg.springframework.beans.factory.support.DefaultListableBeanFactory[0;39m - Creating shared instance of singleton bean 'uptimeMetrics'
2026-05-21  10:35:23.609 [39mDEBUG[0;39m [main][N/A] [36morg.springframework.beans.factory.support.DefaultListableBeanFactory[0;39m - Creating shared instance of singleton bean 'processorMetrics'
2026-05-21  10:35:23.609 [39mDEBUG[0;39m [main][N/A] [36morg.springframework.beans.factory.support.DefaultListableBeanFactory[0;39m - Creating shared instance of singleton bean 'fileDescriptorMetrics'
2026-05-21  10:35:23.609 [39mDEBUG[0;39m [main][N/A] [36morg.springframework.beans.factory.support.DefaultListableBeanFactory[0;39m - Creating shared instance of singleton bean 'diskSpaceMetrics'
2026-05-21  10:35:23.610 [39mDEBUG[0;39m [main][N/A] [36morg.springframework.beans.factory.support.DefaultListableBeanFactory[0;39m - Autowiring by type from bean name 'diskSpaceMetrics' via factory method to bean named 'management.metrics-org.springframework.boot.actuate.autoconfigure.metrics.MetricsProperties'
2026-05-21  10:35:23.610 [39mDEBUG[0;39m [main][N/A] [36morg.springframework.beans.factory.support.DefaultListableBeanFactory[0;39m - Creating shared instance of singleton bean 'org.springframework.boot.actuate.autoconfigure.metrics.data.RepositoryMetricsAutoConfiguration'
2026-05-21  10:35:23.610 [39mDEBUG[0;39m [main][N/A] [36morg.springframework.beans.factory.support.DefaultListableBeanFactory[0;39m - Autowiring by type from bean name 'org.springframework.boot.actuate.autoconfigure.metrics.data.RepositoryMetricsAutoConfiguration' via constructor to bean named 'management.metrics-org.springframework.boot.actuate.autoconfigure.metrics.MetricsProperties'
2026-05-21  10:35:23.610 [39mDEBUG[0;39m [main][N/A] [36morg.springframework.beans.factory.support.DefaultListableBeanFactory[0;39m - Creating shared instance of singleton bean 'repositoryTagsProvider'
2026-05-21  10:35:23.611 [39mDEBUG[0;39m [main][N/A] [36morg.springframework.beans.factory.support.DefaultListableBeanFactory[0;39m - Creating shared instance of singleton bean 'metricsRepositoryMethodInvocationListener'
2026-05-21  10:35:23.611 [39mDEBUG[0;39m [main][N/A] [36morg.springframework.beans.factory.support.DefaultListableBeanFactory[0;39m - Autowiring by type from bean name 'metricsRepositoryMethodInvocationListener' via factory method to bean named 'repositoryTagsProvider'
2026-05-21  10:35:23.612 [39mDEBUG[0;39m [main][N/A] [36morg.springframework.beans.factory.support.DefaultListableBeanFactory[0;39m - Creating shared instance of singleton bean 'org.springframework.boot.actuate.autoconfigure.metrics.integration.IntegrationMetricsAutoConfiguration'
2026-05-21  10:35:23.612 [39mDEBUG[0;39m [main][N/A] [36morg.springframework.beans.factory.support.DefaultListableBeanFactory[0;39m - Creating shared instance of singleton bean 'org.springframework.boot.actuate.autoconfigure.metrics.jdbc.DataSourcePoolMetricsAutoConfiguration$HikariDataSourceMetricsConfiguration'
2026-05-21  10:35:23.612 [39mDEBUG[0;39m [main][N/A] [36morg.springframework.beans.factory.support.DefaultListableBeanFactory[0;39m - Creating shared instance of singleton bean 'hikariDataSourceMeterBinder'
2026-05-21  10:35:23.612 [39mDEBUG[0;39m [main][N/A] [36morg.springframework.beans.factory.support.DefaultListableBeanFactory[0;39m - Creating shared instance of singleton bean 'org.springframework.boot.actuate.autoconfigure.metrics.jdbc.DataSourcePoolMetricsAutoConfiguration$DataSourcePoolMetadataMetricsConfiguration'
2026-05-21  10:35:23.613 [39mDEBUG[0;39m [main][N/A] [36morg.springframework.beans.factory.support.DefaultListableBeanFactory[0;39m - Creating shared instance of singleton bean 'dataSourcePoolMetadataMeterBinder'
2026-05-21  10:35:23.613 [39mDEBUG[0;39m [main][N/A] [36morg.springframework.beans.factory.support.DefaultListableBeanFactory[0;39m - Autowiring by type from bean name 'dataSourcePoolMetadataMeterBinder' via factory method to bean named 'dataSource'
2026-05-21  10:35:23.613 [39mDEBUG[0;39m [main][N/A] [36morg.springframework.beans.factory.support.DefaultListableBeanFactory[0;39m - Creating shared instance of singleton bean 'org.springframework.boot.actuate.autoconfigure.metrics.jdbc.DataSourcePoolMetricsAutoConfiguration'
2026-05-21  10:35:23.613 [39mDEBUG[0;39m [main][N/A] [36morg.springframework.beans.factory.support.DefaultListableBeanFactory[0;39m - Creating shared instance of singleton bean 'org.springframework.boot.actuate.autoconfigure.metrics.startup.StartupTimeMetricsListenerAutoConfiguration'
2026-05-21  10:35:23.613 [39mDEBUG[0;39m [main][N/A] [36morg.springframework.beans.factory.support.DefaultListableBeanFactory[0;39m - Creating shared instance of singleton bean 'startupTimeMetrics'
2026-05-21  10:35:23.613 [39mDEBUG[0;39m [main][N/A] [36morg.springframework.beans.factory.support.DefaultListableBeanFactory[0;39m - Autowiring by type from bean name 'startupTimeMetrics' via factory method to bean named 'simpleMeterRegistry'
2026-05-21  10:35:23.614 [39mDEBUG[0;39m [main][N/A] [36morg.springframework.beans.factory.support.DefaultListableBeanFactory[0;39m - Creating shared instance of singleton bean 'org.springframework.boot.autoconfigure.task.TaskSchedulingConfigurations$ThreadPoolTaskSchedulerBuilderConfiguration'
2026-05-21  10:35:23.614 [39mDEBUG[0;39m [main][N/A] [36morg.springframework.beans.factory.support.DefaultListableBeanFactory[0;39m - Creating shared instance of singleton bean 'threadPoolTaskSchedulerBuilder'
2026-05-21  10:35:23.614 [39mDEBUG[0;39m [main][N/A] [36morg.springframework.beans.factory.support.DefaultListableBeanFactory[0;39m - Creating shared instance of singleton bean 'spring.task.scheduling-org.springframework.boot.autoconfigure.task.TaskSchedulingProperties'
2026-05-21  10:35:23.615 [39mDEBUG[0;39m [main][N/A] [36morg.springframework.beans.factory.support.DefaultListableBeanFactory[0;39m - Autowiring by type from bean name 'threadPoolTaskSchedulerBuilder' via factory method to bean named 'spring.task.scheduling-org.springframework.boot.autoconfigure.task.TaskSchedulingProperties'
2026-05-21  10:35:23.616 [39mDEBUG[0;39m [main][N/A] [36morg.springframework.beans.factory.support.DefaultListableBeanFactory[0;39m - Creating shared instance of singleton bean 'org.springframework.boot.autoconfigure.task.TaskSchedulingConfigurations$TaskSchedulerBuilderConfiguration'
2026-05-21  10:35:23.616 [39mDEBUG[0;39m [main][N/A] [36morg.springframework.beans.factory.support.DefaultListableBeanFactory[0;39m - Creating shared instance of singleton bean 'taskSchedulerBuilder'
2026-05-21  10:35:23.616 [39mDEBUG[0;39m [main][N/A] [36morg.springframework.beans.factory.support.DefaultListableBeanFactory[0;39m - Autowiring by type from bean name 'taskSchedulerBuilder' via factory method to bean named 'spring.task.scheduling-org.springframework.boot.autoconfigure.task.TaskSchedulingProperties'
2026-05-21  10:35:23.616 [39mDEBUG[0;39m [main][N/A] [36morg.springframework.beans.factory.support.DefaultListableBeanFactory[0;39m - Creating shared instance of singleton bean 'org.springframework.boot.autoconfigure.task.TaskSchedulingConfigurations$SimpleAsyncTaskSchedulerBuilderConfiguration'
2026-05-21  10:35:23.616 [39mDEBUG[0;39m [main][N/A] [36morg.springframework.beans.factory.support.DefaultListableBeanFactory[0;39m - Autowiring by type from bean name 'org.springframework.boot.autoconfigure.task.TaskSchedulingConfigurations$SimpleAsyncTaskSchedulerBuilderConfiguration' via constructor to bean named 'spring.task.scheduling-org.springframework.boot.autoconfigure.task.TaskSchedulingProperties'
2026-05-21  10:35:23.616 [39mDEBUG[0;39m [main][N/A] [36morg.springframework.beans.factory.support.DefaultListableBeanFactory[0;39m - Creating shared instance of singleton bean 'simpleAsyncTaskSchedulerBuilder'
2026-05-21  10:35:23.617 [39mDEBUG[0;39m [main][N/A] [36morg.springframework.beans.factory.support.DefaultListableBeanFactory[0;39m - Creating shared instance of singleton bean 'org.springframework.boot.autoconfigure.task.TaskSchedulingAutoConfiguration'
2026-05-21  10:35:23.617 [39mDEBUG[0;39m [main][N/A] [36morg.springframework.beans.factory.support.DefaultListableBeanFactory[0;39m - Creating shared instance of singleton bean 'org.springframework.boot.actuate.autoconfigure.metrics.task.TaskExecutorMetricsAutoConfiguration'
2026-05-21  10:35:23.622 [39mDEBUG[0;39m [main][N/A] [36morg.springframework.beans.factory.support.DefaultListableBeanFactory[0;39m - Creating shared instance of singleton bean 'eagerTaskExecutorMetrics'
2026-05-21  10:35:23.622 [39mDEBUG[0;39m [main][N/A] [36morg.springframework.beans.factory.support.DefaultListableBeanFactory[0;39m - Creating shared instance of singleton bean 'org.springframework.boot.actuate.autoconfigure.metrics.web.tomcat.TomcatMetricsAutoConfiguration'
2026-05-21  10:35:23.622 [39mDEBUG[0;39m [main][N/A] [36morg.springframework.beans.factory.support.DefaultListableBeanFactory[0;39m - Creating shared instance of singleton bean 'tomcatMetricsBinder'
2026-05-21  10:35:23.622 [39mDEBUG[0;39m [main][N/A] [36morg.springframework.beans.factory.support.DefaultListableBeanFactory[0;39m - Autowiring by type from bean name 'tomcatMetricsBinder' via factory method to bean named 'simpleMeterRegistry'
2026-05-21  10:35:23.622 [39mDEBUG[0;39m [main][N/A] [36morg.springframework.beans.factory.support.DefaultListableBeanFactory[0;39m - Creating shared instance of singleton bean 'org.springframework.boot.actuate.autoconfigure.observation.ObservationAutoConfiguration$MeterObservationHandlerConfiguration'
2026-05-21  10:35:23.622 [39mDEBUG[0;39m [main][N/A] [36morg.springframework.beans.factory.support.DefaultListableBeanFactory[0;39m - Creating shared instance of singleton bean 'org.springframework.boot.autoconfigure.http.JacksonHttpMessageConvertersConfiguration'
2026-05-21  10:35:23.622 [39mDEBUG[0;39m [main][N/A] [36morg.springframework.beans.factory.support.DefaultListableBeanFactory[0;39m - Creating shared instance of singleton bean 'org.springframework.boot.autoconfigure.web.client.RestClientAutoConfiguration'
2026-05-21  10:35:23.622 [39mDEBUG[0;39m [main][N/A] [36morg.springframework.beans.factory.support.DefaultListableBeanFactory[0;39m - Creating shared instance of singleton bean 'httpMessageConvertersRestClientCustomizer'
2026-05-21  10:35:23.623 [39mDEBUG[0;39m [main][N/A] [36morg.springframework.beans.factory.support.DefaultListableBeanFactory[0;39m - Creating shared instance of singleton bean 'restClientSsl'
2026-05-21  10:35:23.623 [39mDEBUG[0;39m [main][N/A] [36morg.springframework.beans.factory.support.DefaultListableBeanFactory[0;39m - Autowiring by type from bean name 'restClientSsl' via factory method to bean named 'sslBundleRegistry'
2026-05-21  10:35:23.623 [39mDEBUG[0;39m [main][N/A] [36morg.springframework.beans.factory.support.DefaultListableBeanFactory[0;39m - Creating shared instance of singleton bean 'restClientBuilderConfigurer'
2026-05-21  10:35:23.623 [39mDEBUG[0;39m [main][N/A] [36morg.springframework.beans.factory.support.DefaultListableBeanFactory[0;39m - Creating shared instance of singleton bean 'observationRestClientCustomizer'
2026-05-21  10:35:23.623 [39mDEBUG[0;39m [main][N/A] [36morg.springframework.beans.factory.support.DefaultListableBeanFactory[0;39m - Creating shared instance of singleton bean 'org.springframework.boot.actuate.autoconfigure.observation.web.client.RestClientObservationConfiguration'
2026-05-21  10:35:23.623 [39mDEBUG[0;39m [main][N/A] [36morg.springframework.beans.factory.support.DefaultListableBeanFactory[0;39m - Autowiring by type from bean name 'observationRestClientCustomizer' via factory method to bean named 'observationRegistry'
2026-05-21  10:35:23.623 [39mDEBUG[0;39m [main][N/A] [36morg.springframework.beans.factory.support.DefaultListableBeanFactory[0;39m - Autowiring by type from bean name 'observationRestClientCustomizer' via factory method to bean named 'management.observations-org.springframework.boot.actuate.autoconfigure.observation.ObservationProperties'
2026-05-21  10:35:23.624 [39mDEBUG[0;39m [main][N/A] [36morg.springframework.beans.factory.support.DefaultListableBeanFactory[0;39m - Creating shared instance of singleton bean 'org.springframework.boot.autoconfigure.web.client.RestTemplateAutoConfiguration'
2026-05-21  10:35:23.624 [39mDEBUG[0;39m [main][N/A] [36morg.springframework.beans.factory.support.DefaultListableBeanFactory[0;39m - Creating shared instance of singleton bean 'org.springframework.boot.actuate.autoconfigure.observation.web.client.RestTemplateObservationConfiguration'
2026-05-21  10:35:23.624 [39mDEBUG[0;39m [main][N/A] [36morg.springframework.beans.factory.support.DefaultListableBeanFactory[0;39m - Creating shared instance of singleton bean 'observationRestTemplateCustomizer'
2026-05-21  10:35:23.624 [39mDEBUG[0;39m [main][N/A] [36morg.springframework.beans.factory.support.DefaultListableBeanFactory[0;39m - Autowiring by type from bean name 'observationRestTemplateCustomizer' via factory method to bean named 'observationRegistry'
2026-05-21  10:35:23.624 [39mDEBUG[0;39m [main][N/A] [36morg.springframework.beans.factory.support.DefaultListableBeanFactory[0;39m - Autowiring by type from bean name 'observationRestTemplateCustomizer' via factory method to bean named 'management.observations-org.springframework.boot.actuate.autoconfigure.observation.ObservationProperties'
2026-05-21  10:35:23.624 [39mDEBUG[0;39m [main][N/A] [36morg.springframework.beans.factory.support.DefaultListableBeanFactory[0;39m - Creating shared instance of singleton bean 'org.springframework.boot.actuate.autoconfigure.observation.web.client.HttpClientObservationsAutoConfiguration'
2026-05-21  10:35:23.624 [39mDEBUG[0;39m [main][N/A] [36morg.springframework.beans.factory.support.DefaultListableBeanFactory[0;39m - Creating shared instance of singleton bean 'org.springframework.boot.actuate.autoconfigure.scheduling.ScheduledTasksObservabilityAutoConfiguration'
2026-05-21  10:35:23.624 [39mDEBUG[0;39m [main][N/A] [36morg.springframework.beans.factory.support.DefaultListableBeanFactory[0;39m - Creating shared instance of singleton bean 'observabilitySchedulingConfigurer'
2026-05-21  10:35:23.624 [39mDEBUG[0;39m [main][N/A] [36morg.springframework.beans.factory.support.DefaultListableBeanFactory[0;39m - Autowiring by type from bean name 'observabilitySchedulingConfigurer' via factory method to bean named 'observationRegistry'
2026-05-21  10:35:23.625 [39mDEBUG[0;39m [main][N/A] [36morg.springframework.beans.factory.support.DefaultListableBeanFactory[0;39m - Creating shared instance of singleton bean 'org.springframework.boot.autoconfigure.security.oauth2.server.servlet.OAuth2AuthorizationServerConfiguration'
2026-05-21  10:35:23.625 [39mDEBUG[0;39m [main][N/A] [36morg.springframework.beans.factory.support.DefaultListableBeanFactory[0;39m - Creating shared instance of singleton bean 'spring.security.oauth2.authorizationserver-org.springframework.boot.autoconfigure.security.oauth2.server.servlet.OAuth2AuthorizationServerProperties'
2026-05-21  10:35:23.626 [39mDEBUG[0;39m [main][N/A] [36morg.springframework.beans.factory.support.DefaultListableBeanFactory[0;39m - Autowiring by type from bean name 'org.springframework.boot.autoconfigure.security.oauth2.server.servlet.OAuth2AuthorizationServerConfiguration' via constructor to bean named 'spring.security.oauth2.authorizationserver-org.springframework.boot.autoconfigure.security.oauth2.server.servlet.OAuth2AuthorizationServerProperties'
2026-05-21  10:35:23.627 [39mDEBUG[0;39m [main][N/A] [36morg.springframework.beans.factory.support.DefaultListableBeanFactory[0;39m - Creating shared instance of singleton bean 'org.springframework.boot.autoconfigure.security.oauth2.server.servlet.OAuth2AuthorizationServerAutoConfiguration'
2026-05-21  10:35:23.627 [39mDEBUG[0;39m [main][N/A] [36morg.springframework.beans.factory.support.DefaultListableBeanFactory[0;39m - Creating shared instance of singleton bean 'org.springframework.boot.autoconfigure.security.oauth2.resource.servlet.Oauth2ResourceServerConfiguration$JwtConfiguration'
2026-05-21  10:35:23.627 [39mDEBUG[0;39m [main][N/A] [36morg.springframework.beans.factory.support.DefaultListableBeanFactory[0;39m - Creating shared instance of singleton bean 'org.springframework.boot.autoconfigure.security.oauth2.resource.servlet.OAuth2ResourceServerOpaqueTokenConfiguration$OpaqueTokenIntrospectionClientConfiguration'
2026-05-21  10:35:23.628 [39mDEBUG[0;39m [main][N/A] [36morg.springframework.beans.factory.support.DefaultListableBeanFactory[0;39m - Creating shared instance of singleton bean 'org.springframework.boot.autoconfigure.security.oauth2.resource.servlet.Oauth2ResourceServerConfiguration$OpaqueTokenConfiguration'
2026-05-21  10:35:23.628 [39mDEBUG[0;39m [main][N/A] [36morg.springframework.beans.factory.support.DefaultListableBeanFactory[0;39m - Creating shared instance of singleton bean 'org.springframework.boot.autoconfigure.security.oauth2.resource.servlet.OAuth2ResourceServerAutoConfiguration'
2026-05-21  10:35:23.628 [39mDEBUG[0;39m [main][N/A] [36morg.springframework.beans.factory.support.DefaultListableBeanFactory[0;39m - Creating shared instance of singleton bean 'spring.security.oauth2.resourceserver-org.springframework.boot.autoconfigure.security.oauth2.resource.OAuth2ResourceServerProperties'
2026-05-21  10:35:23.628 [39mDEBUG[0;39m [main][N/A] [36morg.springframework.beans.factory.support.DefaultListableBeanFactory[0;39m - Creating shared instance of singleton bean 'org.springframework.boot.actuate.autoconfigure.web.exchanges.HttpExchangesEndpointAutoConfiguration'
2026-05-21  10:35:23.628 [39mDEBUG[0;39m [main][N/A] [36morg.springframework.beans.factory.support.DefaultListableBeanFactory[0;39m - Creating shared instance of singleton bean 'org.springframework.boot.autoconfigure.admin.SpringApplicationAdminJmxAutoConfiguration'
2026-05-21  10:35:23.628 [39mDEBUG[0;39m [main][N/A] [36morg.springframework.beans.factory.support.DefaultListableBeanFactory[0;39m - Creating shared instance of singleton bean 'springApplicationAdminRegistrar'
2026-05-21  10:35:23.628 [39mDEBUG[0;39m [main][N/A] [36morg.springframework.beans.factory.support.DefaultListableBeanFactory[0;39m - Autowiring by type from bean name 'springApplicationAdminRegistrar' via factory method to bean named 'environment'
2026-05-21  10:35:23.629 [39mDEBUG[0;39m [main][N/A] [36mo.s.boot.admin.SpringApplicationAdminMXBeanRegistrar$SpringApplicationAdmin[0;39m - Application Admin MBean registered with name 'org.springframework.boot:type=Admin,name=SpringApplication'
2026-05-21  10:35:23.629 [39mDEBUG[0;39m [main][N/A] [36morg.springframework.beans.factory.support.DefaultListableBeanFactory[0;39m - Creating shared instance of singleton bean 'org.springframework.boot.autoconfigure.aop.AopAutoConfiguration$ClassProxyingConfiguration'
2026-05-21  10:35:23.630 [39mDEBUG[0;39m [main][N/A] [36morg.springframework.beans.factory.support.DefaultListableBeanFactory[0;39m - Creating shared instance of singleton bean 'org.springframework.boot.autoconfigure.aop.AopAutoConfiguration'
2026-05-21  10:35:23.630 [39mDEBUG[0;39m [main][N/A] [36morg.springframework.beans.factory.support.DefaultListableBeanFactory[0;39m - Creating shared instance of singleton bean 'org.springframework.boot.autoconfigure.context.ConfigurationPropertiesAutoConfiguration'
2026-05-21  10:35:23.630 [39mDEBUG[0;39m [main][N/A] [36morg.springframework.beans.factory.support.DefaultListableBeanFactory[0;39m - Creating shared instance of singleton bean 'org.springframework.boot.autoconfigure.context.LifecycleAutoConfiguration'
2026-05-21  10:35:23.630 [39mDEBUG[0;39m [main][N/A] [36morg.springframework.beans.factory.support.DefaultListableBeanFactory[0;39m - Creating shared instance of singleton bean 'lifecycleProcessor'
2026-05-21  10:35:23.630 [39mDEBUG[0;39m [main][N/A] [36morg.springframework.beans.factory.support.DefaultListableBeanFactory[0;39m - Creating shared instance of singleton bean 'spring.lifecycle-org.springframework.boot.autoconfigure.context.LifecycleProperties'
2026-05-21  10:35:23.630 [39mDEBUG[0;39m [main][N/A] [36morg.springframework.beans.factory.support.DefaultListableBeanFactory[0;39m - Autowiring by type from bean name 'lifecycleProcessor' via factory method to bean named 'spring.lifecycle-org.springframework.boot.autoconfigure.context.LifecycleProperties'
2026-05-21  10:35:23.630 [39mDEBUG[0;39m [main][N/A] [36morg.springframework.beans.factory.support.DefaultListableBeanFactory[0;39m - Creating shared instance of singleton bean 'org.springframework.boot.autoconfigure.dao.PersistenceExceptionTranslationAutoConfiguration'
2026-05-21  10:35:23.631 [39mDEBUG[0;39m [main][N/A] [36morg.springframework.beans.factory.support.DefaultListableBeanFactory[0;39m - Creating shared instance of singleton bean 'org.springframework.boot.autoconfigure.data.redis.RedisRepositoriesAutoConfiguration'
2026-05-21  10:35:23.631 [39mDEBUG[0;39m [main][N/A] [36morg.springframework.beans.factory.support.DefaultListableBeanFactory[0;39m - Creating shared instance of singleton bean 'redisIndexConfiguration#0'
2026-05-21  10:35:23.631 [39mDEBUG[0;39m [main][N/A] [36morg.springframework.beans.factory.support.DefaultListableBeanFactory[0;39m - Creating shared instance of singleton bean 'redisKeyspaceConfiguration#0'
2026-05-21  10:35:23.631 [39mDEBUG[0;39m [main][N/A] [36morg.springframework.beans.factory.support.DefaultListableBeanFactory[0;39m - Creating shared instance of singleton bean 'redisMappingConfiguration#0'
2026-05-21  10:35:23.631 [39mDEBUG[0;39m [main][N/A] [36morg.springframework.beans.factory.support.DefaultListableBeanFactory[0;39m - Creating shared instance of singleton bean 'keyValueMappingContext'
2026-05-21  10:35:23.635 [39mDEBUG[0;39m [main][N/A] [36morg.springframework.beans.factory.support.DefaultListableBeanFactory[0;39m - Creating shared instance of singleton bean 'redisCustomConversions'
2026-05-21  10:35:23.635 [39mDEBUG[0;39m [main][N/A] [36morg.springframework.data.convert.CustomConversions[0;39m - Adding converter from class java.lang.String to class [B as writing converter
2026-05-21  10:35:23.635 [39mDEBUG[0;39m [main][N/A] [36morg.springframework.data.convert.CustomConversions[0;39m - Adding converter from class [B to class java.lang.String as reading converter
2026-05-21  10:35:23.635 [39mDEBUG[0;39m [main][N/A] [36morg.springframework.data.convert.CustomConversions[0;39m - Adding converter from class java.lang.Number to class [B as writing converter
2026-05-21  10:35:23.635 [39mDEBUG[0;39m [main][N/A] [36morg.springframework.data.convert.CustomConversions[0;39m - Adding converter from class [B to class java.lang.Number as reading converter
2026-05-21  10:35:23.635 [39mDEBUG[0;39m [main][N/A] [36morg.springframework.data.convert.CustomConversions[0;39m - Adding converter from class java.lang.Enum to class [B as writing converter
2026-05-21  10:35:23.635 [39mDEBUG[0;39m [main][N/A] [36morg.springframework.data.convert.CustomConversions[0;39m - Adding converter from class [B to class java.lang.Enum as reading converter
2026-05-21  10:35:23.635 [39mDEBUG[0;39m [main][N/A] [36morg.springframework.data.convert.CustomConversions[0;39m - Adding converter from class java.lang.Boolean to class [B as writing converter
2026-05-21  10:35:23.635 [39mDEBUG[0;39m [main][N/A] [36morg.springframework.data.convert.CustomConversions[0;39m - Adding converter from class [B to class java.lang.Boolean as reading converter
2026-05-21  10:35:23.635 [39mDEBUG[0;39m [main][N/A] [36morg.springframework.data.convert.CustomConversions[0;39m - Adding converter from class java.util.Date to class [B as writing converter
2026-05-21  10:35:23.635 [39mDEBUG[0;39m [main][N/A] [36morg.springframework.data.convert.CustomConversions[0;39m - Adding converter from class [B to class java.util.Date as reading converter
2026-05-21  10:35:23.635 [39mDEBUG[0;39m [main][N/A] [36morg.springframework.data.convert.CustomConversions[0;39m - Adding converter from class java.util.UUID to class [B as writing converter
2026-05-21  10:35:23.635 [39mDEBUG[0;39m [main][N/A] [36morg.springframework.data.convert.CustomConversions[0;39m - Adding converter from class [B to class java.util.UUID as reading converter
2026-05-21  10:35:23.635 [39mDEBUG[0;39m [main][N/A] [36morg.springframework.data.convert.CustomConversions[0;39m - Adding converter from class java.time.LocalDateTime to class [B as reading converter
2026-05-21  10:35:23.635 [39mDEBUG[0;39m [main][N/A] [36morg.springframework.data.convert.CustomConversions[0;39m - Adding converter from class [B to class java.time.LocalDateTime as reading converter
2026-05-21  10:35:23.635 [39mDEBUG[0;39m [main][N/A] [36morg.springframework.data.convert.CustomConversions[0;39m - Adding converter from class java.time.LocalDate to class [B as reading converter
2026-05-21  10:35:23.635 [39mDEBUG[0;39m [main][N/A] [36morg.springframework.data.convert.CustomConversions[0;39m - Adding converter from class [B to class java.time.LocalDate as reading converter
2026-05-21  10:35:23.635 [39mDEBUG[0;39m [main][N/A] [36morg.springframework.data.convert.CustomConversions[0;39m - Adding converter from class java.time.LocalTime to class [B as reading converter
2026-05-21  10:35:23.635 [39mDEBUG[0;39m [main][N/A] [36morg.springframework.data.convert.CustomConversions[0;39m - Adding converter from class [B to class java.time.LocalTime as reading converter
2026-05-21  10:35:23.635 [39mDEBUG[0;39m [main][N/A] [36morg.springframework.data.convert.CustomConversions[0;39m - Adding converter from class java.time.ZonedDateTime to class [B as reading converter
2026-05-21  10:35:23.635 [39mDEBUG[0;39m [main][N/A] [36morg.springframework.data.convert.CustomConversions[0;39m - Adding converter from class [B to class java.time.ZonedDateTime as reading converter
2026-05-21  10:35:23.635 [39mDEBUG[0;39m [main][N/A] [36morg.springframework.data.convert.CustomConversions[0;39m - Adding converter from class java.time.Instant to class [B as reading converter
2026-05-21  10:35:23.635 [39mDEBUG[0;39m [main][N/A] [36morg.springframework.data.convert.CustomConversions[0;39m - Adding converter from class [B to class java.time.Instant as reading converter
2026-05-21  10:35:23.635 [39mDEBUG[0;39m [main][N/A] [36morg.springframework.data.convert.CustomConversions[0;39m - Adding converter from class java.time.ZoneId to class [B as reading converter
2026-05-21  10:35:23.635 [39mDEBUG[0;39m [main][N/A] [36morg.springframework.data.convert.CustomConversions[0;39m - Adding converter from class [B to class java.time.ZoneId as reading converter
2026-05-21  10:35:23.636 [39mDEBUG[0;39m [main][N/A] [36morg.springframework.data.convert.CustomConversions[0;39m - Adding converter from class java.time.Period to class [B as reading converter
2026-05-21  10:35:23.636 [39mDEBUG[0;39m [main][N/A] [36morg.springframework.data.convert.CustomConversions[0;39m - Adding converter from class [B to class java.time.Period as reading converter
2026-05-21  10:35:23.636 [39mDEBUG[0;39m [main][N/A] [36morg.springframework.data.convert.CustomConversions[0;39m - Adding converter from class java.time.Duration to class [B as reading converter
2026-05-21  10:35:23.636 [39mDEBUG[0;39m [main][N/A] [36morg.springframework.data.convert.CustomConversions[0;39m - Adding converter from class [B to class java.time.Duration as reading converter
2026-05-21  10:35:23.636 [39mDEBUG[0;39m [main][N/A] [36morg.springframework.data.convert.CustomConversions[0;39m - Adding converter from class java.time.OffsetDateTime to class [B as reading converter
2026-05-21  10:35:23.636 [39mDEBUG[0;39m [main][N/A] [36morg.springframework.data.convert.CustomConversions[0;39m - Adding converter from class [B to class java.time.OffsetDateTime as reading converter
2026-05-21  10:35:23.636 [39mDEBUG[0;39m [main][N/A] [36morg.springframework.data.convert.CustomConversions[0;39m - Adding converter from class java.time.OffsetTime to class [B as reading converter
2026-05-21  10:35:23.636 [39mDEBUG[0;39m [main][N/A] [36morg.springframework.data.convert.CustomConversions[0;39m - Adding converter from class [B to class java.time.OffsetTime as reading converter
2026-05-21  10:35:23.636 [39mDEBUG[0;39m [main][N/A] [36morg.springframework.data.convert.CustomConversions[0;39m - Adding converter from class java.util.Date to class java.time.LocalDateTime as reading converter
2026-05-21  10:35:23.636 [39mDEBUG[0;39m [main][N/A] [36morg.springframework.data.convert.CustomConversions[0;39m - Adding converter from class java.time.LocalDateTime to class java.util.Date as writing converter
2026-05-21  10:35:23.636 [39mDEBUG[0;39m [main][N/A] [36morg.springframework.data.convert.CustomConversions[0;39m - Adding converter from class java.util.Date to class java.time.LocalDate as reading converter
2026-05-21  10:35:23.636 [39mDEBUG[0;39m [main][N/A] [36morg.springframework.data.convert.CustomConversions[0;39m - Adding converter from class java.time.LocalDate to class java.util.Date as writing converter
2026-05-21  10:35:23.636 [39mDEBUG[0;39m [main][N/A] [36morg.springframework.data.convert.CustomConversions[0;39m - Adding converter from class java.util.Date to class java.time.LocalTime as reading converter
2026-05-21  10:35:23.636 [39mDEBUG[0;39m [main][N/A] [36morg.springframework.data.convert.CustomConversions[0;39m - Adding converter from class java.time.LocalTime to class java.util.Date as writing converter
2026-05-21  10:35:23.636 [39mDEBUG[0;39m [main][N/A] [36morg.springframework.data.convert.CustomConversions[0;39m - Adding converter from class java.util.Date to class java.time.Instant as reading converter
2026-05-21  10:35:23.636 [39mDEBUG[0;39m [main][N/A] [36morg.springframework.data.convert.CustomConversions[0;39m - Adding converter from class java.time.Instant to class java.util.Date as writing converter
2026-05-21  10:35:23.636 [39mDEBUG[0;39m [main][N/A] [36morg.springframework.data.convert.CustomConversions[0;39m - Adding converter from class java.time.LocalDateTime to class java.time.Instant as reading converter
2026-05-21  10:35:23.636 [39mDEBUG[0;39m [main][N/A] [36morg.springframework.data.convert.CustomConversions[0;39m - Adding converter from class java.time.Instant to class java.time.LocalDateTime as reading converter
2026-05-21  10:35:23.636 [39mDEBUG[0;39m [main][N/A] [36morg.springframework.data.convert.CustomConversions[0;39m - Adding converter from class java.time.ZoneId to class java.lang.String as writing converter
2026-05-21  10:35:23.636 [39mDEBUG[0;39m [main][N/A] [36morg.springframework.data.convert.CustomConversions[0;39m - Adding converter from class java.lang.String to class java.time.ZoneId as reading converter
2026-05-21  10:35:23.636 [39mDEBUG[0;39m [main][N/A] [36morg.springframework.data.convert.CustomConversions[0;39m - Adding converter from class java.time.Duration to class java.lang.String as writing converter
2026-05-21  10:35:23.636 [39mDEBUG[0;39m [main][N/A] [36morg.springframework.data.convert.CustomConversions[0;39m - Adding converter from class java.lang.String to class java.time.Duration as reading converter
2026-05-21  10:35:23.636 [39mDEBUG[0;39m [main][N/A] [36morg.springframework.data.convert.CustomConversions[0;39m - Adding converter from class java.time.Period to class java.lang.String as writing converter
2026-05-21  10:35:23.636 [39mDEBUG[0;39m [main][N/A] [36morg.springframework.data.convert.CustomConversions[0;39m - Adding converter from class java.lang.String to class java.time.Period as reading converter
2026-05-21  10:35:23.636 [39mDEBUG[0;39m [main][N/A] [36morg.springframework.data.convert.CustomConversions[0;39m - Adding converter from class java.lang.String to class java.time.LocalDate as reading converter
2026-05-21  10:35:23.636 [39mDEBUG[0;39m [main][N/A] [36morg.springframework.data.convert.CustomConversions[0;39m - Adding converter from class java.lang.String to class java.time.LocalDateTime as reading converter
2026-05-21  10:35:23.636 [39mDEBUG[0;39m [main][N/A] [36morg.springframework.data.convert.CustomConversions[0;39m - Adding converter from class java.lang.String to class java.time.Instant as reading converter
2026-05-21  10:35:23.636 [39mDEBUG[0;39m [main][N/A] [36morg.springframework.beans.factory.support.DefaultListableBeanFactory[0;39m - Creating shared instance of singleton bean 'redisReferenceResolver'
2026-05-21  10:35:23.636 [39mDEBUG[0;39m [main][N/A] [36morg.springframework.beans.factory.support.DefaultListableBeanFactory[0;39m - Creating shared instance of singleton bean 'redisConverter'
2026-05-21  10:35:23.637 [39mDEBUG[0;39m [main][N/A] [36morg.springframework.data.convert.CustomConversions[0;39m - Adding converter from class java.lang.String to class [B as writing converter
2026-05-21  10:35:23.637 [39mDEBUG[0;39m [main][N/A] [36morg.springframework.data.convert.CustomConversions[0;39m - Adding converter from class [B to class java.lang.String as reading converter
2026-05-21  10:35:23.637 [39mDEBUG[0;39m [main][N/A] [36morg.springframework.data.convert.CustomConversions[0;39m - Adding converter from class java.lang.Number to class [B as writing converter
2026-05-21  10:35:23.637 [39mDEBUG[0;39m [main][N/A] [36morg.springframework.data.convert.CustomConversions[0;39m - Adding converter from class [B to class java.lang.Number as reading converter
2026-05-21  10:35:23.637 [39mDEBUG[0;39m [main][N/A] [36morg.springframework.data.convert.CustomConversions[0;39m - Adding converter from class java.lang.Enum to class [B as writing converter
2026-05-21  10:35:23.637 [39mDEBUG[0;39m [main][N/A] [36morg.springframework.data.convert.CustomConversions[0;39m - Adding converter from class [B to class java.lang.Enum as reading converter
2026-05-21  10:35:23.637 [39mDEBUG[0;39m [main][N/A] [36morg.springframework.data.convert.CustomConversions[0;39m - Adding converter from class java.lang.Boolean to class [B as writing converter
2026-05-21  10:35:23.637 [39mDEBUG[0;39m [main][N/A] [36morg.springframework.data.convert.CustomConversions[0;39m - Adding converter from class [B to class java.lang.Boolean as reading converter
2026-05-21  10:35:23.637 [39mDEBUG[0;39m [main][N/A] [36morg.springframework.data.convert.CustomConversions[0;39m - Adding converter from class java.util.Date to class [B as writing converter
2026-05-21  10:35:23.637 [39mDEBUG[0;39m [main][N/A] [36morg.springframework.data.convert.CustomConversions[0;39m - Adding converter from class [B to class java.util.Date as reading converter
2026-05-21  10:35:23.637 [39mDEBUG[0;39m [main][N/A] [36morg.springframework.data.convert.CustomConversions[0;39m - Adding converter from class java.util.UUID to class [B as writing converter
2026-05-21  10:35:23.637 [39mDEBUG[0;39m [main][N/A] [36morg.springframework.data.convert.CustomConversions[0;39m - Adding converter from class [B to class java.util.UUID as reading converter
2026-05-21  10:35:23.637 [39mDEBUG[0;39m [main][N/A] [36morg.springframework.data.convert.CustomConversions[0;39m - Adding converter from class java.time.LocalDateTime to class [B as reading converter
2026-05-21  10:35:23.637 [39mDEBUG[0;39m [main][N/A] [36morg.springframework.data.convert.CustomConversions[0;39m - Adding converter from class [B to class java.time.LocalDateTime as reading converter
2026-05-21  10:35:23.637 [39mDEBUG[0;39m [main][N/A] [36morg.springframework.data.convert.CustomConversions[0;39m - Adding converter from class java.time.LocalDate to class [B as reading converter
2026-05-21  10:35:23.637 [39mDEBUG[0;39m [main][N/A] [36morg.springframework.data.convert.CustomConversions[0;39m - Adding converter from class [B to class java.time.LocalDate as reading converter
2026-05-21  10:35:23.637 [39mDEBUG[0;39m [main][N/A] [36morg.springframework.data.convert.CustomConversions[0;39m - Adding converter from class java.time.LocalTime to class [B as reading converter
2026-05-21  10:35:23.637 [39mDEBUG[0;39m [main][N/A] [36morg.springframework.data.convert.CustomConversions[0;39m - Adding converter from class [B to class java.time.LocalTime as reading converter
2026-05-21  10:35:23.637 [39mDEBUG[0;39m [main][N/A] [36morg.springframework.data.convert.CustomConversions[0;39m - Adding converter from class java.time.ZonedDateTime to class [B as reading converter
2026-05-21  10:35:23.637 [39mDEBUG[0;39m [main][N/A] [36morg.springframework.data.convert.CustomConversions[0;39m - Adding converter from class [B to class java.time.ZonedDateTime as reading converter
2026-05-21  10:35:23.637 [39mDEBUG[0;39m [main][N/A] [36morg.springframework.data.convert.CustomConversions[0;39m - Adding converter from class java.time.Instant to class [B as reading converter
2026-05-21  10:35:23.637 [39mDEBUG[0;39m [main][N/A] [36morg.springframework.data.convert.CustomConversions[0;39m - Adding converter from class [B to class java.time.Instant as reading converter
2026-05-21  10:35:23.637 [39mDEBUG[0;39m [main][N/A] [36morg.springframework.data.convert.CustomConversions[0;39m - Adding converter from class java.time.ZoneId to class [B as reading converter
2026-05-21  10:35:23.637 [39mDEBUG[0;39m [main][N/A] [36morg.springframework.data.convert.CustomConversions[0;39m - Adding converter from class [B to class java.time.ZoneId as reading converter
2026-05-21  10:35:23.637 [39mDEBUG[0;39m [main][N/A] [36morg.springframework.data.convert.CustomConversions[0;39m - Adding converter from class java.time.Period to class [B as reading converter
2026-05-21  10:35:23.637 [39mDEBUG[0;39m [main][N/A] [36morg.springframework.data.convert.CustomConversions[0;39m - Adding converter from class [B to class java.time.Period as reading converter
2026-05-21  10:35:23.637 [39mDEBUG[0;39m [main][N/A] [36morg.springframework.data.convert.CustomConversions[0;39m - Adding converter from class java.time.Duration to class [B as reading converter
2026-05-21  10:35:23.637 [39mDEBUG[0;39m [main][N/A] [36morg.springframework.data.convert.CustomConversions[0;39m - Adding converter from class [B to class java.time.Duration as reading converter
2026-05-21  10:35:23.637 [39mDEBUG[0;39m [main][N/A] [36morg.springframework.data.convert.CustomConversions[0;39m - Adding converter from class java.time.OffsetDateTime to class [B as reading converter
2026-05-21  10:35:23.637 [39mDEBUG[0;39m [main][N/A] [36morg.springframework.data.convert.CustomConversions[0;39m - Adding converter from class [B to class java.time.OffsetDateTime as reading converter
2026-05-21  10:35:23.637 [39mDEBUG[0;39m [main][N/A] [36morg.springframework.data.convert.CustomConversions[0;39m - Adding converter from class java.time.OffsetTime to class [B as reading converter
2026-05-21  10:35:23.637 [39mDEBUG[0;39m [main][N/A] [36morg.springframework.data.convert.CustomConversions[0;39m - Adding converter from class [B to class java.time.OffsetTime as reading converter
2026-05-21  10:35:23.637 [39mDEBUG[0;39m [main][N/A] [36morg.springframework.data.convert.CustomConversions[0;39m - Adding converter from class java.util.Date to class java.time.LocalDateTime as reading converter
2026-05-21  10:35:23.637 [39mDEBUG[0;39m [main][N/A] [36morg.springframework.data.convert.CustomConversions[0;39m - Adding converter from class java.time.LocalDateTime to class java.util.Date as writing converter
2026-05-21  10:35:23.637 [39mDEBUG[0;39m [main][N/A] [36morg.springframework.data.convert.CustomConversions[0;39m - Adding converter from class java.util.Date to class java.time.LocalDate as reading converter
2026-05-21  10:35:23.637 [39mDEBUG[0;39m [main][N/A] [36morg.springframework.data.convert.CustomConversions[0;39m - Adding converter from class java.time.LocalDate to class java.util.Date as writing converter
2026-05-21  10:35:23.637 [39mDEBUG[0;39m [main][N/A] [36morg.springframework.data.convert.CustomConversions[0;39m - Adding converter from class java.util.Date to class java.time.LocalTime as reading converter
2026-05-21  10:35:23.637 [39mDEBUG[0;39m [main][N/A] [36morg.springframework.data.convert.CustomConversions[0;39m - Adding converter from class java.time.LocalTime to class java.util.Date as writing converter
2026-05-21  10:35:23.637 [39mDEBUG[0;39m [main][N/A] [36morg.springframework.data.convert.CustomConversions[0;39m - Adding converter from class java.util.Date to class java.time.Instant as reading converter
2026-05-21  10:35:23.637 [39mDEBUG[0;39m [main][N/A] [36morg.springframework.data.convert.CustomConversions[0;39m - Adding converter from class java.time.Instant to class java.util.Date as writing converter
2026-05-21  10:35:23.637 [39mDEBUG[0;39m [main][N/A] [36morg.springframework.data.convert.CustomConversions[0;39m - Adding converter from class java.time.LocalDateTime to class java.time.Instant as reading converter
2026-05-21  10:35:23.637 [39mDEBUG[0;39m [main][N/A] [36morg.springframework.data.convert.CustomConversions[0;39m - Adding converter from class java.time.Instant to class java.time.LocalDateTime as reading converter
2026-05-21  10:35:23.637 [39mDEBUG[0;39m [main][N/A] [36morg.springframework.data.convert.CustomConversions[0;39m - Adding converter from class java.time.ZoneId to class java.lang.String as writing converter
2026-05-21  10:35:23.637 [39mDEBUG[0;39m [main][N/A] [36morg.springframework.data.convert.CustomConversions[0;39m - Adding converter from class java.lang.String to class java.time.ZoneId as reading converter
2026-05-21  10:35:23.637 [39mDEBUG[0;39m [main][N/A] [36morg.springframework.data.convert.CustomConversions[0;39m - Adding converter from class java.time.Duration to class java.lang.String as writing converter
2026-05-21  10:35:23.637 [39mDEBUG[0;39m [main][N/A] [36morg.springframework.data.convert.CustomConversions[0;39m - Adding converter from class java.lang.String to class java.time.Duration as reading converter
2026-05-21  10:35:23.637 [39mDEBUG[0;39m [main][N/A] [36morg.springframework.data.convert.CustomConversions[0;39m - Adding converter from class java.time.Period to class java.lang.String as writing converter
2026-05-21  10:35:23.637 [39mDEBUG[0;39m [main][N/A] [36morg.springframework.data.convert.CustomConversions[0;39m - Adding converter from class java.lang.String to class java.time.Period as reading converter
2026-05-21  10:35:23.637 [39mDEBUG[0;39m [main][N/A] [36morg.springframework.data.convert.CustomConversions[0;39m - Adding converter from class java.lang.String to class java.time.LocalDate as reading converter
2026-05-21  10:35:23.637 [39mDEBUG[0;39m [main][N/A] [36morg.springframework.data.convert.CustomConversions[0;39m - Adding converter from class java.lang.String to class java.time.LocalDateTime as reading converter
2026-05-21  10:35:23.637 [39mDEBUG[0;39m [main][N/A] [36morg.springframework.data.convert.CustomConversions[0;39m - Adding converter from class java.lang.String to class java.time.Instant as reading converter
2026-05-21  10:35:23.637 [39mDEBUG[0;39m [main][N/A] [36morg.springframework.data.convert.CustomConversions[0;39m - Adding converter from class java.lang.String to class [B as writing converter
2026-05-21  10:35:23.637 [39mDEBUG[0;39m [main][N/A] [36morg.springframework.data.convert.CustomConversions[0;39m - Adding converter from class [B to class java.lang.String as reading converter
2026-05-21  10:35:23.637 [39mDEBUG[0;39m [main][N/A] [36morg.springframework.data.convert.CustomConversions[0;39m - Adding converter from class java.lang.Number to class [B as writing converter
2026-05-21  10:35:23.637 [39mDEBUG[0;39m [main][N/A] [36morg.springframework.data.convert.CustomConversions[0;39m - Adding converter from class [B to class java.lang.Number as reading converter
2026-05-21  10:35:23.637 [39mDEBUG[0;39m [main][N/A] [36morg.springframework.data.convert.CustomConversions[0;39m - Adding converter from class java.lang.Enum to class [B as writing converter
2026-05-21  10:35:23.637 [39mDEBUG[0;39m [main][N/A] [36morg.springframework.data.convert.CustomConversions[0;39m - Adding converter from class [B to class java.lang.Enum as reading converter
2026-05-21  10:35:23.637 [39mDEBUG[0;39m [main][N/A] [36morg.springframework.data.convert.CustomConversions[0;39m - Adding converter from class java.lang.Boolean to class [B as writing converter
2026-05-21  10:35:23.637 [39mDEBUG[0;39m [main][N/A] [36morg.springframework.data.convert.CustomConversions[0;39m - Adding converter from class [B to class java.lang.Boolean as reading converter
2026-05-21  10:35:23.637 [39mDEBUG[0;39m [main][N/A] [36morg.springframework.data.convert.CustomConversions[0;39m - Adding converter from class java.util.Date to class [B as writing converter
2026-05-21  10:35:23.637 [39mDEBUG[0;39m [main][N/A] [36morg.springframework.data.convert.CustomConversions[0;39m - Adding converter from class [B to class java.util.Date as reading converter
2026-05-21  10:35:23.637 [39mDEBUG[0;39m [main][N/A] [36morg.springframework.data.convert.CustomConversions[0;39m - Adding converter from class java.util.UUID to class [B as writing converter
2026-05-21  10:35:23.637 [39mDEBUG[0;39m [main][N/A] [36morg.springframework.data.convert.CustomConversions[0;39m - Adding converter from class [B to class java.util.UUID as reading converter
2026-05-21  10:35:23.637 [39mDEBUG[0;39m [main][N/A] [36morg.springframework.data.convert.CustomConversions[0;39m - Adding converter from class java.time.LocalDateTime to class [B as reading converter
2026-05-21  10:35:23.637 [39mDEBUG[0;39m [main][N/A] [36morg.springframework.data.convert.CustomConversions[0;39m - Adding converter from class [B to class java.time.LocalDateTime as reading converter
2026-05-21  10:35:23.637 [39mDEBUG[0;39m [main][N/A] [36morg.springframework.data.convert.CustomConversions[0;39m - Adding converter from class java.time.LocalDate to class [B as reading converter
2026-05-21  10:35:23.637 [39mDEBUG[0;39m [main][N/A] [36morg.springframework.data.convert.CustomConversions[0;39m - Adding converter from class [B to class java.time.LocalDate as reading converter
2026-05-21  10:35:23.637 [39mDEBUG[0;39m [main][N/A] [36morg.springframework.data.convert.CustomConversions[0;39m - Adding converter from class java.time.LocalTime to class [B as reading converter
2026-05-21  10:35:23.637 [39mDEBUG[0;39m [main][N/A] [36morg.springframework.data.convert.CustomConversions[0;39m - Adding converter from class [B to class java.time.LocalTime as reading converter
2026-05-21  10:35:23.637 [39mDEBUG[0;39m [main][N/A] [36morg.springframework.data.convert.CustomConversions[0;39m - Adding converter from class java.time.ZonedDateTime to class [B as reading converter
2026-05-21  10:35:23.637 [39mDEBUG[0;39m [main][N/A] [36morg.springframework.data.convert.CustomConversions[0;39m - Adding converter from class [B to class java.time.ZonedDateTime as reading converter
2026-05-21  10:35:23.637 [39mDEBUG[0;39m [main][N/A] [36morg.springframework.data.convert.CustomConversions[0;39m - Adding converter from class java.time.Instant to class [B as reading converter
2026-05-21  10:35:23.637 [39mDEBUG[0;39m [main][N/A] [36morg.springframework.data.convert.CustomConversions[0;39m - Adding converter from class [B to class java.time.Instant as reading converter
2026-05-21  10:35:23.637 [39mDEBUG[0;39m [main][N/A] [36morg.springframework.data.convert.CustomConversions[0;39m - Adding converter from class java.time.ZoneId to class [B as reading converter
2026-05-21  10:35:23.637 [39mDEBUG[0;39m [main][N/A] [36morg.springframework.data.convert.CustomConversions[0;39m - Adding converter from class [B to class java.time.ZoneId as reading converter
2026-05-21  10:35:23.637 [39mDEBUG[0;39m [main][N/A] [36morg.springframework.data.convert.CustomConversions[0;39m - Adding converter from class java.time.Period to class [B as reading converter
2026-05-21  10:35:23.637 [39mDEBUG[0;39m [main][N/A] [36morg.springframework.data.convert.CustomConversions[0;39m - Adding converter from class [B to class java.time.Period as reading converter
2026-05-21  10:35:23.637 [39mDEBUG[0;39m [main][N/A] [36morg.springframework.data.convert.CustomConversions[0;39m - Adding converter from class java.time.Duration to class [B as reading converter
2026-05-21  10:35:23.637 [39mDEBUG[0;39m [main][N/A] [36morg.springframework.data.convert.CustomConversions[0;39m - Adding converter from class [B to class java.time.Duration as reading converter
2026-05-21  10:35:23.637 [39mDEBUG[0;39m [main][N/A] [36morg.springframework.data.convert.CustomConversions[0;39m - Adding converter from class java.time.OffsetDateTime to class [B as reading converter
2026-05-21  10:35:23.638 [39mDEBUG[0;39m [main][N/A] [36morg.springframework.data.convert.CustomConversions[0;39m - Adding converter from class [B to class java.time.OffsetDateTime as reading converter
2026-05-21  10:35:23.638 [39mDEBUG[0;39m [main][N/A] [36morg.springframework.data.convert.CustomConversions[0;39m - Adding converter from class java.time.OffsetTime to class [B as reading converter
2026-05-21  10:35:23.638 [39mDEBUG[0;39m [main][N/A] [36morg.springframework.data.convert.CustomConversions[0;39m - Adding converter from class [B to class java.time.OffsetTime as reading converter
2026-05-21  10:35:23.638 [39mDEBUG[0;39m [main][N/A] [36morg.springframework.data.convert.CustomConversions[0;39m - Adding converter from class java.util.Date to class java.time.LocalDateTime as reading converter
2026-05-21  10:35:23.638 [39mDEBUG[0;39m [main][N/A] [36morg.springframework.data.convert.CustomConversions[0;39m - Adding converter from class java.time.LocalDateTime to class java.util.Date as writing converter
2026-05-21  10:35:23.638 [39mDEBUG[0;39m [main][N/A] [36morg.springframework.data.convert.CustomConversions[0;39m - Adding converter from class java.util.Date to class java.time.LocalDate as reading converter
2026-05-21  10:35:23.638 [39mDEBUG[0;39m [main][N/A] [36morg.springframework.data.convert.CustomConversions[0;39m - Adding converter from class java.time.LocalDate to class java.util.Date as writing converter
2026-05-21  10:35:23.638 [39mDEBUG[0;39m [main][N/A] [36morg.springframework.data.convert.CustomConversions[0;39m - Adding converter from class java.util.Date to class java.time.LocalTime as reading converter
2026-05-21  10:35:23.638 [39mDEBUG[0;39m [main][N/A] [36morg.springframework.data.convert.CustomConversions[0;39m - Adding converter from class java.time.LocalTime to class java.util.Date as writing converter
2026-05-21  10:35:23.638 [39mDEBUG[0;39m [main][N/A] [36morg.springframework.data.convert.CustomConversions[0;39m - Adding converter from class java.util.Date to class java.time.Instant as reading converter
2026-05-21  10:35:23.638 [39mDEBUG[0;39m [main][N/A] [36morg.springframework.data.convert.CustomConversions[0;39m - Adding converter from class java.time.Instant to class java.util.Date as writing converter
2026-05-21  10:35:23.638 [39mDEBUG[0;39m [main][N/A] [36morg.springframework.data.convert.CustomConversions[0;39m - Adding converter from class java.time.LocalDateTime to class java.time.Instant as reading converter
2026-05-21  10:35:23.638 [39mDEBUG[0;39m [main][N/A] [36morg.springframework.data.convert.CustomConversions[0;39m - Adding converter from class java.time.Instant to class java.time.LocalDateTime as reading converter
2026-05-21  10:35:23.638 [39mDEBUG[0;39m [main][N/A] [36morg.springframework.data.convert.CustomConversions[0;39m - Adding converter from class java.time.ZoneId to class java.lang.String as writing converter
2026-05-21  10:35:23.638 [39mDEBUG[0;39m [main][N/A] [36morg.springframework.data.convert.CustomConversions[0;39m - Adding converter from class java.lang.String to class java.time.ZoneId as reading converter
2026-05-21  10:35:23.638 [39mDEBUG[0;39m [main][N/A] [36morg.springframework.data.convert.CustomConversions[0;39m - Adding converter from class java.time.Duration to class java.lang.String as writing converter
2026-05-21  10:35:23.638 [39mDEBUG[0;39m [main][N/A] [36morg.springframework.data.convert.CustomConversions[0;39m - Adding converter from class java.lang.String to class java.time.Duration as reading converter
2026-05-21  10:35:23.638 [39mDEBUG[0;39m [main][N/A] [36morg.springframework.data.convert.CustomConversions[0;39m - Adding converter from class java.time.Period to class java.lang.String as writing converter
2026-05-21  10:35:23.638 [39mDEBUG[0;39m [main][N/A] [36morg.springframework.data.convert.CustomConversions[0;39m - Adding converter from class java.lang.String to class java.time.Period as reading converter
2026-05-21  10:35:23.638 [39mDEBUG[0;39m [main][N/A] [36morg.springframework.data.convert.CustomConversions[0;39m - Adding converter from class java.lang.String to class java.time.LocalDate as reading converter
2026-05-21  10:35:23.638 [39mDEBUG[0;39m [main][N/A] [36morg.springframework.data.convert.CustomConversions[0;39m - Adding converter from class java.lang.String to class java.time.LocalDateTime as reading converter
2026-05-21  10:35:23.638 [39mDEBUG[0;39m [main][N/A] [36morg.springframework.data.convert.CustomConversions[0;39m - Adding converter from class java.lang.String to class java.time.Instant as reading converter
2026-05-21  10:35:23.639 [39mDEBUG[0;39m [main][N/A] [36morg.springframework.beans.factory.support.DefaultListableBeanFactory[0;39m - Creating shared instance of singleton bean 'redisKeyValueAdapter'
2026-05-21  10:35:23.643 [39mDEBUG[0;39m [main][N/A] [36morg.springframework.data.redis.listener.RedisMessageListenerContainer[0;39m - Starting RedisMessageListenerContainer...
2026-05-21  10:35:23.644 [39mDEBUG[0;39m [main][N/A] [36morg.springframework.data.redis.listener.RedisMessageListenerContainer[0;39m - Postpone listening for Redis messages until actual listeners are added
2026-05-21  10:35:23.644 [39mDEBUG[0;39m [main][N/A] [36morg.springframework.beans.factory.support.DefaultListableBeanFactory[0;39m - Creating shared instance of singleton bean 'redisKeyValueTemplate'
2026-05-21  10:35:23.645 [39mDEBUG[0;39m [main][N/A] [36morg.springframework.beans.factory.support.DefaultListableBeanFactory[0;39m - Creating shared instance of singleton bean 'data-redis.repository-aot-processor#0'
2026-05-21  10:35:23.645 [39mDEBUG[0;39m [main][N/A] [36morg.springframework.beans.factory.support.DefaultListableBeanFactory[0;39m - Creating shared instance of singleton bean 'org.springframework.data.web.config.ProjectingArgumentResolverRegistrar'
2026-05-21  10:35:23.645 [39mDEBUG[0;39m [main][N/A] [36morg.springframework.beans.factory.support.DefaultListableBeanFactory[0;39m - Creating shared instance of singleton bean 'offsetResolver'
2026-05-21  10:35:23.647 [39mDEBUG[0;39m [main][N/A] [36morg.springframework.beans.factory.support.DefaultListableBeanFactory[0;39m - Creating shared instance of singleton bean 'org.springframework.boot.autoconfigure.jdbc.JdbcTemplateConfiguration'
2026-05-21  10:35:23.647 [39mDEBUG[0;39m [main][N/A] [36morg.springframework.beans.factory.support.DefaultListableBeanFactory[0;39m - Creating shared instance of singleton bean 'jdbcTemplate'
2026-05-21  10:35:23.647 [39mDEBUG[0;39m [main][N/A] [36morg.springframework.beans.factory.support.DefaultListableBeanFactory[0;39m - Creating shared instance of singleton bean 'spring.jdbc-org.springframework.boot.autoconfigure.jdbc.JdbcProperties'
2026-05-21  10:35:23.647 [39mDEBUG[0;39m [main][N/A] [36morg.springframework.beans.factory.support.DefaultListableBeanFactory[0;39m - Autowiring by type from bean name 'jdbcTemplate' via factory method to bean named 'dataSource'
2026-05-21  10:35:23.647 [39mDEBUG[0;39m [main][N/A] [36morg.springframework.beans.factory.support.DefaultListableBeanFactory[0;39m - Autowiring by type from bean name 'jdbcTemplate' via factory method to bean named 'spring.jdbc-org.springframework.boot.autoconfigure.jdbc.JdbcProperties'
2026-05-21  10:35:23.649 [39mDEBUG[0;39m [main][N/A] [36morg.springframework.beans.factory.support.DefaultListableBeanFactory[0;39m - Creating shared instance of singleton bean 'org.springframework.boot.autoconfigure.jdbc.NamedParameterJdbcTemplateConfiguration'
2026-05-21  10:35:23.649 [39mDEBUG[0;39m [main][N/A] [36morg.springframework.beans.factory.support.DefaultListableBeanFactory[0;39m - Creating shared instance of singleton bean 'namedParameterJdbcTemplate'
2026-05-21  10:35:23.650 [39mDEBUG[0;39m [main][N/A] [36morg.springframework.beans.factory.support.DefaultListableBeanFactory[0;39m - Autowiring by type from bean name 'namedParameterJdbcTemplate' via factory method to bean named 'jdbcTemplate'
2026-05-21  10:35:23.651 [39mDEBUG[0;39m [main][N/A] [36morg.springframework.beans.factory.support.DefaultListableBeanFactory[0;39m - Creating shared instance of singleton bean 'org.springframework.boot.autoconfigure.jdbc.JdbcTemplateAutoConfiguration'
2026-05-21  10:35:23.651 [39mDEBUG[0;39m [main][N/A] [36morg.springframework.beans.factory.support.DefaultListableBeanFactory[0;39m - Creating shared instance of singleton bean 'org.springframework.boot.autoconfigure.jdbc.JdbcClientAutoConfiguration'
2026-05-21  10:35:23.651 [39mDEBUG[0;39m [main][N/A] [36morg.springframework.beans.factory.support.DefaultListableBeanFactory[0;39m - Creating shared instance of singleton bean 'jdbcClient'
2026-05-21  10:35:23.652 [39mDEBUG[0;39m [main][N/A] [36morg.springframework.beans.factory.support.DefaultListableBeanFactory[0;39m - Autowiring by type from bean name 'jdbcClient' via factory method to bean named 'namedParameterJdbcTemplate'
2026-05-21  10:35:23.652 [39mDEBUG[0;39m [main][N/A] [36morg.springframework.beans.factory.support.DefaultListableBeanFactory[0;39m - Creating shared instance of singleton bean 'org.springframework.boot.autoconfigure.netty.NettyAutoConfiguration'
2026-05-21  10:35:23.652 [39mDEBUG[0;39m [main][N/A] [36morg.springframework.beans.factory.support.DefaultListableBeanFactory[0;39m - Creating shared instance of singleton bean 'spring.netty-org.springframework.boot.autoconfigure.netty.NettyProperties'
2026-05-21  10:35:23.652 [39mDEBUG[0;39m [main][N/A] [36morg.springframework.beans.factory.support.DefaultListableBeanFactory[0;39m - Autowiring by type from bean name 'org.springframework.boot.autoconfigure.netty.NettyAutoConfiguration' via constructor to bean named 'spring.netty-org.springframework.boot.autoconfigure.netty.NettyProperties'
2026-05-21  10:35:23.652 [39mDEBUG[0;39m [main][N/A] [36morg.springframework.beans.factory.support.DefaultListableBeanFactory[0;39m - Creating shared instance of singleton bean 'org.springframework.boot.autoconfigure.reactor.ReactorAutoConfiguration'
2026-05-21  10:35:23.653 [39mDEBUG[0;39m [main][N/A] [36morg.springframework.beans.factory.support.DefaultListableBeanFactory[0;39m - Creating shared instance of singleton bean 'spring.reactor-org.springframework.boot.autoconfigure.reactor.ReactorProperties'
2026-05-21  10:35:23.653 [39mDEBUG[0;39m [main][N/A] [36morg.springframework.beans.factory.support.DefaultListableBeanFactory[0;39m - Autowiring by type from bean name 'org.springframework.boot.autoconfigure.reactor.ReactorAutoConfiguration' via constructor to bean named 'spring.reactor-org.springframework.boot.autoconfigure.reactor.ReactorProperties'
2026-05-21  10:35:23.653 [39mDEBUG[0;39m [main][N/A] [36morg.springframework.beans.factory.support.DefaultListableBeanFactory[0;39m - Creating shared instance of singleton bean 'org.springframework.security.config.annotation.web.configuration.WebSecurityConfiguration'
2026-05-21  10:35:23.657 [39mDEBUG[0;39m [main][N/A] [36morg.springframework.beans.factory.support.DefaultListableBeanFactory[0;39m - Creating shared instance of singleton bean 'mvcHandlerMappingIntrospectorRequestTransformer'
2026-05-21  10:35:23.658 [39mDEBUG[0;39m [main][N/A] [36morg.springframework.beans.factory.support.DefaultListableBeanFactory[0;39m - Creating shared instance of singleton bean 'delegatingApplicationListener'
2026-05-21  10:35:23.658 [39mDEBUG[0;39m [main][N/A] [36morg.springframework.beans.factory.support.DefaultListableBeanFactory[0;39m - Creating shared instance of singleton bean 'springSecurityFilterChain'
2026-05-21  10:35:23.663 [39mDEBUG[0;39m [main][N/A] [36morg.springframework.beans.factory.support.DefaultListableBeanFactory[0;39m - Creating shared instance of singleton bean 'webSecurityExpressionHandler'
2026-05-21  10:35:23.663 [39mDEBUG[0;39m [main][N/A] [36morg.springframework.beans.factory.support.DefaultListableBeanFactory[0;39m - Creating shared instance of singleton bean 'privilegeEvaluator'
2026-05-21  10:35:23.663 [39mDEBUG[0;39m [main][N/A] [36morg.springframework.beans.factory.support.DefaultListableBeanFactory[0;39m - Creating shared instance of singleton bean 'requestDataValueProcessor'
2026-05-21  10:35:23.664 [39mDEBUG[0;39m [main][N/A] [36morg.springframework.beans.factory.support.DefaultListableBeanFactory[0;39m - Creating shared instance of singleton bean 'org.springframework.boot.autoconfigure.security.servlet.SpringBootWebSecurityConfiguration'
2026-05-21  10:35:23.664 [39mDEBUG[0;39m [main][N/A] [36morg.springframework.beans.factory.support.DefaultListableBeanFactory[0;39m - Creating shared instance of singleton bean 'org.springframework.boot.autoconfigure.security.oauth2.server.servlet.OAuth2AuthorizationServerJwtAutoConfiguration'
2026-05-21  10:35:23.664 [39mDEBUG[0;39m [main][N/A] [36morg.springframework.beans.factory.support.DefaultListableBeanFactory[0;39m - Creating shared instance of singleton bean 'org.springframework.boot.autoconfigure.sql.init.SqlInitializationAutoConfiguration'
2026-05-21  10:35:23.664 [39mDEBUG[0;39m [main][N/A] [36morg.springframework.beans.factory.support.DefaultListableBeanFactory[0;39m - Creating shared instance of singleton bean 'org.springframework.boot.autoconfigure.jdbc.DataSourceTransactionManagerAutoConfiguration$JdbcTransactionManagerConfiguration'
2026-05-21  10:35:23.664 [39mDEBUG[0;39m [main][N/A] [36morg.springframework.beans.factory.support.DefaultListableBeanFactory[0;39m - Creating shared instance of singleton bean 'transactionManager'
2026-05-21  10:35:23.664 [39mDEBUG[0;39m [main][N/A] [36morg.springframework.beans.factory.support.DefaultListableBeanFactory[0;39m - Autowiring by type from bean name 'transactionManager' via factory method to bean named 'environment'
2026-05-21  10:35:23.664 [39mDEBUG[0;39m [main][N/A] [36morg.springframework.beans.factory.support.DefaultListableBeanFactory[0;39m - Autowiring by type from bean name 'transactionManager' via factory method to bean named 'dataSource'
2026-05-21  10:35:23.667 [39mDEBUG[0;39m [main][N/A] [36morg.springframework.beans.factory.support.DefaultListableBeanFactory[0;39m - Creating shared instance of singleton bean 'org.springframework.boot.autoconfigure.jdbc.DataSourceTransactionManagerAutoConfiguration'
2026-05-21  10:35:23.667 [39mDEBUG[0;39m [main][N/A] [36morg.springframework.beans.factory.support.DefaultListableBeanFactory[0;39m - Creating shared instance of singleton bean 'org.springframework.boot.autoconfigure.transaction.TransactionAutoConfiguration$EnableTransactionManagementConfiguration$CglibAutoProxyConfiguration'
2026-05-21  10:35:23.667 [39mDEBUG[0;39m [main][N/A] [36morg.springframework.beans.factory.support.DefaultListableBeanFactory[0;39m - Creating shared instance of singleton bean 'org.springframework.boot.autoconfigure.transaction.TransactionAutoConfiguration$EnableTransactionManagementConfiguration'
2026-05-21  10:35:23.667 [39mDEBUG[0;39m [main][N/A] [36morg.springframework.beans.factory.support.DefaultListableBeanFactory[0;39m - Creating shared instance of singleton bean 'org.springframework.boot.autoconfigure.transaction.TransactionAutoConfiguration$TransactionTemplateConfiguration'
2026-05-21  10:35:23.667 [39mDEBUG[0;39m [main][N/A] [36morg.springframework.beans.factory.support.DefaultListableBeanFactory[0;39m - Creating shared instance of singleton bean 'transactionTemplate'
2026-05-21  10:35:23.668 [39mDEBUG[0;39m [main][N/A] [36morg.springframework.beans.factory.support.DefaultListableBeanFactory[0;39m - Autowiring by type from bean name 'transactionTemplate' via factory method to bean named 'transactionManager'
2026-05-21  10:35:23.668 [39mDEBUG[0;39m [main][N/A] [36morg.springframework.beans.factory.support.DefaultListableBeanFactory[0;39m - Creating shared instance of singleton bean 'org.springframework.boot.autoconfigure.transaction.TransactionAutoConfiguration'
2026-05-21  10:35:23.668 [39mDEBUG[0;39m [main][N/A] [36morg.springframework.beans.factory.support.DefaultListableBeanFactory[0;39m - Creating shared instance of singleton bean 'org.springframework.boot.autoconfigure.web.embedded.EmbeddedWebServerFactoryCustomizerAutoConfiguration'
2026-05-21  10:35:23.668 [39mDEBUG[0;39m [main][N/A] [36morg.springframework.beans.factory.support.DefaultListableBeanFactory[0;39m - Creating shared instance of singleton bean 'multipartResolver'
2026-05-21  10:35:23.669 [39mDEBUG[0;39m [main][N/A] [36morg.springframework.beans.factory.support.DefaultListableBeanFactory[0;39m - Creating shared instance of singleton bean 'org.springframework.boot.actuate.autoconfigure.security.servlet.SecurityRequestMatchersManagementContextConfiguration$MvcRequestMatcherConfiguration'
2026-05-21  10:35:23.669 [39mDEBUG[0;39m [main][N/A] [36morg.springframework.beans.factory.support.DefaultListableBeanFactory[0;39m - Creating shared instance of singleton bean 'requestMatcherProvider'
2026-05-21  10:35:23.669 [39mDEBUG[0;39m [main][N/A] [36morg.springframework.beans.factory.support.DefaultListableBeanFactory[0;39m - Autowiring by type from bean name 'requestMatcherProvider' via factory method to bean named 'dispatcherServletRegistration'
2026-05-21  10:35:23.669 [39mDEBUG[0;39m [main][N/A] [36morg.springframework.beans.factory.support.DefaultListableBeanFactory[0;39m - Creating shared instance of singleton bean 'org.springframework.boot.actuate.autoconfigure.security.servlet.SecurityRequestMatchersManagementContextConfiguration'
2026-05-21  10:35:23.670 [39mDEBUG[0;39m [main][N/A] [36morg.springframework.beans.factory.support.DefaultListableBeanFactory[0;39m - Creating shared instance of singleton bean 'org.springframework.boot.actuate.autoconfigure.web.server.ManagementContextAutoConfiguration$SameManagementContextConfiguration$EnableSameManagementContextConfiguration'
2026-05-21  10:35:23.670 [39mDEBUG[0;39m [main][N/A] [36morg.springframework.beans.factory.support.DefaultListableBeanFactory[0;39m - Creating shared instance of singleton bean 'org.springframework.boot.actuate.autoconfigure.web.server.ManagementContextAutoConfiguration$SameManagementContextConfiguration'
2026-05-21  10:35:23.670 [39mDEBUG[0;39m [main][N/A] [36morg.springframework.beans.factory.support.DefaultListableBeanFactory[0;39m - Autowiring by type from bean name 'org.springframework.boot.actuate.autoconfigure.web.server.ManagementContextAutoConfiguration$SameManagementContextConfiguration' via constructor to bean named 'environment'
2026-05-21  10:35:23.670 [39mDEBUG[0;39m [main][N/A] [36morg.springframework.beans.factory.support.DefaultListableBeanFactory[0;39m - Creating shared instance of singleton bean 'org.springframework.boot.actuate.autoconfigure.web.server.ManagementContextAutoConfiguration'
2026-05-21  10:35:23.670 [39mDEBUG[0;39m [main][N/A] [36morg.springframework.beans.factory.support.DefaultListableBeanFactory[0;39m - Creating shared instance of singleton bean 'management.server-org.springframework.boot.actuate.autoconfigure.web.server.ManagementServerProperties'
2026-05-21  10:35:23.688 [39mDEBUG[0;39m [main][N/A] [36morg.springframework.jmx.export.annotation.AnnotationMBeanExporter[0;39m - Registering beans for JMX exposure on startup
2026-05-21  10:35:23.688 [39mDEBUG[0;39m [main][N/A] [36morg.springframework.jmx.export.annotation.AnnotationMBeanExporter[0;39m - Auto-detecting user-defined JMX MBeans
2026-05-21  10:35:23.688 [39mDEBUG[0;39m [main][N/A] [36morg.springframework.jmx.export.annotation.AnnotationMBeanExporter[0;39m - Bean with name 'dataSource' has been autodetected for JMX exposure
2026-05-21  10:35:23.691 [39mDEBUG[0;39m [main][N/A] [36morg.springframework.jmx.export.annotation.AnnotationMBeanExporter[0;39m - Located MBean 'dataSource': registering with JMX server as MBean [com.alibaba.druid.spring.boot3.autoconfigure:name=dataSource,type=DruidDataSourceWrapper]
2026-05-21  10:35:23.693 [39mDEBUG[0;39m [main][N/A] [36morg.springframework.context.support.DefaultLifecycleProcessor[0;39m - Starting beans in phase -2147483647
2026-05-21  10:35:23.693 [39mDEBUG[0;39m [main][N/A] [36morg.springframework.context.support.DefaultLifecycleProcessor[0;39m - Successfully started bean 'springBootLoggingLifecycle'
2026-05-21  10:35:23.693 [39mDEBUG[0;39m [main][N/A] [36morg.springframework.context.support.DefaultLifecycleProcessor[0;39m - Starting beans in phase 2147481599
2026-05-21  10:35:23.693 [34mINFO [0;39m [main][N/A] [36morg.apache.coyote.http11.Http11NioProtocol[0;39m - Starting ProtocolHandler ["http-nio-8080"]
2026-05-21  10:35:23.698 [34mINFO [0;39m [main][N/A] [36morg.springframework.boot.web.embedded.tomcat.TomcatWebServer[0;39m - Tomcat started on port 8080 (http) with context path '/'
2026-05-21  10:35:23.699 [34mINFO [0;39m [main][N/A] [36mcom.ulisesbocchio.jasyptspringboot.caching.RefreshScopeRefreshedEventListener[0;39m - Refreshing cached encryptable property sources on ServletWebServerInitializedEvent
2026-05-21  10:35:23.699 [34mINFO [0;39m [main][N/A] [36mc.u.jasyptspringboot.caching.CachingDelegateEncryptablePropertySource[0;39m - Property Source systemProperties refreshed
2026-05-21  10:35:23.699 [34mINFO [0;39m [main][N/A] [36mc.u.jasyptspringboot.caching.CachingDelegateEncryptablePropertySource[0;39m - Property Source systemEnvironment refreshed
2026-05-21  10:35:23.699 [34mINFO [0;39m [main][N/A] [36mc.u.jasyptspringboot.caching.CachingDelegateEncryptablePropertySource[0;39m - Property Source random refreshed
2026-05-21  10:35:23.699 [34mINFO [0;39m [main][N/A] [36mc.u.jasyptspringboot.caching.CachingDelegateEncryptablePropertySource[0;39m - Property Source Config resource 'class path resource [application.yml]' via location 'optional:classpath:/' refreshed
2026-05-21  10:35:23.699 [34mINFO [0;39m [main][N/A] [36mcom.ulisesbocchio.jasyptspringboot.EncryptablePropertySourceConverter[0;39m - Skipping PropertySource configurationProperties [class org.springframework.boot.context.properties.source.ConfigurationPropertySourcesPropertySource
2026-05-21  10:35:23.699 [34mINFO [0;39m [main][N/A] [36mcom.ulisesbocchio.jasyptspringboot.EncryptablePropertySourceConverter[0;39m - Skipping PropertySource servletConfigInitParams [class org.springframework.core.env.PropertySource$StubPropertySource
2026-05-21  10:35:23.699 [34mINFO [0;39m [main][N/A] [36mcom.ulisesbocchio.jasyptspringboot.EncryptablePropertySourceConverter[0;39m - Converting PropertySource servletContextInitParams [org.springframework.web.context.support.ServletContextPropertySource] to EncryptableEnumerablePropertySourceWrapper
2026-05-21  10:35:23.699 [34mINFO [0;39m [main][N/A] [36mcom.ulisesbocchio.jasyptspringboot.EncryptablePropertySourceConverter[0;39m - Converting PropertySource Management Server [org.springframework.boot.actuate.autoconfigure.web.server.ManagementContextAutoConfiguration$SameManagementContextConfiguration$1] to EncryptablePropertySourceWrapper
2026-05-21  10:35:23.699 [39mDEBUG[0;39m [main][N/A] [36morg.springframework.context.support.DefaultLifecycleProcessor[0;39m - Successfully started bean 'webServerStartStop'
2026-05-21  10:35:23.699 [39mDEBUG[0;39m [main][N/A] [36morg.springframework.context.support.DefaultLifecycleProcessor[0;39m - Starting beans in phase 2147482623
2026-05-21  10:35:23.699 [39mDEBUG[0;39m [main][N/A] [36morg.springframework.context.support.DefaultLifecycleProcessor[0;39m - Successfully started bean 'webServerGracefulShutdown'
2026-05-21  10:35:23.699 [39mDEBUG[0;39m [main][N/A] [36morg.springframework.context.support.DefaultLifecycleProcessor[0;39m - Starting beans in phase 2147483647
2026-05-21  10:35:23.708 [34mINFO [0;39m [main][N/A] [36mcom.ai.system.AiTokenSystemApplication[0;39m - Started AiTokenSystemApplication in 5.708 seconds (process running for 6.828)
2026-05-21  10:35:23.711 [39mDEBUG[0;39m [main][N/A] [36morg.springframework.boot.availability.ApplicationAvailabilityBean[0;39m - Application availability state LivenessState changed to CORRECT
2026-05-21  10:35:23.712 [39mDEBUG[0;39m [main][N/A] [36morg.springframework.boot.availability.ApplicationAvailabilityBean[0;39m - Application availability state ReadinessState changed to ACCEPTING_TRAFFIC
2026-05-21  10:35:23.957 [34mINFO [0;39m [RMI TCP Connection(2)-192.168.10.101][N/A] [36morg.apache.catalina.core.ContainerBase.[Tomcat].[localhost].[/][0;39m - Initializing Spring DispatcherServlet 'dispatcherServlet'
2026-05-21  10:35:23.957 [34mINFO [0;39m [RMI TCP Connection(2)-192.168.10.101][N/A] [36morg.springframework.web.servlet.DispatcherServlet[0;39m - Initializing Servlet 'dispatcherServlet'
2026-05-21  10:35:23.957 [39mDEBUG[0;39m [RMI TCP Connection(2)-192.168.10.101][N/A] [36morg.springframework.web.servlet.DispatcherServlet[0;39m - Detected StandardServletMultipartResolver
2026-05-21  10:35:23.957 [39mDEBUG[0;39m [RMI TCP Connection(2)-192.168.10.101][N/A] [36morg.springframework.web.servlet.DispatcherServlet[0;39m - Detected AcceptHeaderLocaleResolver
2026-05-21  10:35:23.957 [39mDEBUG[0;39m [RMI TCP Connection(2)-192.168.10.101][N/A] [36morg.springframework.web.servlet.DispatcherServlet[0;39m - Detected FixedThemeResolver
2026-05-21  10:35:23.958 [39mDEBUG[0;39m [RMI TCP Connection(2)-192.168.10.101][N/A] [36morg.springframework.web.servlet.DispatcherServlet[0;39m - Detected org.springframework.web.servlet.view.DefaultRequestToViewNameTranslator@2243c8dd
2026-05-21  10:35:23.958 [39mDEBUG[0;39m [RMI TCP Connection(2)-192.168.10.101][N/A] [36morg.springframework.web.servlet.DispatcherServlet[0;39m - Detected org.springframework.web.servlet.support.SessionFlashMapManager@244ccc64
2026-05-21  10:35:23.958 [39mDEBUG[0;39m [RMI TCP Connection(2)-192.168.10.101][N/A] [36morg.springframework.web.servlet.DispatcherServlet[0;39m - enableLoggingRequestDetails='false': request parameters and headers will be masked to prevent unsafe logging of potentially sensitive data
2026-05-21  10:35:23.958 [34mINFO [0;39m [RMI TCP Connection(2)-192.168.10.101][N/A] [36morg.springframework.web.servlet.DispatcherServlet[0;39m - Completed initialization in 1 ms
2026-05-21  10:35:23.968 [39mDEBUG[0;39m [RMI TCP Connection(3)-192.168.10.101][N/A] [36morg.springframework.jdbc.datasource.DataSourceUtils[0;39m - Fetching JDBC Connection from DataSource
2026-05-21  10:35:24.626 [39mDEBUG[0;39m [RMI TCP Connection(3)-192.168.10.101][N/A] [36morg.springframework.jdbc.datasource.DataSourceUtils[0;39m - Fetching JDBC Connection from DataSource
2026-05-21  10:35:27.049 [39mDEBUG[0;39m [SpringApplicationShutdownHook][N/A] [36morg.springframework.boot.availability.ApplicationAvailabilityBean[0;39m - Application availability state ReadinessState changed from ACCEPTING_TRAFFIC to REFUSING_TRAFFIC
2026-05-21  10:35:27.049 [39mDEBUG[0;39m [SpringApplicationShutdownHook][N/A] [36mo.s.boot.web.servlet.context.AnnotationConfigServletWebServerApplicationContext[0;39m - Closing org.springframework.boot.web.servlet.context.AnnotationConfigServletWebServerApplicationContext@777c9dc9, started on Thu May 21 10:35:18 CST 2026
2026-05-21  10:35:27.050 [39mDEBUG[0;39m [SpringApplicationShutdownHook][N/A] [36morg.springframework.context.support.DefaultLifecycleProcessor[0;39m - Stopping beans in phase 2147483647
2026-05-21  10:35:27.050 [39mDEBUG[0;39m [SpringApplicationShutdownHook][N/A] [36morg.springframework.context.support.DefaultLifecycleProcessor[0;39m - Bean 'applicationTaskExecutor' completed its stop procedure
2026-05-21  10:35:27.050 [39mDEBUG[0;39m [SpringApplicationShutdownHook][N/A] [36morg.springframework.context.support.DefaultLifecycleProcessor[0;39m - Stopping beans in phase 2147482623
2026-05-21  10:35:27.050 [39mDEBUG[0;39m [SpringApplicationShutdownHook][N/A] [36morg.springframework.context.support.DefaultLifecycleProcessor[0;39m - Bean 'webServerGracefulShutdown' completed its stop procedure
2026-05-21  10:35:27.050 [39mDEBUG[0;39m [SpringApplicationShutdownHook][N/A] [36morg.springframework.context.support.DefaultLifecycleProcessor[0;39m - Stopping beans in phase 2147481599
2026-05-21  10:35:27.079 [39mDEBUG[0;39m [SpringApplicationShutdownHook][N/A] [36morg.springframework.context.support.DefaultLifecycleProcessor[0;39m - Bean 'webServerStartStop' completed its stop procedure
2026-05-21  10:35:27.079 [39mDEBUG[0;39m [SpringApplicationShutdownHook][N/A] [36morg.springframework.context.support.DefaultLifecycleProcessor[0;39m - Stopping beans in phase -2147483647
2026-05-21  10:35:27.079 [39mDEBUG[0;39m [SpringApplicationShutdownHook][N/A] [36morg.springframework.context.support.DefaultLifecycleProcessor[0;39m - Bean 'springBootLoggingLifecycle' completed its stop procedure
2026-05-21  10:35:27.080 [39mDEBUG[0;39m [SpringApplicationShutdownHook][N/A] [36morg.springframework.data.redis.listener.RedisMessageListenerContainer[0;39m - Stopped RedisMessageListenerContainer
2026-05-21  10:35:27.081 [39mDEBUG[0;39m [SpringApplicationShutdownHook][N/A] [36morg.springframework.boot.actuate.endpoint.jmx.JmxEndpointExporter[0;39m - Unregister endpoint with ObjectName 'org.springframework.boot:type=Endpoint,name=Beans' from the JMX domain
2026-05-21  10:35:27.081 [39mDEBUG[0;39m [SpringApplicationShutdownHook][N/A] [36morg.springframework.boot.actuate.endpoint.jmx.JmxEndpointExporter[0;39m - Unregister endpoint with ObjectName 'org.springframework.boot:type=Endpoint,name=Caches' from the JMX domain
2026-05-21  10:35:27.081 [39mDEBUG[0;39m [SpringApplicationShutdownHook][N/A] [36morg.springframework.boot.actuate.endpoint.jmx.JmxEndpointExporter[0;39m - Unregister endpoint with ObjectName 'org.springframework.boot:type=Endpoint,name=Health' from the JMX domain
2026-05-21  10:35:27.081 [39mDEBUG[0;39m [SpringApplicationShutdownHook][N/A] [36morg.springframework.boot.actuate.endpoint.jmx.JmxEndpointExporter[0;39m - Unregister endpoint with ObjectName 'org.springframework.boot:type=Endpoint,name=Info' from the JMX domain
2026-05-21  10:35:27.081 [39mDEBUG[0;39m [SpringApplicationShutdownHook][N/A] [36morg.springframework.boot.actuate.endpoint.jmx.JmxEndpointExporter[0;39m - Unregister endpoint with ObjectName 'org.springframework.boot:type=Endpoint,name=Conditions' from the JMX domain
2026-05-21  10:35:27.081 [39mDEBUG[0;39m [SpringApplicationShutdownHook][N/A] [36morg.springframework.boot.actuate.endpoint.jmx.JmxEndpointExporter[0;39m - Unregister endpoint with ObjectName 'org.springframework.boot:type=Endpoint,name=Configprops' from the JMX domain
2026-05-21  10:35:27.081 [39mDEBUG[0;39m [SpringApplicationShutdownHook][N/A] [36morg.springframework.boot.actuate.endpoint.jmx.JmxEndpointExporter[0;39m - Unregister endpoint with ObjectName 'org.springframework.boot:type=Endpoint,name=Env' from the JMX domain
2026-05-21  10:35:27.081 [39mDEBUG[0;39m [SpringApplicationShutdownHook][N/A] [36morg.springframework.boot.actuate.endpoint.jmx.JmxEndpointExporter[0;39m - Unregister endpoint with ObjectName 'org.springframework.boot:type=Endpoint,name=Loggers' from the JMX domain
2026-05-21  10:35:27.081 [39mDEBUG[0;39m [SpringApplicationShutdownHook][N/A] [36morg.springframework.boot.actuate.endpoint.jmx.JmxEndpointExporter[0;39m - Unregister endpoint with ObjectName 'org.springframework.boot:type=Endpoint,name=Threaddump' from the JMX domain
2026-05-21  10:35:27.081 [39mDEBUG[0;39m [SpringApplicationShutdownHook][N/A] [36morg.springframework.boot.actuate.endpoint.jmx.JmxEndpointExporter[0;39m - Unregister endpoint with ObjectName 'org.springframework.boot:type=Endpoint,name=Metrics' from the JMX domain
2026-05-21  10:35:27.081 [39mDEBUG[0;39m [SpringApplicationShutdownHook][N/A] [36morg.springframework.boot.actuate.endpoint.jmx.JmxEndpointExporter[0;39m - Unregister endpoint with ObjectName 'org.springframework.boot:type=Endpoint,name=Sbom' from the JMX domain
2026-05-21  10:35:27.081 [39mDEBUG[0;39m [SpringApplicationShutdownHook][N/A] [36morg.springframework.boot.actuate.endpoint.jmx.JmxEndpointExporter[0;39m - Unregister endpoint with ObjectName 'org.springframework.boot:type=Endpoint,name=Scheduledtasks' from the JMX domain
2026-05-21  10:35:27.081 [39mDEBUG[0;39m [SpringApplicationShutdownHook][N/A] [36morg.springframework.boot.actuate.endpoint.jmx.JmxEndpointExporter[0;39m - Unregister endpoint with ObjectName 'org.springframework.boot:type=Endpoint,name=Mappings' from the JMX domain
2026-05-21  10:35:27.081 [39mDEBUG[0;39m [SpringApplicationShutdownHook][N/A] [36morg.springframework.jmx.export.annotation.AnnotationMBeanExporter[0;39m - Unregistering JMX-exposed beans on shutdown
2026-05-21  10:35:27.081 [39mDEBUG[0;39m [SpringApplicationShutdownHook][N/A] [36morg.springframework.jmx.export.annotation.AnnotationMBeanExporter[0;39m - Unregistering JMX-exposed beans
2026-05-21  10:35:27.081 [39mDEBUG[0;39m [SpringApplicationShutdownHook][N/A] [36mio.lettuce.core.resource.DefaultClientResources[0;39m - Initiate shutdown (0, 2, SECONDS)
2026-05-21  10:35:27.083 [39mDEBUG[0;39m [SpringApplicationShutdownHook][N/A] [36mio.lettuce.core.resource.DefaultEventLoopGroupProvider[0;39m - Initiate shutdown (0, 2, SECONDS)
2026-05-21  10:35:27.084 [39mDEBUG[0;39m [SpringApplicationShutdownHook][N/A] [36morg.springframework.beans.factory.support.DisposableBeanAdapter[0;39m - Custom destroy method 'shutdown' on bean with name 'lettuceClientResources' completed asynchronously
2026-05-21  10:35:27.084 [39mDEBUG[0;39m [SpringApplicationShutdownHook][N/A] [36morg.springframework.scheduling.concurrent.ThreadPoolTaskExecutor[0;39m - Shutting down ExecutorService 'applicationTaskExecutor'
2026-05-21  10:35:27.086 [34mINFO [0;39m [SpringApplicationShutdownHook][N/A] [36mcom.alibaba.druid.pool.DruidDataSource[0;39m - {dataSource-1} closing ...
2026-05-21  10:35:27.089 [34mINFO [0;39m [SpringApplicationShutdownHook][N/A] [36mcom.alibaba.druid.pool.DruidDataSource[0;39m - {dataSource-1} closed
2026-05-21  10:35:27.095 [39mDEBUG[0;39m [redisson-netty-1-4][N/A] [36mio.netty.buffer.PoolThreadCache[0;39m - Freed 2 thread-local buffer(s) from thread: redisson-netty-1-4
2026-05-21  10:35:27.095 [39mDEBUG[0;39m [redisson-netty-1-1][N/A] [36mio.netty.buffer.PoolThreadCache[0;39m - Freed 2 thread-local buffer(s) from thread: redisson-netty-1-1
2026-05-21  10:35:27.095 [39mDEBUG[0;39m [redisson-netty-1-2][N/A] [36mio.netty.buffer.PoolThreadCache[0;39m - Freed 2 thread-local buffer(s) from thread: redisson-netty-1-2
2026-05-21  10:35:27.095 [39mDEBUG[0;39m [redisson-netty-1-3][N/A] [36mio.netty.buffer.PoolThreadCache[0;39m - Freed 2 thread-local buffer(s) from thread: redisson-netty-1-3
2026-05-21  10:35:27.095 [39mDEBUG[0;39m [redisson-netty-1-8][N/A] [36mio.netty.buffer.PoolThreadCache[0;39m - Freed 2 thread-local buffer(s) from thread: redisson-netty-1-8
2026-05-21  10:35:27.095 [39mDEBUG[0;39m [redisson-netty-1-10][N/A] [36mio.netty.buffer.PoolThreadCache[0;39m - Freed 2 thread-local buffer(s) from thread: redisson-netty-1-10
2026-05-21  10:35:27.095 [39mDEBUG[0;39m [redisson-netty-1-6][N/A] [36mio.netty.buffer.PoolThreadCache[0;39m - Freed 2 thread-local buffer(s) from thread: redisson-netty-1-6
2026-05-21  10:35:27.096 [39mDEBUG[0;39m [redisson-netty-1-14][N/A] [36mio.netty.buffer.PoolThreadCache[0;39m - Freed 2 thread-local buffer(s) from thread: redisson-netty-1-14
2026-05-21  10:35:27.096 [39mDEBUG[0;39m [redisson-netty-1-12][N/A] [36mio.netty.buffer.PoolThreadCache[0;39m - Freed 2 thread-local buffer(s) from thread: redisson-netty-1-12
2026-05-21  10:35:27.096 [39mDEBUG[0;39m [redisson-netty-1-22][N/A] [36mio.netty.buffer.PoolThreadCache[0;39m - Freed 2 thread-local buffer(s) from thread: redisson-netty-1-22
2026-05-21  10:35:27.096 [39mDEBUG[0;39m [redisson-netty-1-24][N/A] [36mio.netty.buffer.PoolThreadCache[0;39m - Freed 2 thread-local buffer(s) from thread: redisson-netty-1-24
2026-05-21  10:35:27.096 [39mDEBUG[0;39m [redisson-netty-1-26][N/A] [36mio.netty.buffer.PoolThreadCache[0;39m - Freed 2 thread-local buffer(s) from thread: redisson-netty-1-26
2026-05-21  10:35:27.121 [39mDEBUG[0;39m [redisson-netty-1-16][N/A] [36mio.netty.buffer.PoolThreadCache[0;39m - Freed 2 thread-local buffer(s) from thread: redisson-netty-1-16
2026-05-21  10:35:27.121 [39mDEBUG[0;39m [redisson-netty-1-20][N/A] [36mio.netty.buffer.PoolThreadCache[0;39m - Freed 2 thread-local buffer(s) from thread: redisson-netty-1-20
2026-05-21  10:35:27.121 [39mDEBUG[0;39m [redisson-netty-1-18][N/A] [36mio.netty.buffer.PoolThreadCache[0;39m - Freed 2 thread-local buffer(s) from thread: redisson-netty-1-18
2026-05-21  10:35:27.121 [39mDEBUG[0;39m [redisson-netty-1-28][N/A] [36mio.netty.buffer.PoolThreadCache[0;39m - Freed 2 thread-local buffer(s) from thread: redisson-netty-1-28
2026-05-21  10:35:27.121 [39mDEBUG[0;39m [redisson-netty-1-30][N/A] [36mio.netty.buffer.PoolThreadCache[0;39m - Freed 2 thread-local buffer(s) from thread: redisson-netty-1-30
2026-05-21  10:35:27.121 [39mDEBUG[0;39m [SpringApplicationShutdownHook][N/A] [36morg.springframework.beans.factory.support.DisposableBeanAdapter[0;39m - Custom destroy method 'shutdown' on bean with name 'redisson' completed
2026-05-21  10:35:27.121 [39mDEBUG[0;39m [SpringApplicationShutdownHook][N/A] [36morg.springframework.beans.factory.support.DisposableBeanAdapter[0;39m - Custom destroy method 'close' on bean with name 'simpleMeterRegistry' completed
2026-05-21 10:36:59.386 [34mINFO [0;39m [background-preinit][N/A] [36morg.hibernate.validator.internal.util.Version[0;39m - HV000001: Hibernate Validator 8.0.1.Final
2026-05-21 10:36:59.406 [34mINFO [0;39m [main][N/A] [36mcom.ai.system.AiTokenSystemApplication[0;39m - Starting AiTokenSystemApplication using Java 17.0.14 with PID 12420 (D:\java_projects\ai-token-system\target\classes started by Administrator in D:\java_projects\ai-token-system)
2026-05-21 10:36:59.407 [34mINFO [0;39m [main][N/A] [36mcom.ai.system.AiTokenSystemApplication[0;39m - No active profile set, falling back to 1 default profile: "default"
2026-05-21 10:36:59.930 [34mINFO [0;39m [main][N/A] [36morg.springframework.data.repository.config.RepositoryConfigurationDelegate[0;39m - Multiple Spring Data modules found, entering strict repository configuration mode
2026-05-21 10:36:59.932 [34mINFO [0;39m [main][N/A] [36morg.springframework.data.repository.config.RepositoryConfigurationDelegate[0;39m - Bootstrapping Spring Data Redis repositories in DEFAULT mode.
2026-05-21 10:36:59.952 [34mINFO [0;39m [main][N/A] [36morg.springframework.data.repository.config.RepositoryConfigurationDelegate[0;39m - Finished Spring Data repository scanning in 12 ms. Found 0 Redis repository interfaces.
2026-05-21 10:37:00.104 [34mINFO [0;39m [main][N/A] [36mc.u.j.configuration.EnableEncryptablePropertiesBeanFactoryPostProcessor[0;39m - Post-processing PropertySource instances
2026-05-21 10:37:00.104 [34mINFO [0;39m [main][N/A] [36mcom.ulisesbocchio.jasyptspringboot.EncryptablePropertySourceConverter[0;39m - Skipping PropertySource configurationProperties [class org.springframework.boot.context.properties.source.ConfigurationPropertySourcesPropertySource
2026-05-21 10:37:00.104 [34mINFO [0;39m [main][N/A] [36mcom.ulisesbocchio.jasyptspringboot.EncryptablePropertySourceConverter[0;39m - Skipping PropertySource servletConfigInitParams [class org.springframework.core.env.PropertySource$StubPropertySource
2026-05-21 10:37:00.104 [34mINFO [0;39m [main][N/A] [36mcom.ulisesbocchio.jasyptspringboot.EncryptablePropertySourceConverter[0;39m - Skipping PropertySource servletContextInitParams [class org.springframework.core.env.PropertySource$StubPropertySource
2026-05-21 10:37:00.104 [34mINFO [0;39m [main][N/A] [36mcom.ulisesbocchio.jasyptspringboot.EncryptablePropertySourceConverter[0;39m - Converting PropertySource systemProperties [org.springframework.core.env.PropertiesPropertySource] to EncryptableMapPropertySourceWrapper
2026-05-21 10:37:00.104 [34mINFO [0;39m [main][N/A] [36mcom.ulisesbocchio.jasyptspringboot.EncryptablePropertySourceConverter[0;39m - Converting PropertySource systemEnvironment [org.springframework.boot.env.SystemEnvironmentPropertySourceEnvironmentPostProcessor$OriginAwareSystemEnvironmentPropertySource] to EncryptableSystemEnvironmentPropertySourceWrapper
2026-05-21 10:37:00.104 [34mINFO [0;39m [main][N/A] [36mcom.ulisesbocchio.jasyptspringboot.EncryptablePropertySourceConverter[0;39m - Converting PropertySource random [org.springframework.boot.env.RandomValuePropertySource] to EncryptablePropertySourceWrapper
2026-05-21 10:37:00.104 [34mINFO [0;39m [main][N/A] [36mcom.ulisesbocchio.jasyptspringboot.EncryptablePropertySourceConverter[0;39m - Converting PropertySource Config resource 'class path resource [application.yml]' via location 'optional:classpath:/' [org.springframework.boot.env.OriginTrackedMapPropertySource] to EncryptableMapPropertySourceWrapper
2026-05-21 10:37:00.331 [34mINFO [0;39m [main][N/A] [36morg.springframework.boot.web.embedded.tomcat.TomcatWebServer[0;39m - Tomcat initialized with port 8080 (http)
2026-05-21 10:37:00.374 [34mINFO [0;39m [main][N/A] [36morg.springframework.boot.web.servlet.context.ServletWebServerApplicationContext[0;39m - Root WebApplicationContext: initialization completed in 945 ms
2026-05-21 10:37:00.445 [34mINFO [0;39m [main][N/A] [36mcom.ulisesbocchio.jasyptspringboot.filter.DefaultLazyPropertyFilter[0;39m - Property Filter custom Bean not found with name 'encryptablePropertyFilter'. Initializing Default Property Filter
2026-05-21 10:37:00.449 [34mINFO [0;39m [main][N/A] [36mcom.ulisesbocchio.jasyptspringboot.resolver.DefaultLazyPropertyResolver[0;39m - Property Resolver custom Bean not found with name 'encryptablePropertyResolver'. Initializing Default Property Resolver
2026-05-21 10:37:00.450 [34mINFO [0;39m [main][N/A] [36mcom.ulisesbocchio.jasyptspringboot.detector.DefaultLazyPropertyDetector[0;39m - Property Detector custom Bean not found with name 'encryptablePropertyDetector'. Initializing Default Property Detector
2026-05-21 10:37:00.506 [34mINFO [0;39m [main][N/A] [36morg.redisson.Version[0;39m - Redisson 3.36.0
2026-05-21 10:37:00.764 [34mINFO [0;39m [redisson-netty-1-4][N/A] [36morg.redisson.connection.ConnectionsHolder[0;39m - 1 connections initialized for 49.232.190.146/49.232.190.146:6379
2026-05-21 10:37:02.958 [34mINFO [0;39m [redisson-netty-1-19][N/A] [36morg.redisson.connection.ConnectionsHolder[0;39m - 24 connections initialized for 49.232.190.146/49.232.190.146:6379
2026-05-21 10:37:03.052 [34mINFO [0;39m [main][N/A] [36mcom.alibaba.druid.spring.boot3.autoconfigure.DruidDataSourceAutoConfigure[0;39m - Init DruidDataSource
2026-05-21 10:37:03.097 [34mINFO [0;39m [main][N/A] [36mcom.alibaba.druid.pool.DruidDataSource[0;39m - {dataSource-1} inited
2026-05-21 10:37:03.737 [34mINFO [0;39m [main][N/A] [36morg.springframework.boot.actuate.endpoint.web.EndpointLinksResolver[0;39m - Exposing 1 endpoint beneath base path '/actuator'
2026-05-21 10:37:03.994 [34mINFO [0;39m [main][N/A] [36morg.springframework.boot.web.embedded.tomcat.TomcatWebServer[0;39m - Tomcat started on port 8080 (http) with context path '/'
2026-05-21 10:37:03.995 [34mINFO [0;39m [main][N/A] [36mcom.ulisesbocchio.jasyptspringboot.caching.RefreshScopeRefreshedEventListener[0;39m - Refreshing cached encryptable property sources on ServletWebServerInitializedEvent
2026-05-21 10:37:03.995 [34mINFO [0;39m [main][N/A] [36mc.u.jasyptspringboot.caching.CachingDelegateEncryptablePropertySource[0;39m - Property Source systemProperties refreshed
2026-05-21 10:37:03.995 [34mINFO [0;39m [main][N/A] [36mc.u.jasyptspringboot.caching.CachingDelegateEncryptablePropertySource[0;39m - Property Source systemEnvironment refreshed
2026-05-21 10:37:03.995 [34mINFO [0;39m [main][N/A] [36mc.u.jasyptspringboot.caching.CachingDelegateEncryptablePropertySource[0;39m - Property Source random refreshed
2026-05-21 10:37:03.995 [34mINFO [0;39m [main][N/A] [36mc.u.jasyptspringboot.caching.CachingDelegateEncryptablePropertySource[0;39m - Property Source Config resource 'class path resource [application.yml]' via location 'optional:classpath:/' refreshed
2026-05-21 10:37:03.995 [34mINFO [0;39m [main][N/A] [36mcom.ulisesbocchio.jasyptspringboot.EncryptablePropertySourceConverter[0;39m - Skipping PropertySource configurationProperties [class org.springframework.boot.context.properties.source.ConfigurationPropertySourcesPropertySource
2026-05-21 10:37:03.995 [34mINFO [0;39m [main][N/A] [36mcom.ulisesbocchio.jasyptspringboot.EncryptablePropertySourceConverter[0;39m - Skipping PropertySource servletConfigInitParams [class org.springframework.core.env.PropertySource$StubPropertySource
2026-05-21 10:37:03.995 [34mINFO [0;39m [main][N/A] [36mcom.ulisesbocchio.jasyptspringboot.EncryptablePropertySourceConverter[0;39m - Converting PropertySource servletContextInitParams [org.springframework.web.context.support.ServletContextPropertySource] to EncryptableEnumerablePropertySourceWrapper
2026-05-21 10:37:03.995 [34mINFO [0;39m [main][N/A] [36mcom.ulisesbocchio.jasyptspringboot.EncryptablePropertySourceConverter[0;39m - Converting PropertySource Management Server [org.springframework.boot.actuate.autoconfigure.web.server.ManagementContextAutoConfiguration$SameManagementContextConfiguration$1] to EncryptablePropertySourceWrapper
2026-05-21 10:37:04.005 [34mINFO [0;39m [main][N/A] [36mcom.ai.system.AiTokenSystemApplication[0;39m - Started AiTokenSystemApplication in 4.877 seconds (process running for 5.211)
2026-05-21 10:37:04.191 [34mINFO [0;39m [RMI TCP Connection(4)-192.168.10.101][N/A] [36morg.springframework.web.servlet.DispatcherServlet[0;39m - Initializing Servlet 'dispatcherServlet'
2026-05-21 10:37:04.191 [34mINFO [0;39m [RMI TCP Connection(4)-192.168.10.101][N/A] [36morg.springframework.web.servlet.DispatcherServlet[0;39m - Completed initialization in 0 ms
2026-05-21 10:37:15.552 [34mINFO [0;39m [SpringApplicationShutdownHook][N/A] [36mcom.alibaba.druid.pool.DruidDataSource[0;39m - {dataSource-1} closing ...
2026-05-21 10:37:15.553 [34mINFO [0;39m [SpringApplicationShutdownHook][N/A] [36mcom.alibaba.druid.pool.DruidDataSource[0;39m - {dataSource-1} closed
2026-05-21 10:37:25.923 [34mINFO [0;39m [background-preinit][N/A] [36morg.hibernate.validator.internal.util.Version[0;39m - HV000001: Hibernate Validator 8.0.1.Final
2026-05-21 10:37:25.944 [34mINFO [0;39m [main][N/A] [36mcom.ai.system.AiTokenSystemApplication[0;39m - Starting AiTokenSystemApplication using Java 17.0.14 with PID 4256 (D:\java_projects\ai-token-system\target\classes started by Administrator in D:\java_projects\ai-token-system)
2026-05-21 10:37:25.945 [34mINFO [0;39m [main][N/A] [36mcom.ai.system.AiTokenSystemApplication[0;39m - No active profile set, falling back to 1 default profile: "default"
2026-05-21 10:37:26.562 [34mINFO [0;39m [main][N/A] [36morg.springframework.data.repository.config.RepositoryConfigurationDelegate[0;39m - Multiple Spring Data modules found, entering strict repository configuration mode
2026-05-21 10:37:26.563 [34mINFO [0;39m [main][N/A] [36morg.springframework.data.repository.config.RepositoryConfigurationDelegate[0;39m - Bootstrapping Spring Data Redis repositories in DEFAULT mode.
2026-05-21 10:37:26.582 [34mINFO [0;39m [main][N/A] [36morg.springframework.data.repository.config.RepositoryConfigurationDelegate[0;39m - Finished Spring Data repository scanning in 12 ms. Found 0 Redis repository interfaces.
2026-05-21 10:37:26.727 [34mINFO [0;39m [main][N/A] [36mc.u.j.configuration.EnableEncryptablePropertiesBeanFactoryPostProcessor[0;39m - Post-processing PropertySource instances
2026-05-21 10:37:26.728 [34mINFO [0;39m [main][N/A] [36mcom.ulisesbocchio.jasyptspringboot.EncryptablePropertySourceConverter[0;39m - Skipping PropertySource configurationProperties [class org.springframework.boot.context.properties.source.ConfigurationPropertySourcesPropertySource
2026-05-21 10:37:26.728 [34mINFO [0;39m [main][N/A] [36mcom.ulisesbocchio.jasyptspringboot.EncryptablePropertySourceConverter[0;39m - Skipping PropertySource servletConfigInitParams [class org.springframework.core.env.PropertySource$StubPropertySource
2026-05-21 10:37:26.728 [34mINFO [0;39m [main][N/A] [36mcom.ulisesbocchio.jasyptspringboot.EncryptablePropertySourceConverter[0;39m - Skipping PropertySource servletContextInitParams [class org.springframework.core.env.PropertySource$StubPropertySource
2026-05-21 10:37:26.728 [34mINFO [0;39m [main][N/A] [36mcom.ulisesbocchio.jasyptspringboot.EncryptablePropertySourceConverter[0;39m - Converting PropertySource systemProperties [org.springframework.core.env.PropertiesPropertySource] to EncryptableMapPropertySourceWrapper
2026-05-21 10:37:26.728 [34mINFO [0;39m [main][N/A] [36mcom.ulisesbocchio.jasyptspringboot.EncryptablePropertySourceConverter[0;39m - Converting PropertySource systemEnvironment [org.springframework.boot.env.SystemEnvironmentPropertySourceEnvironmentPostProcessor$OriginAwareSystemEnvironmentPropertySource] to EncryptableSystemEnvironmentPropertySourceWrapper
2026-05-21 10:37:26.729 [34mINFO [0;39m [main][N/A] [36mcom.ulisesbocchio.jasyptspringboot.EncryptablePropertySourceConverter[0;39m - Converting PropertySource random [org.springframework.boot.env.RandomValuePropertySource] to EncryptablePropertySourceWrapper
2026-05-21 10:37:26.729 [34mINFO [0;39m [main][N/A] [36mcom.ulisesbocchio.jasyptspringboot.EncryptablePropertySourceConverter[0;39m - Converting PropertySource Config resource 'class path resource [application.yml]' via location 'optional:classpath:/' [org.springframework.boot.env.OriginTrackedMapPropertySource] to EncryptableMapPropertySourceWrapper
2026-05-21 10:37:26.965 [34mINFO [0;39m [main][N/A] [36morg.springframework.boot.web.embedded.tomcat.TomcatWebServer[0;39m - Tomcat initialized with port 8080 (http)
2026-05-21 10:37:27.010 [34mINFO [0;39m [main][N/A] [36morg.springframework.boot.web.servlet.context.ServletWebServerApplicationContext[0;39m - Root WebApplicationContext: initialization completed in 1044 ms
2026-05-21 10:37:27.118 [34mINFO [0;39m [main][N/A] [36mcom.ulisesbocchio.jasyptspringboot.filter.DefaultLazyPropertyFilter[0;39m - Property Filter custom Bean not found with name 'encryptablePropertyFilter'. Initializing Default Property Filter
2026-05-21 10:37:27.123 [34mINFO [0;39m [main][N/A] [36mcom.ulisesbocchio.jasyptspringboot.resolver.DefaultLazyPropertyResolver[0;39m - Property Resolver custom Bean not found with name 'encryptablePropertyResolver'. Initializing Default Property Resolver
2026-05-21 10:37:27.123 [34mINFO [0;39m [main][N/A] [36mcom.ulisesbocchio.jasyptspringboot.detector.DefaultLazyPropertyDetector[0;39m - Property Detector custom Bean not found with name 'encryptablePropertyDetector'. Initializing Default Property Detector
2026-05-21 10:37:27.182 [34mINFO [0;39m [main][N/A] [36morg.redisson.Version[0;39m - Redisson 3.36.0
2026-05-21 10:37:27.437 [34mINFO [0;39m [redisson-netty-1-4][N/A] [36morg.redisson.connection.ConnectionsHolder[0;39m - 1 connections initialized for 49.232.190.146/49.232.190.146:6379
2026-05-21 10:37:29.648 [34mINFO [0;39m [redisson-netty-1-19][N/A] [36morg.redisson.connection.ConnectionsHolder[0;39m - 24 connections initialized for 49.232.190.146/49.232.190.146:6379
2026-05-21 10:37:29.733 [34mINFO [0;39m [main][N/A] [36mcom.alibaba.druid.spring.boot3.autoconfigure.DruidDataSourceAutoConfigure[0;39m - Init DruidDataSource
2026-05-21 10:37:29.777 [34mINFO [0;39m [main][N/A] [36mcom.alibaba.druid.pool.DruidDataSource[0;39m - {dataSource-1} inited
2026-05-21 10:37:30.426 [34mINFO [0;39m [main][N/A] [36morg.springframework.boot.actuate.endpoint.web.EndpointLinksResolver[0;39m - Exposing 1 endpoint beneath base path '/actuator'
2026-05-21 10:37:30.677 [34mINFO [0;39m [main][N/A] [36morg.springframework.boot.web.embedded.tomcat.TomcatWebServer[0;39m - Tomcat started on port 8080 (http) with context path '/'
2026-05-21 10:37:30.678 [34mINFO [0;39m [main][N/A] [36mcom.ulisesbocchio.jasyptspringboot.caching.RefreshScopeRefreshedEventListener[0;39m - Refreshing cached encryptable property sources on ServletWebServerInitializedEvent
2026-05-21 10:37:30.678 [34mINFO [0;39m [main][N/A] [36mc.u.jasyptspringboot.caching.CachingDelegateEncryptablePropertySource[0;39m - Property Source systemProperties refreshed
2026-05-21 10:37:30.678 [34mINFO [0;39m [main][N/A] [36mc.u.jasyptspringboot.caching.CachingDelegateEncryptablePropertySource[0;39m - Property Source systemEnvironment refreshed
2026-05-21 10:37:30.678 [34mINFO [0;39m [main][N/A] [36mc.u.jasyptspringboot.caching.CachingDelegateEncryptablePropertySource[0;39m - Property Source random refreshed
2026-05-21 10:37:30.678 [34mINFO [0;39m [main][N/A] [36mc.u.jasyptspringboot.caching.CachingDelegateEncryptablePropertySource[0;39m - Property Source Config resource 'class path resource [application.yml]' via location 'optional:classpath:/' refreshed
2026-05-21 10:37:30.678 [34mINFO [0;39m [main][N/A] [36mcom.ulisesbocchio.jasyptspringboot.EncryptablePropertySourceConverter[0;39m - Skipping PropertySource configurationProperties [class org.springframework.boot.context.properties.source.ConfigurationPropertySourcesPropertySource
2026-05-21 10:37:30.678 [34mINFO [0;39m [main][N/A] [36mcom.ulisesbocchio.jasyptspringboot.EncryptablePropertySourceConverter[0;39m - Skipping PropertySource servletConfigInitParams [class org.springframework.core.env.PropertySource$StubPropertySource
2026-05-21 10:37:30.678 [34mINFO [0;39m [main][N/A] [36mcom.ulisesbocchio.jasyptspringboot.EncryptablePropertySourceConverter[0;39m - Converting PropertySource servletContextInitParams [org.springframework.web.context.support.ServletContextPropertySource] to EncryptableEnumerablePropertySourceWrapper
2026-05-21 10:37:30.678 [34mINFO [0;39m [main][N/A] [36mcom.ulisesbocchio.jasyptspringboot.EncryptablePropertySourceConverter[0;39m - Converting PropertySource Management Server [org.springframework.boot.actuate.autoconfigure.web.server.ManagementContextAutoConfiguration$SameManagementContextConfiguration$1] to EncryptablePropertySourceWrapper
2026-05-21 10:37:30.688 [34mINFO [0;39m [main][N/A] [36mcom.ai.system.AiTokenSystemApplication[0;39m - Started AiTokenSystemApplication in 5.025 seconds (process running for 5.396)
2026-05-21 10:37:31.260 [34mINFO [0;39m [RMI TCP Connection(1)-192.168.10.101][N/A] [36morg.springframework.web.servlet.DispatcherServlet[0;39m - Initializing Servlet 'dispatcherServlet'
2026-05-21 10:37:31.261 [34mINFO [0;39m [RMI TCP Connection(1)-192.168.10.101][N/A] [36morg.springframework.web.servlet.DispatcherServlet[0;39m - Completed initialization in 1 ms
2026-05-21 10:37:53.033 [31mWARN [0;39m [RMI TCP Connection(2)-192.168.10.101][N/A] [36morg.springframework.boot.actuate.mail.MailHealthIndicator[0;39m - Mail health check failed
org.eclipse.angus.mail.util.MailConnectException: Couldn't connect to host, port: smtp.gmail.com, 587; timeout -1
	at org.eclipse.angus.mail.smtp.SMTPTransport.openServer(SMTPTransport.java:2243)
	at org.eclipse.angus.mail.smtp.SMTPTransport.protocolConnect(SMTPTransport.java:729)
	at jakarta.mail.Service.connect(Service.java:345)
	at org.springframework.mail.javamail.JavaMailSenderImpl.connectTransport(JavaMailSenderImpl.java:480)
	at org.springframework.mail.javamail.JavaMailSenderImpl.testConnection(JavaMailSenderImpl.java:360)
	at org.springframework.boot.actuate.mail.MailHealthIndicator.doHealthCheck(MailHealthIndicator.java:52)
	at org.springframework.boot.actuate.health.AbstractHealthIndicator.health(AbstractHealthIndicator.java:82)
	at org.springframework.boot.actuate.health.HealthIndicator.getHealth(HealthIndicator.java:37)
	at org.springframework.boot.actuate.health.HealthEndpoint.getHealth(HealthEndpoint.java:82)
	at org.springframework.boot.actuate.health.HealthEndpoint.getHealth(HealthEndpoint.java:41)
Caused by: java.net.ConnectException: Connection timed out: connect
	at java.base/sun.nio.ch.Net.connect0(Native Method)
	at java.base/sun.nio.ch.Net.connect(Net.java:579)
	at java.base/sun.nio.ch.Net.connect(Net.java:568)
	at java.base/sun.nio.ch.NioSocketImpl.connect(NioSocketImpl.java:593)
	at java.base/java.net.SocksSocketImpl.connect(SocksSocketImpl.java:327)
	at java.base/java.net.Socket.connect(Socket.java:633)
	at java.base/java.net.Socket.connect(Socket.java:583)
	at org.eclipse.angus.mail.util.SocketFetcher.createSocket(SocketFetcher.java:368)
	at org.eclipse.angus.mail.util.SocketFetcher.getSocket(SocketFetcher.java:243)
	at org.eclipse.angus.mail.smtp.SMTPTransport.openServer(SMTPTransport.java:2193)
2026-05-21 10:37:53.036 [31mWARN [0;39m [RMI TCP Connection(2)-192.168.10.101][N/A] [36morg.springframework.boot.actuate.health.HealthEndpointSupport[0;39m - Health contributor org.springframework.boot.actuate.mail.MailHealthIndicator (mail) took 21099ms to respond
2026-05-21 10:48:39.679 [34mINFO [0;39m [SpringApplicationShutdownHook][N/A] [36mcom.alibaba.druid.pool.DruidDataSource[0;39m - {dataSource-1} closing ...
2026-05-21 10:48:39.681 [34mINFO [0;39m [SpringApplicationShutdownHook][N/A] [36mcom.alibaba.druid.pool.DruidDataSource[0;39m - {dataSource-1} closed
2026-05-21 10:48:43.494 [34mINFO [0;39m [background-preinit][N/A] [36morg.hibernate.validator.internal.util.Version[0;39m - HV000001: Hibernate Validator 8.0.1.Final
2026-05-21 10:48:43.514 [34mINFO [0;39m [main][N/A] [36mcom.ai.system.AiTokenSystemApplication[0;39m - Starting AiTokenSystemApplication using Java 17.0.14 with PID 23020 (D:\java_projects\ai-token-system\target\classes started by Administrator in D:\java_projects\ai-token-system)
2026-05-21 10:48:43.515 [34mINFO [0;39m [main][N/A] [36mcom.ai.system.AiTokenSystemApplication[0;39m - No active profile set, falling back to 1 default profile: "default"
2026-05-21 10:48:44.086 [34mINFO [0;39m [main][N/A] [36morg.springframework.data.repository.config.RepositoryConfigurationDelegate[0;39m - Multiple Spring Data modules found, entering strict repository configuration mode
2026-05-21 10:48:44.088 [34mINFO [0;39m [main][N/A] [36morg.springframework.data.repository.config.RepositoryConfigurationDelegate[0;39m - Bootstrapping Spring Data Redis repositories in DEFAULT mode.
2026-05-21 10:48:44.108 [34mINFO [0;39m [main][N/A] [36morg.springframework.data.repository.config.RepositoryConfigurationDelegate[0;39m - Finished Spring Data repository scanning in 13 ms. Found 0 Redis repository interfaces.
2026-05-21 10:48:44.241 [34mINFO [0;39m [main][N/A] [36mc.u.j.configuration.EnableEncryptablePropertiesBeanFactoryPostProcessor[0;39m - Post-processing PropertySource instances
2026-05-21 10:48:44.241 [34mINFO [0;39m [main][N/A] [36mcom.ulisesbocchio.jasyptspringboot.EncryptablePropertySourceConverter[0;39m - Skipping PropertySource configurationProperties [class org.springframework.boot.context.properties.source.ConfigurationPropertySourcesPropertySource
2026-05-21 10:48:44.241 [34mINFO [0;39m [main][N/A] [36mcom.ulisesbocchio.jasyptspringboot.EncryptablePropertySourceConverter[0;39m - Skipping PropertySource servletConfigInitParams [class org.springframework.core.env.PropertySource$StubPropertySource
2026-05-21 10:48:44.241 [34mINFO [0;39m [main][N/A] [36mcom.ulisesbocchio.jasyptspringboot.EncryptablePropertySourceConverter[0;39m - Skipping PropertySource servletContextInitParams [class org.springframework.core.env.PropertySource$StubPropertySource
2026-05-21 10:48:44.242 [34mINFO [0;39m [main][N/A] [36mcom.ulisesbocchio.jasyptspringboot.EncryptablePropertySourceConverter[0;39m - Converting PropertySource systemProperties [org.springframework.core.env.PropertiesPropertySource] to EncryptableMapPropertySourceWrapper
2026-05-21 10:48:44.242 [34mINFO [0;39m [main][N/A] [36mcom.ulisesbocchio.jasyptspringboot.EncryptablePropertySourceConverter[0;39m - Converting PropertySource systemEnvironment [org.springframework.boot.env.SystemEnvironmentPropertySourceEnvironmentPostProcessor$OriginAwareSystemEnvironmentPropertySource] to EncryptableSystemEnvironmentPropertySourceWrapper
2026-05-21 10:48:44.242 [34mINFO [0;39m [main][N/A] [36mcom.ulisesbocchio.jasyptspringboot.EncryptablePropertySourceConverter[0;39m - Converting PropertySource random [org.springframework.boot.env.RandomValuePropertySource] to EncryptablePropertySourceWrapper
2026-05-21 10:48:44.242 [34mINFO [0;39m [main][N/A] [36mcom.ulisesbocchio.jasyptspringboot.EncryptablePropertySourceConverter[0;39m - Converting PropertySource Config resource 'class path resource [application.yml]' via location 'optional:classpath:/' [org.springframework.boot.env.OriginTrackedMapPropertySource] to EncryptableMapPropertySourceWrapper
2026-05-21 10:48:44.474 [34mINFO [0;39m [main][N/A] [36morg.springframework.boot.web.embedded.tomcat.TomcatWebServer[0;39m - Tomcat initialized with port 8080 (http)
2026-05-21 10:48:44.518 [34mINFO [0;39m [main][N/A] [36morg.springframework.boot.web.servlet.context.ServletWebServerApplicationContext[0;39m - Root WebApplicationContext: initialization completed in 984 ms
2026-05-21 10:48:44.586 [34mINFO [0;39m [main][N/A] [36mcom.ulisesbocchio.jasyptspringboot.filter.DefaultLazyPropertyFilter[0;39m - Property Filter custom Bean not found with name 'encryptablePropertyFilter'. Initializing Default Property Filter
2026-05-21 10:48:44.591 [34mINFO [0;39m [main][N/A] [36mcom.ulisesbocchio.jasyptspringboot.resolver.DefaultLazyPropertyResolver[0;39m - Property Resolver custom Bean not found with name 'encryptablePropertyResolver'. Initializing Default Property Resolver
2026-05-21 10:48:44.592 [34mINFO [0;39m [main][N/A] [36mcom.ulisesbocchio.jasyptspringboot.detector.DefaultLazyPropertyDetector[0;39m - Property Detector custom Bean not found with name 'encryptablePropertyDetector'. Initializing Default Property Detector
2026-05-21 10:48:44.651 [34mINFO [0;39m [main][N/A] [36morg.redisson.Version[0;39m - Redisson 3.36.0
2026-05-21 10:48:44.906 [34mINFO [0;39m [redisson-netty-1-4][N/A] [36morg.redisson.connection.ConnectionsHolder[0;39m - 1 connections initialized for 49.232.190.146/49.232.190.146:6379
2026-05-21 10:48:47.083 [34mINFO [0;39m [redisson-netty-1-19][N/A] [36morg.redisson.connection.ConnectionsHolder[0;39m - 24 connections initialized for 49.232.190.146/49.232.190.146:6379
2026-05-21 10:48:47.171 [34mINFO [0;39m [main][N/A] [36mcom.alibaba.druid.spring.boot3.autoconfigure.DruidDataSourceAutoConfigure[0;39m - Init DruidDataSource
2026-05-21 10:48:47.216 [34mINFO [0;39m [main][N/A] [36mcom.alibaba.druid.pool.DruidDataSource[0;39m - {dataSource-1} inited
2026-05-21 10:48:47.858 [34mINFO [0;39m [main][N/A] [36morg.springframework.boot.actuate.endpoint.web.EndpointLinksResolver[0;39m - Exposing 1 endpoint beneath base path '/actuator'
2026-05-21 10:48:48.104 [34mINFO [0;39m [main][N/A] [36morg.springframework.boot.web.embedded.tomcat.TomcatWebServer[0;39m - Tomcat started on port 8080 (http) with context path '/'
2026-05-21 10:48:48.104 [34mINFO [0;39m [main][N/A] [36mcom.ulisesbocchio.jasyptspringboot.caching.RefreshScopeRefreshedEventListener[0;39m - Refreshing cached encryptable property sources on ServletWebServerInitializedEvent
2026-05-21 10:48:48.105 [34mINFO [0;39m [main][N/A] [36mc.u.jasyptspringboot.caching.CachingDelegateEncryptablePropertySource[0;39m - Property Source systemProperties refreshed
2026-05-21 10:48:48.105 [34mINFO [0;39m [main][N/A] [36mc.u.jasyptspringboot.caching.CachingDelegateEncryptablePropertySource[0;39m - Property Source systemEnvironment refreshed
2026-05-21 10:48:48.105 [34mINFO [0;39m [main][N/A] [36mc.u.jasyptspringboot.caching.CachingDelegateEncryptablePropertySource[0;39m - Property Source random refreshed
2026-05-21 10:48:48.105 [34mINFO [0;39m [main][N/A] [36mc.u.jasyptspringboot.caching.CachingDelegateEncryptablePropertySource[0;39m - Property Source Config resource 'class path resource [application.yml]' via location 'optional:classpath:/' refreshed
2026-05-21 10:48:48.105 [34mINFO [0;39m [main][N/A] [36mcom.ulisesbocchio.jasyptspringboot.EncryptablePropertySourceConverter[0;39m - Skipping PropertySource configurationProperties [class org.springframework.boot.context.properties.source.ConfigurationPropertySourcesPropertySource
2026-05-21 10:48:48.105 [34mINFO [0;39m [main][N/A] [36mcom.ulisesbocchio.jasyptspringboot.EncryptablePropertySourceConverter[0;39m - Skipping PropertySource servletConfigInitParams [class org.springframework.core.env.PropertySource$StubPropertySource
2026-05-21 10:48:48.105 [34mINFO [0;39m [main][N/A] [36mcom.ulisesbocchio.jasyptspringboot.EncryptablePropertySourceConverter[0;39m - Converting PropertySource servletContextInitParams [org.springframework.web.context.support.ServletContextPropertySource] to EncryptableEnumerablePropertySourceWrapper
2026-05-21 10:48:48.105 [34mINFO [0;39m [main][N/A] [36mcom.ulisesbocchio.jasyptspringboot.EncryptablePropertySourceConverter[0;39m - Converting PropertySource Management Server [org.springframework.boot.actuate.autoconfigure.web.server.ManagementContextAutoConfiguration$SameManagementContextConfiguration$1] to EncryptablePropertySourceWrapper
2026-05-21 10:48:48.114 [34mINFO [0;39m [main][N/A] [36mcom.ai.system.AiTokenSystemApplication[0;39m - Started AiTokenSystemApplication in 4.872 seconds (process running for 5.204)
2026-05-21 10:48:48.605 [34mINFO [0;39m [RMI TCP Connection(2)-192.168.10.101][N/A] [36morg.springframework.web.servlet.DispatcherServlet[0;39m - Initializing Servlet 'dispatcherServlet'
2026-05-21 10:48:48.605 [34mINFO [0;39m [RMI TCP Connection(2)-192.168.10.101][N/A] [36morg.springframework.web.servlet.DispatcherServlet[0;39m - Completed initialization in 0 ms
2026-05-21 10:49:56.657 [1;31mERROR[0;39m [http-nio-8080-exec-1][N/A] [36mo.a.catalina.core.ContainerBase.[Tomcat].[localhost].[/].[dispatcherServlet][0;39m - Servlet.service() for servlet [dispatcherServlet] in context with path [] threw exception
org.springframework.security.authentication.AuthenticationServiceException: Invalid JWT: Signed JWT rejected: Another algorithm expected, or no matching key(s) found
	at org.springframework.security.oauth2.server.resource.authentication.JwtAuthenticationProvider.getJwt(JwtAuthenticationProvider.java:106)
	at org.springframework.security.oauth2.server.resource.authentication.JwtAuthenticationProvider.authenticate(JwtAuthenticationProvider.java:88)
	at org.springframework.security.authentication.ProviderManager.authenticate(ProviderManager.java:182)
	at org.springframework.security.authentication.ObservationAuthenticationManager.lambda$authenticate$1(ObservationAuthenticationManager.java:54)
	at io.micrometer.observation.Observation.observe(Observation.java:565)
	at org.springframework.security.authentication.ObservationAuthenticationManager.authenticate(ObservationAuthenticationManager.java:53)
	at org.springframework.security.oauth2.server.resource.web.authentication.BearerTokenAuthenticationFilter.doFilterInternal(BearerTokenAuthenticationFilter.java:137)
	at org.springframework.web.filter.OncePerRequestFilter.doFilter(OncePerRequestFilter.java:116)
	at org.springframework.security.web.ObservationFilterChainDecorator$ObservationFilter.wrapFilter(ObservationFilterChainDecorator.java:240)
	at org.springframework.security.web.ObservationFilterChainDecorator$ObservationFilter.doFilter(ObservationFilterChainDecorator.java:227)
Caused by: org.springframework.security.oauth2.jwt.JwtException: Invalid JWT: Signed JWT rejected: Another algorithm expected, or no matching key(s) found
	at com.ai.system.config.security.SecurityConfig.lambda$jwtDecoder$5(SecurityConfig.java:105)
	at org.springframework.security.oauth2.server.resource.authentication.JwtAuthenticationProvider.getJwt(JwtAuthenticationProvider.java:99)
	at org.springframework.security.oauth2.server.resource.authentication.JwtAuthenticationProvider.authenticate(JwtAuthenticationProvider.java:88)
	at org.springframework.security.authentication.ProviderManager.authenticate(ProviderManager.java:182)
	at org.springframework.security.authentication.ObservationAuthenticationManager.lambda$authenticate$1(ObservationAuthenticationManager.java:54)
	at io.micrometer.observation.Observation.observe(Observation.java:565)
	at org.springframework.security.authentication.ObservationAuthenticationManager.authenticate(ObservationAuthenticationManager.java:53)
	at org.springframework.security.oauth2.server.resource.web.authentication.BearerTokenAuthenticationFilter.doFilterInternal(BearerTokenAuthenticationFilter.java:137)
	at org.springframework.web.filter.OncePerRequestFilter.doFilter(OncePerRequestFilter.java:116)
	at org.springframework.security.web.ObservationFilterChainDecorator$ObservationFilter.wrapFilter(ObservationFilterChainDecorator.java:240)
Caused by: com.nimbusds.jose.proc.BadJOSEException: Signed JWT rejected: Another algorithm expected, or no matching key(s) found
	at com.nimbusds.jwt.proc.DefaultJWTProcessor.process(DefaultJWTProcessor.java:394)
	at com.nimbusds.jwt.proc.DefaultJWTProcessor.process(DefaultJWTProcessor.java:340)
	at com.ai.system.config.security.SecurityConfig.lambda$jwtDecoder$5(SecurityConfig.java:97)
	at org.springframework.security.oauth2.server.resource.authentication.JwtAuthenticationProvider.getJwt(JwtAuthenticationProvider.java:99)
	at org.springframework.security.oauth2.server.resource.authentication.JwtAuthenticationProvider.authenticate(JwtAuthenticationProvider.java:88)
	at org.springframework.security.authentication.ProviderManager.authenticate(ProviderManager.java:182)
	at org.springframework.security.authentication.ObservationAuthenticationManager.lambda$authenticate$1(ObservationAuthenticationManager.java:54)
	at io.micrometer.observation.Observation.observe(Observation.java:565)
	at org.springframework.security.authentication.ObservationAuthenticationManager.authenticate(ObservationAuthenticationManager.java:53)
	at org.springframework.security.oauth2.server.resource.web.authentication.BearerTokenAuthenticationFilter.doFilterInternal(BearerTokenAuthenticationFilter.java:137)
2026-05-21 10:50:15.985 [34mINFO [0;39m [http-nio-8080-exec-4][N/A] [36mcom.ai.system.util.tyy.TyySignUtil[0;39m - 【请求天翼云网关服务:url:https://aigw-global.ctapi.ctyun.cn/v1/tokenUsage/query,method:POST,body:{"groupBy":0,"startTime":"2026-05-01 00:00:00","endTime":"2026-05-21 00:00:00"}】
2026-05-21 10:50:15.988 [34mINFO [0;39m [http-nio-8080-exec-4][N/A] [36mcom.ai.system.util.tyy.TyySignUtil[0;39m - 【请求天翼云网关服务请求体:{}】
2026-05-21 10:50:17.375 [34mINFO [0;39m [http-nio-8080-exec-4][N/A] [36mcom.ai.system.util.tyy.TyySignUtil[0;39m - 【请求天翼云网关服务响应体:{"returnObj":[],"message":"success","statusCode":200}】
2026-05-21 10:50:17.382 [1;31mERROR[0;39m [http-nio-8080-exec-4][N/A] [36mo.a.catalina.core.ContainerBase.[Tomcat].[localhost].[/].[dispatcherServlet][0;39m - Servlet.service() for servlet [dispatcherServlet] in context with path [] threw exception [Request processing failed: java.lang.NullPointerException] with root cause
java.lang.NullPointerException: null
	at java.base/java.util.stream.ReferencePipeline$5$1.accept(ReferencePipeline.java:231)
	at java.base/java.util.ArrayList$ArrayListSpliterator.forEachRemaining(ArrayList.java:1625)
	at java.base/java.util.stream.AbstractPipeline.copyInto(AbstractPipeline.java:509)
	at java.base/java.util.stream.AbstractPipeline.wrapAndCopyInto(AbstractPipeline.java:499)
	at java.base/java.util.stream.ReduceOps$ReduceOp.evaluateSequential(ReduceOps.java:921)
	at java.base/java.util.stream.AbstractPipeline.evaluate(AbstractPipeline.java:234)
	at java.base/java.util.stream.LongPipeline.reduce(LongPipeline.java:498)
	at java.base/java.util.stream.LongPipeline.sum(LongPipeline.java:456)
	at com.ai.system.service.impl.DashboardServiceImpl.buildStats(DashboardServiceImpl.java:48)
	at com.ai.system.service.impl.DashboardServiceImpl.getAdminStats(DashboardServiceImpl.java:32)
2026-05-21 11:06:46.334 [34mINFO [0;39m [SpringApplicationShutdownHook][N/A] [36mcom.alibaba.druid.pool.DruidDataSource[0;39m - {dataSource-1} closing ...
2026-05-21 11:06:46.335 [34mINFO [0;39m [SpringApplicationShutdownHook][N/A] [36mcom.alibaba.druid.pool.DruidDataSource[0;39m - {dataSource-1} closed
2026-05-21 11:09:50.200 [34mINFO [0;39m [background-preinit][N/A] [36morg.hibernate.validator.internal.util.Version[0;39m - HV000001: Hibernate Validator 8.0.1.Final
2026-05-21 11:09:50.218 [34mINFO [0;39m [main][N/A] [36mcom.ai.system.AiTokenSystemApplication[0;39m - Starting AiTokenSystemApplication using Java 17.0.14 with PID 17552 (D:\java_projects\ai-token-system\target\classes started by Administrator in D:\java_projects\ai-token-system)
2026-05-21 11:09:50.219 [34mINFO [0;39m [main][N/A] [36mcom.ai.system.AiTokenSystemApplication[0;39m - No active profile set, falling back to 1 default profile: "default"
2026-05-21 11:09:50.814 [34mINFO [0;39m [main][N/A] [36morg.springframework.data.repository.config.RepositoryConfigurationDelegate[0;39m - Multiple Spring Data modules found, entering strict repository configuration mode
2026-05-21 11:09:50.817 [34mINFO [0;39m [main][N/A] [36morg.springframework.data.repository.config.RepositoryConfigurationDelegate[0;39m - Bootstrapping Spring Data Redis repositories in DEFAULT mode.
2026-05-21 11:09:50.837 [34mINFO [0;39m [main][N/A] [36morg.springframework.data.repository.config.RepositoryConfigurationDelegate[0;39m - Finished Spring Data repository scanning in 13 ms. Found 0 Redis repository interfaces.
2026-05-21 11:09:50.984 [34mINFO [0;39m [main][N/A] [36mc.u.j.configuration.EnableEncryptablePropertiesBeanFactoryPostProcessor[0;39m - Post-processing PropertySource instances
2026-05-21 11:09:50.985 [34mINFO [0;39m [main][N/A] [36mcom.ulisesbocchio.jasyptspringboot.EncryptablePropertySourceConverter[0;39m - Skipping PropertySource configurationProperties [class org.springframework.boot.context.properties.source.ConfigurationPropertySourcesPropertySource
2026-05-21 11:09:50.985 [34mINFO [0;39m [main][N/A] [36mcom.ulisesbocchio.jasyptspringboot.EncryptablePropertySourceConverter[0;39m - Skipping PropertySource servletConfigInitParams [class org.springframework.core.env.PropertySource$StubPropertySource
2026-05-21 11:09:50.985 [34mINFO [0;39m [main][N/A] [36mcom.ulisesbocchio.jasyptspringboot.EncryptablePropertySourceConverter[0;39m - Skipping PropertySource servletContextInitParams [class org.springframework.core.env.PropertySource$StubPropertySource
2026-05-21 11:09:50.985 [34mINFO [0;39m [main][N/A] [36mcom.ulisesbocchio.jasyptspringboot.EncryptablePropertySourceConverter[0;39m - Converting PropertySource systemProperties [org.springframework.core.env.PropertiesPropertySource] to EncryptableMapPropertySourceWrapper
2026-05-21 11:09:50.986 [34mINFO [0;39m [main][N/A] [36mcom.ulisesbocchio.jasyptspringboot.EncryptablePropertySourceConverter[0;39m - Converting PropertySource systemEnvironment [org.springframework.boot.env.SystemEnvironmentPropertySourceEnvironmentPostProcessor$OriginAwareSystemEnvironmentPropertySource] to EncryptableSystemEnvironmentPropertySourceWrapper
2026-05-21 11:09:50.986 [34mINFO [0;39m [main][N/A] [36mcom.ulisesbocchio.jasyptspringboot.EncryptablePropertySourceConverter[0;39m - Converting PropertySource random [org.springframework.boot.env.RandomValuePropertySource] to EncryptablePropertySourceWrapper
2026-05-21 11:09:50.986 [34mINFO [0;39m [main][N/A] [36mcom.ulisesbocchio.jasyptspringboot.EncryptablePropertySourceConverter[0;39m - Converting PropertySource Config resource 'class path resource [application.yml]' via location 'optional:classpath:/' [org.springframework.boot.env.OriginTrackedMapPropertySource] to EncryptableMapPropertySourceWrapper
2026-05-21 11:09:51.224 [34mINFO [0;39m [main][N/A] [36morg.springframework.boot.web.embedded.tomcat.TomcatWebServer[0;39m - Tomcat initialized with port 8080 (http)
2026-05-21 11:09:51.267 [34mINFO [0;39m [main][N/A] [36morg.springframework.boot.web.servlet.context.ServletWebServerApplicationContext[0;39m - Root WebApplicationContext: initialization completed in 1024 ms
2026-05-21 11:09:51.340 [34mINFO [0;39m [main][N/A] [36mcom.ulisesbocchio.jasyptspringboot.filter.DefaultLazyPropertyFilter[0;39m - Property Filter custom Bean not found with name 'encryptablePropertyFilter'. Initializing Default Property Filter
2026-05-21 11:09:51.345 [34mINFO [0;39m [main][N/A] [36mcom.ulisesbocchio.jasyptspringboot.resolver.DefaultLazyPropertyResolver[0;39m - Property Resolver custom Bean not found with name 'encryptablePropertyResolver'. Initializing Default Property Resolver
2026-05-21 11:09:51.345 [34mINFO [0;39m [main][N/A] [36mcom.ulisesbocchio.jasyptspringboot.detector.DefaultLazyPropertyDetector[0;39m - Property Detector custom Bean not found with name 'encryptablePropertyDetector'. Initializing Default Property Detector
2026-05-21 11:09:51.405 [34mINFO [0;39m [main][N/A] [36morg.redisson.Version[0;39m - Redisson 3.36.0
2026-05-21 11:09:51.675 [34mINFO [0;39m [redisson-netty-1-5][N/A] [36morg.redisson.connection.ConnectionsHolder[0;39m - 1 connections initialized for 49.232.190.146/49.232.190.146:6379
2026-05-21 11:09:53.844 [34mINFO [0;39m [redisson-netty-1-19][N/A] [36morg.redisson.connection.ConnectionsHolder[0;39m - 24 connections initialized for 49.232.190.146/49.232.190.146:6379
2026-05-21 11:09:53.933 [34mINFO [0;39m [main][N/A] [36mcom.alibaba.druid.spring.boot3.autoconfigure.DruidDataSourceAutoConfigure[0;39m - Init DruidDataSource
2026-05-21 11:09:53.983 [34mINFO [0;39m [main][N/A] [36mcom.alibaba.druid.pool.DruidDataSource[0;39m - {dataSource-1} inited
2026-05-21 11:09:54.631 [34mINFO [0;39m [main][N/A] [36morg.springframework.boot.actuate.endpoint.web.EndpointLinksResolver[0;39m - Exposing 1 endpoint beneath base path '/actuator'
2026-05-21 11:09:54.896 [34mINFO [0;39m [main][N/A] [36morg.springframework.boot.web.embedded.tomcat.TomcatWebServer[0;39m - Tomcat started on port 8080 (http) with context path '/'
2026-05-21 11:09:54.897 [34mINFO [0;39m [main][N/A] [36mcom.ulisesbocchio.jasyptspringboot.caching.RefreshScopeRefreshedEventListener[0;39m - Refreshing cached encryptable property sources on ServletWebServerInitializedEvent
2026-05-21 11:09:54.897 [34mINFO [0;39m [main][N/A] [36mc.u.jasyptspringboot.caching.CachingDelegateEncryptablePropertySource[0;39m - Property Source systemProperties refreshed
2026-05-21 11:09:54.897 [34mINFO [0;39m [main][N/A] [36mc.u.jasyptspringboot.caching.CachingDelegateEncryptablePropertySource[0;39m - Property Source systemEnvironment refreshed
2026-05-21 11:09:54.897 [34mINFO [0;39m [main][N/A] [36mc.u.jasyptspringboot.caching.CachingDelegateEncryptablePropertySource[0;39m - Property Source random refreshed
2026-05-21 11:09:54.897 [34mINFO [0;39m [main][N/A] [36mc.u.jasyptspringboot.caching.CachingDelegateEncryptablePropertySource[0;39m - Property Source Config resource 'class path resource [application.yml]' via location 'optional:classpath:/' refreshed
2026-05-21 11:09:54.897 [34mINFO [0;39m [main][N/A] [36mcom.ulisesbocchio.jasyptspringboot.EncryptablePropertySourceConverter[0;39m - Skipping PropertySource configurationProperties [class org.springframework.boot.context.properties.source.ConfigurationPropertySourcesPropertySource
2026-05-21 11:09:54.897 [34mINFO [0;39m [main][N/A] [36mcom.ulisesbocchio.jasyptspringboot.EncryptablePropertySourceConverter[0;39m - Skipping PropertySource servletConfigInitParams [class org.springframework.core.env.PropertySource$StubPropertySource
2026-05-21 11:09:54.897 [34mINFO [0;39m [main][N/A] [36mcom.ulisesbocchio.jasyptspringboot.EncryptablePropertySourceConverter[0;39m - Converting PropertySource servletContextInitParams [org.springframework.web.context.support.ServletContextPropertySource] to EncryptableEnumerablePropertySourceWrapper
2026-05-21 11:09:54.897 [34mINFO [0;39m [main][N/A] [36mcom.ulisesbocchio.jasyptspringboot.EncryptablePropertySourceConverter[0;39m - Converting PropertySource Management Server [org.springframework.boot.actuate.autoconfigure.web.server.ManagementContextAutoConfiguration$SameManagementContextConfiguration$1] to EncryptablePropertySourceWrapper
2026-05-21 11:09:54.907 [34mINFO [0;39m [main][N/A] [36mcom.ai.system.AiTokenSystemApplication[0;39m - Started AiTokenSystemApplication in 4.965 seconds (process running for 5.286)
2026-05-21 11:09:55.323 [34mINFO [0;39m [RMI TCP Connection(2)-192.168.10.101][N/A] [36morg.springframework.web.servlet.DispatcherServlet[0;39m - Initializing Servlet 'dispatcherServlet'
2026-05-21 11:09:55.325 [34mINFO [0;39m [RMI TCP Connection(2)-192.168.10.101][N/A] [36morg.springframework.web.servlet.DispatcherServlet[0;39m - Completed initialization in 2 ms
2026-05-21 11:10:06.182 [34mINFO [0;39m [http-nio-8080-exec-3][N/A] [36mcom.ai.system.util.tyy.TyySignUtil[0;39m - 【请求天翼云网关服务:url:https://aigw-global.ctapi.ctyun.cn/v1/tokenUsage/query,method:POST,body:{"groupBy":0,"startTime":"2026-05-01 00:00:00","endTime":"2026-05-21 00:00:00"}】
2026-05-21 11:10:06.185 [34mINFO [0;39m [http-nio-8080-exec-3][N/A] [36mcom.ai.system.util.tyy.TyySignUtil[0;39m - 【请求天翼云网关服务请求体:{}】
2026-05-21 11:10:08.808 [34mINFO [0;39m [http-nio-8080-exec-3][N/A] [36mcom.ai.system.util.tyy.TyySignUtil[0;39m - 【请求天翼云网关服务响应体:{"returnObj":[],"message":"success","statusCode":200}】
2026-05-21 11:10:08.813 [1;31mERROR[0;39m [http-nio-8080-exec-3][N/A] [36mo.a.catalina.core.ContainerBase.[Tomcat].[localhost].[/].[dispatcherServlet][0;39m - Servlet.service() for servlet [dispatcherServlet] in context with path [] threw exception [Request processing failed: java.lang.NullPointerException] with root cause
java.lang.NullPointerException: null
	at java.base/java.util.stream.ReferencePipeline$5$1.accept(ReferencePipeline.java:231)
	at java.base/java.util.ArrayList$ArrayListSpliterator.forEachRemaining(ArrayList.java:1625)
	at java.base/java.util.stream.AbstractPipeline.copyInto(AbstractPipeline.java:509)
	at java.base/java.util.stream.AbstractPipeline.wrapAndCopyInto(AbstractPipeline.java:499)
	at java.base/java.util.stream.ReduceOps$ReduceOp.evaluateSequential(ReduceOps.java:921)
	at java.base/java.util.stream.AbstractPipeline.evaluate(AbstractPipeline.java:234)
	at java.base/java.util.stream.LongPipeline.reduce(LongPipeline.java:498)
	at java.base/java.util.stream.LongPipeline.sum(LongPipeline.java:456)
	at com.ai.system.service.impl.DashboardServiceImpl.buildStats(DashboardServiceImpl.java:48)
	at com.ai.system.service.impl.DashboardServiceImpl.getAdminStats(DashboardServiceImpl.java:32)
2026-05-21 11:10:17.045 [31mWARN [0;39m [RMI TCP Connection(1)-192.168.10.101][N/A] [36morg.springframework.boot.actuate.health.HealthEndpointSupport[0;39m - Health contributor org.springframework.boot.actuate.mail.MailHealthIndicator (mail) took 21071ms to respond
2026-05-21 11:12:05.138 [34mINFO [0;39m [SpringApplicationShutdownHook][N/A] [36mcom.alibaba.druid.pool.DruidDataSource[0;39m - {dataSource-1} closing ...
2026-05-21 11:12:05.139 [34mINFO [0;39m [SpringApplicationShutdownHook][N/A] [36mcom.alibaba.druid.pool.DruidDataSource[0;39m - {dataSource-1} closed
2026-05-21 11:12:07.709 [34mINFO [0;39m [background-preinit][N/A] [36morg.hibernate.validator.internal.util.Version[0;39m - HV000001: Hibernate Validator 8.0.1.Final
2026-05-21 11:12:07.729 [34mINFO [0;39m [main][N/A] [36mcom.ai.system.AiTokenSystemApplication[0;39m - Starting AiTokenSystemApplication using Java 17.0.14 with PID 33028 (D:\java_projects\ai-token-system\target\classes started by Administrator in D:\java_projects\ai-token-system)
2026-05-21 11:12:07.730 [34mINFO [0;39m [main][N/A] [36mcom.ai.system.AiTokenSystemApplication[0;39m - No active profile set, falling back to 1 default profile: "default"
2026-05-21 11:12:08.279 [34mINFO [0;39m [main][N/A] [36morg.springframework.data.repository.config.RepositoryConfigurationDelegate[0;39m - Multiple Spring Data modules found, entering strict repository configuration mode
2026-05-21 11:12:08.280 [34mINFO [0;39m [main][N/A] [36morg.springframework.data.repository.config.RepositoryConfigurationDelegate[0;39m - Bootstrapping Spring Data Redis repositories in DEFAULT mode.
2026-05-21 11:12:08.301 [34mINFO [0;39m [main][N/A] [36morg.springframework.data.repository.config.RepositoryConfigurationDelegate[0;39m - Finished Spring Data repository scanning in 14 ms. Found 0 Redis repository interfaces.
2026-05-21 11:12:08.444 [34mINFO [0;39m [main][N/A] [36mc.u.j.configuration.EnableEncryptablePropertiesBeanFactoryPostProcessor[0;39m - Post-processing PropertySource instances
2026-05-21 11:12:08.445 [34mINFO [0;39m [main][N/A] [36mcom.ulisesbocchio.jasyptspringboot.EncryptablePropertySourceConverter[0;39m - Skipping PropertySource configurationProperties [class org.springframework.boot.context.properties.source.ConfigurationPropertySourcesPropertySource
2026-05-21 11:12:08.445 [34mINFO [0;39m [main][N/A] [36mcom.ulisesbocchio.jasyptspringboot.EncryptablePropertySourceConverter[0;39m - Skipping PropertySource servletConfigInitParams [class org.springframework.core.env.PropertySource$StubPropertySource
2026-05-21 11:12:08.445 [34mINFO [0;39m [main][N/A] [36mcom.ulisesbocchio.jasyptspringboot.EncryptablePropertySourceConverter[0;39m - Skipping PropertySource servletContextInitParams [class org.springframework.core.env.PropertySource$StubPropertySource
2026-05-21 11:12:08.445 [34mINFO [0;39m [main][N/A] [36mcom.ulisesbocchio.jasyptspringboot.EncryptablePropertySourceConverter[0;39m - Converting PropertySource systemProperties [org.springframework.core.env.PropertiesPropertySource] to EncryptableMapPropertySourceWrapper
2026-05-21 11:12:08.445 [34mINFO [0;39m [main][N/A] [36mcom.ulisesbocchio.jasyptspringboot.EncryptablePropertySourceConverter[0;39m - Converting PropertySource systemEnvironment [org.springframework.boot.env.SystemEnvironmentPropertySourceEnvironmentPostProcessor$OriginAwareSystemEnvironmentPropertySource] to EncryptableSystemEnvironmentPropertySourceWrapper
2026-05-21 11:12:08.445 [34mINFO [0;39m [main][N/A] [36mcom.ulisesbocchio.jasyptspringboot.EncryptablePropertySourceConverter[0;39m - Converting PropertySource random [org.springframework.boot.env.RandomValuePropertySource] to EncryptablePropertySourceWrapper
2026-05-21 11:12:08.445 [34mINFO [0;39m [main][N/A] [36mcom.ulisesbocchio.jasyptspringboot.EncryptablePropertySourceConverter[0;39m - Converting PropertySource Config resource 'class path resource [application.yml]' via location 'optional:classpath:/' [org.springframework.boot.env.OriginTrackedMapPropertySource] to EncryptableMapPropertySourceWrapper
2026-05-21 11:12:08.674 [34mINFO [0;39m [main][N/A] [36morg.springframework.boot.web.embedded.tomcat.TomcatWebServer[0;39m - Tomcat initialized with port 8080 (http)
2026-05-21 11:12:08.717 [34mINFO [0;39m [main][N/A] [36morg.springframework.boot.web.servlet.context.ServletWebServerApplicationContext[0;39m - Root WebApplicationContext: initialization completed in 967 ms
2026-05-21 11:12:08.788 [34mINFO [0;39m [main][N/A] [36mcom.ulisesbocchio.jasyptspringboot.filter.DefaultLazyPropertyFilter[0;39m - Property Filter custom Bean not found with name 'encryptablePropertyFilter'. Initializing Default Property Filter
2026-05-21 11:12:08.792 [34mINFO [0;39m [main][N/A] [36mcom.ulisesbocchio.jasyptspringboot.resolver.DefaultLazyPropertyResolver[0;39m - Property Resolver custom Bean not found with name 'encryptablePropertyResolver'. Initializing Default Property Resolver
2026-05-21 11:12:08.793 [34mINFO [0;39m [main][N/A] [36mcom.ulisesbocchio.jasyptspringboot.detector.DefaultLazyPropertyDetector[0;39m - Property Detector custom Bean not found with name 'encryptablePropertyDetector'. Initializing Default Property Detector
2026-05-21 11:12:08.851 [34mINFO [0;39m [main][N/A] [36morg.redisson.Version[0;39m - Redisson 3.36.0
2026-05-21 11:12:09.113 [34mINFO [0;39m [redisson-netty-1-4][N/A] [36morg.redisson.connection.ConnectionsHolder[0;39m - 1 connections initialized for 49.232.190.146/49.232.190.146:6379
2026-05-21 11:12:11.300 [34mINFO [0;39m [redisson-netty-1-19][N/A] [36morg.redisson.connection.ConnectionsHolder[0;39m - 24 connections initialized for 49.232.190.146/49.232.190.146:6379
2026-05-21 11:12:11.386 [34mINFO [0;39m [main][N/A] [36mcom.alibaba.druid.spring.boot3.autoconfigure.DruidDataSourceAutoConfigure[0;39m - Init DruidDataSource
2026-05-21 11:12:11.432 [34mINFO [0;39m [main][N/A] [36mcom.alibaba.druid.pool.DruidDataSource[0;39m - {dataSource-1} inited
2026-05-21 11:12:12.095 [34mINFO [0;39m [main][N/A] [36morg.springframework.boot.actuate.endpoint.web.EndpointLinksResolver[0;39m - Exposing 1 endpoint beneath base path '/actuator'
2026-05-21 11:12:12.355 [34mINFO [0;39m [main][N/A] [36morg.springframework.boot.web.embedded.tomcat.TomcatWebServer[0;39m - Tomcat started on port 8080 (http) with context path '/'
2026-05-21 11:12:12.356 [34mINFO [0;39m [main][N/A] [36mcom.ulisesbocchio.jasyptspringboot.caching.RefreshScopeRefreshedEventListener[0;39m - Refreshing cached encryptable property sources on ServletWebServerInitializedEvent
2026-05-21 11:12:12.356 [34mINFO [0;39m [main][N/A] [36mc.u.jasyptspringboot.caching.CachingDelegateEncryptablePropertySource[0;39m - Property Source systemProperties refreshed
2026-05-21 11:12:12.356 [34mINFO [0;39m [main][N/A] [36mc.u.jasyptspringboot.caching.CachingDelegateEncryptablePropertySource[0;39m - Property Source systemEnvironment refreshed
2026-05-21 11:12:12.356 [34mINFO [0;39m [main][N/A] [36mc.u.jasyptspringboot.caching.CachingDelegateEncryptablePropertySource[0;39m - Property Source random refreshed
2026-05-21 11:12:12.356 [34mINFO [0;39m [main][N/A] [36mc.u.jasyptspringboot.caching.CachingDelegateEncryptablePropertySource[0;39m - Property Source Config resource 'class path resource [application.yml]' via location 'optional:classpath:/' refreshed
2026-05-21 11:12:12.356 [34mINFO [0;39m [main][N/A] [36mcom.ulisesbocchio.jasyptspringboot.EncryptablePropertySourceConverter[0;39m - Skipping PropertySource configurationProperties [class org.springframework.boot.context.properties.source.ConfigurationPropertySourcesPropertySource
2026-05-21 11:12:12.356 [34mINFO [0;39m [main][N/A] [36mcom.ulisesbocchio.jasyptspringboot.EncryptablePropertySourceConverter[0;39m - Skipping PropertySource servletConfigInitParams [class org.springframework.core.env.PropertySource$StubPropertySource
2026-05-21 11:12:12.356 [34mINFO [0;39m [main][N/A] [36mcom.ulisesbocchio.jasyptspringboot.EncryptablePropertySourceConverter[0;39m - Converting PropertySource servletContextInitParams [org.springframework.web.context.support.ServletContextPropertySource] to EncryptableEnumerablePropertySourceWrapper
2026-05-21 11:12:12.356 [34mINFO [0;39m [main][N/A] [36mcom.ulisesbocchio.jasyptspringboot.EncryptablePropertySourceConverter[0;39m - Converting PropertySource Management Server [org.springframework.boot.actuate.autoconfigure.web.server.ManagementContextAutoConfiguration$SameManagementContextConfiguration$1] to EncryptablePropertySourceWrapper
2026-05-21 11:12:12.366 [34mINFO [0;39m [main][N/A] [36mcom.ai.system.AiTokenSystemApplication[0;39m - Started AiTokenSystemApplication in 4.907 seconds (process running for 5.212)
2026-05-21 11:12:12.828 [34mINFO [0;39m [RMI TCP Connection(3)-192.168.10.101][N/A] [36morg.springframework.web.servlet.DispatcherServlet[0;39m - Initializing Servlet 'dispatcherServlet'
2026-05-21 11:12:12.831 [34mINFO [0;39m [RMI TCP Connection(3)-192.168.10.101][N/A] [36morg.springframework.web.servlet.DispatcherServlet[0;39m - Completed initialization in 3 ms
2026-05-21 11:12:19.842 [34mINFO [0;39m [http-nio-8080-exec-7][N/A] [36mcom.ai.system.util.tyy.TyySignUtil[0;39m - 【请求天翼云网关服务:url:https://aigw-global.ctapi.ctyun.cn/v1/tokenUsage/query,method:POST,body:{"groupBy":0,"startTime":"2026-05-01 00:00:00","endTime":"2026-05-21 00:00:00"}】
2026-05-21 11:12:19.844 [34mINFO [0;39m [http-nio-8080-exec-7][N/A] [36mcom.ai.system.util.tyy.TyySignUtil[0;39m - 【请求天翼云网关服务请求体:{}】
2026-05-21 11:12:21.008 [34mINFO [0;39m [http-nio-8080-exec-7][N/A] [36mcom.ai.system.util.tyy.TyySignUtil[0;39m - 【请求天翼云网关服务响应体:{"returnObj":[],"message":"success","statusCode":200}】
2026-05-21 11:12:21.013 [1;31mERROR[0;39m [http-nio-8080-exec-7][N/A] [36mo.a.catalina.core.ContainerBase.[Tomcat].[localhost].[/].[dispatcherServlet][0;39m - Servlet.service() for servlet [dispatcherServlet] in context with path [] threw exception [Request processing failed: java.lang.NullPointerException] with root cause
java.lang.NullPointerException: null
	at java.base/java.util.stream.ReferencePipeline$5$1.accept(ReferencePipeline.java:231)
	at java.base/java.util.ArrayList$ArrayListSpliterator.forEachRemaining(ArrayList.java:1625)
	at java.base/java.util.stream.AbstractPipeline.copyInto(AbstractPipeline.java:509)
	at java.base/java.util.stream.AbstractPipeline.wrapAndCopyInto(AbstractPipeline.java:499)
	at java.base/java.util.stream.ReduceOps$ReduceOp.evaluateSequential(ReduceOps.java:921)
	at java.base/java.util.stream.AbstractPipeline.evaluate(AbstractPipeline.java:234)
	at java.base/java.util.stream.LongPipeline.reduce(LongPipeline.java:498)
	at java.base/java.util.stream.LongPipeline.sum(LongPipeline.java:456)
	at com.ai.system.service.impl.DashboardServiceImpl.buildStats(DashboardServiceImpl.java:48)
	at com.ai.system.service.impl.DashboardServiceImpl.getAdminStats(DashboardServiceImpl.java:32)
2026-05-21 11:12:34.616 [31mWARN [0;39m [RMI TCP Connection(5)-192.168.10.101][N/A] [36morg.springframework.boot.actuate.mail.MailHealthIndicator[0;39m - Mail health check failed
org.eclipse.angus.mail.util.MailConnectException: Couldn't connect to host, port: smtp.gmail.com, 587; timeout -1
	at org.eclipse.angus.mail.smtp.SMTPTransport.openServer(SMTPTransport.java:2243)
	at org.eclipse.angus.mail.smtp.SMTPTransport.protocolConnect(SMTPTransport.java:729)
	at jakarta.mail.Service.connect(Service.java:345)
	at org.springframework.mail.javamail.JavaMailSenderImpl.connectTransport(JavaMailSenderImpl.java:480)
	at org.springframework.mail.javamail.JavaMailSenderImpl.testConnection(JavaMailSenderImpl.java:360)
	at org.springframework.boot.actuate.mail.MailHealthIndicator.doHealthCheck(MailHealthIndicator.java:52)
	at org.springframework.boot.actuate.health.AbstractHealthIndicator.health(AbstractHealthIndicator.java:82)
	at org.springframework.boot.actuate.health.HealthIndicator.getHealth(HealthIndicator.java:37)
	at org.springframework.boot.actuate.health.HealthEndpoint.getHealth(HealthEndpoint.java:82)
	at org.springframework.boot.actuate.health.HealthEndpoint.getHealth(HealthEndpoint.java:41)
Caused by: java.net.ConnectException: Connection timed out: connect
	at java.base/sun.nio.ch.Net.connect0(Native Method)
	at java.base/sun.nio.ch.Net.connect(Net.java:579)
	at java.base/sun.nio.ch.Net.connect(Net.java:568)
	at java.base/sun.nio.ch.NioSocketImpl.connect(NioSocketImpl.java:593)
	at java.base/java.net.SocksSocketImpl.connect(SocksSocketImpl.java:327)
	at java.base/java.net.Socket.connect(Socket.java:633)
	at java.base/java.net.Socket.connect(Socket.java:583)
	at org.eclipse.angus.mail.util.SocketFetcher.createSocket(SocketFetcher.java:368)
	at org.eclipse.angus.mail.util.SocketFetcher.getSocket(SocketFetcher.java:243)
	at org.eclipse.angus.mail.smtp.SMTPTransport.openServer(SMTPTransport.java:2193)
2026-05-21 11:12:34.618 [31mWARN [0;39m [RMI TCP Connection(5)-192.168.10.101][N/A] [36morg.springframework.boot.actuate.health.HealthEndpointSupport[0;39m - Health contributor org.springframework.boot.actuate.mail.MailHealthIndicator (mail) took 21089ms to respond
2026-05-21 11:13:28.657 [34mINFO [0;39m [SpringApplicationShutdownHook][N/A] [36mcom.alibaba.druid.pool.DruidDataSource[0;39m - {dataSource-1} closing ...
2026-05-21 11:13:28.659 [34mINFO [0;39m [SpringApplicationShutdownHook][N/A] [36mcom.alibaba.druid.pool.DruidDataSource[0;39m - {dataSource-1} closed
2026-05-21 11:13:31.036 [34mINFO [0;39m [background-preinit][N/A] [36morg.hibernate.validator.internal.util.Version[0;39m - HV000001: Hibernate Validator 8.0.1.Final
2026-05-21 11:13:31.055 [34mINFO [0;39m [main][N/A] [36mcom.ai.system.AiTokenSystemApplication[0;39m - Starting AiTokenSystemApplication using Java 17.0.14 with PID 13116 (D:\java_projects\ai-token-system\target\classes started by Administrator in D:\java_projects\ai-token-system)
2026-05-21 11:13:31.056 [34mINFO [0;39m [main][N/A] [36mcom.ai.system.AiTokenSystemApplication[0;39m - No active profile set, falling back to 1 default profile: "default"
2026-05-21 11:13:31.611 [34mINFO [0;39m [main][N/A] [36morg.springframework.data.repository.config.RepositoryConfigurationDelegate[0;39m - Multiple Spring Data modules found, entering strict repository configuration mode
2026-05-21 11:13:31.613 [34mINFO [0;39m [main][N/A] [36morg.springframework.data.repository.config.RepositoryConfigurationDelegate[0;39m - Bootstrapping Spring Data Redis repositories in DEFAULT mode.
2026-05-21 11:13:31.635 [34mINFO [0;39m [main][N/A] [36morg.springframework.data.repository.config.RepositoryConfigurationDelegate[0;39m - Finished Spring Data repository scanning in 14 ms. Found 0 Redis repository interfaces.
2026-05-21 11:13:31.775 [34mINFO [0;39m [main][N/A] [36mc.u.j.configuration.EnableEncryptablePropertiesBeanFactoryPostProcessor[0;39m - Post-processing PropertySource instances
2026-05-21 11:13:31.775 [34mINFO [0;39m [main][N/A] [36mcom.ulisesbocchio.jasyptspringboot.EncryptablePropertySourceConverter[0;39m - Skipping PropertySource configurationProperties [class org.springframework.boot.context.properties.source.ConfigurationPropertySourcesPropertySource
2026-05-21 11:13:31.775 [34mINFO [0;39m [main][N/A] [36mcom.ulisesbocchio.jasyptspringboot.EncryptablePropertySourceConverter[0;39m - Skipping PropertySource servletConfigInitParams [class org.springframework.core.env.PropertySource$StubPropertySource
2026-05-21 11:13:31.775 [34mINFO [0;39m [main][N/A] [36mcom.ulisesbocchio.jasyptspringboot.EncryptablePropertySourceConverter[0;39m - Skipping PropertySource servletContextInitParams [class org.springframework.core.env.PropertySource$StubPropertySource
2026-05-21 11:13:31.775 [34mINFO [0;39m [main][N/A] [36mcom.ulisesbocchio.jasyptspringboot.EncryptablePropertySourceConverter[0;39m - Converting PropertySource systemProperties [org.springframework.core.env.PropertiesPropertySource] to EncryptableMapPropertySourceWrapper
2026-05-21 11:13:31.776 [34mINFO [0;39m [main][N/A] [36mcom.ulisesbocchio.jasyptspringboot.EncryptablePropertySourceConverter[0;39m - Converting PropertySource systemEnvironment [org.springframework.boot.env.SystemEnvironmentPropertySourceEnvironmentPostProcessor$OriginAwareSystemEnvironmentPropertySource] to EncryptableSystemEnvironmentPropertySourceWrapper
2026-05-21 11:13:31.776 [34mINFO [0;39m [main][N/A] [36mcom.ulisesbocchio.jasyptspringboot.EncryptablePropertySourceConverter[0;39m - Converting PropertySource random [org.springframework.boot.env.RandomValuePropertySource] to EncryptablePropertySourceWrapper
2026-05-21 11:13:31.776 [34mINFO [0;39m [main][N/A] [36mcom.ulisesbocchio.jasyptspringboot.EncryptablePropertySourceConverter[0;39m - Converting PropertySource Config resource 'class path resource [application.yml]' via location 'optional:classpath:/' [org.springframework.boot.env.OriginTrackedMapPropertySource] to EncryptableMapPropertySourceWrapper
2026-05-21 11:13:32.011 [34mINFO [0;39m [main][N/A] [36morg.springframework.boot.web.embedded.tomcat.TomcatWebServer[0;39m - Tomcat initialized with port 8080 (http)
2026-05-21 11:13:32.055 [34mINFO [0;39m [main][N/A] [36morg.springframework.boot.web.servlet.context.ServletWebServerApplicationContext[0;39m - Root WebApplicationContext: initialization completed in 978 ms
2026-05-21 11:13:32.128 [34mINFO [0;39m [main][N/A] [36mcom.ulisesbocchio.jasyptspringboot.filter.DefaultLazyPropertyFilter[0;39m - Property Filter custom Bean not found with name 'encryptablePropertyFilter'. Initializing Default Property Filter
2026-05-21 11:13:32.132 [34mINFO [0;39m [main][N/A] [36mcom.ulisesbocchio.jasyptspringboot.resolver.DefaultLazyPropertyResolver[0;39m - Property Resolver custom Bean not found with name 'encryptablePropertyResolver'. Initializing Default Property Resolver
2026-05-21 11:13:32.133 [34mINFO [0;39m [main][N/A] [36mcom.ulisesbocchio.jasyptspringboot.detector.DefaultLazyPropertyDetector[0;39m - Property Detector custom Bean not found with name 'encryptablePropertyDetector'. Initializing Default Property Detector
2026-05-21 11:13:32.190 [34mINFO [0;39m [main][N/A] [36morg.redisson.Version[0;39m - Redisson 3.36.0
2026-05-21 11:13:32.448 [34mINFO [0;39m [redisson-netty-1-4][N/A] [36morg.redisson.connection.ConnectionsHolder[0;39m - 1 connections initialized for 49.232.190.146/49.232.190.146:6379
2026-05-21 11:13:34.634 [34mINFO [0;39m [redisson-netty-1-19][N/A] [36morg.redisson.connection.ConnectionsHolder[0;39m - 24 connections initialized for 49.232.190.146/49.232.190.146:6379
2026-05-21 11:13:34.724 [34mINFO [0;39m [main][N/A] [36mcom.alibaba.druid.spring.boot3.autoconfigure.DruidDataSourceAutoConfigure[0;39m - Init DruidDataSource
2026-05-21 11:13:34.769 [34mINFO [0;39m [main][N/A] [36mcom.alibaba.druid.pool.DruidDataSource[0;39m - {dataSource-1} inited
2026-05-21 11:13:35.405 [34mINFO [0;39m [main][N/A] [36morg.springframework.boot.actuate.endpoint.web.EndpointLinksResolver[0;39m - Exposing 1 endpoint beneath base path '/actuator'
2026-05-21 11:13:35.654 [34mINFO [0;39m [main][N/A] [36morg.springframework.boot.web.embedded.tomcat.TomcatWebServer[0;39m - Tomcat started on port 8080 (http) with context path '/'
2026-05-21 11:13:35.655 [34mINFO [0;39m [main][N/A] [36mcom.ulisesbocchio.jasyptspringboot.caching.RefreshScopeRefreshedEventListener[0;39m - Refreshing cached encryptable property sources on ServletWebServerInitializedEvent
2026-05-21 11:13:35.655 [34mINFO [0;39m [main][N/A] [36mc.u.jasyptspringboot.caching.CachingDelegateEncryptablePropertySource[0;39m - Property Source systemProperties refreshed
2026-05-21 11:13:35.655 [34mINFO [0;39m [main][N/A] [36mc.u.jasyptspringboot.caching.CachingDelegateEncryptablePropertySource[0;39m - Property Source systemEnvironment refreshed
2026-05-21 11:13:35.655 [34mINFO [0;39m [main][N/A] [36mc.u.jasyptspringboot.caching.CachingDelegateEncryptablePropertySource[0;39m - Property Source random refreshed
2026-05-21 11:13:35.655 [34mINFO [0;39m [main][N/A] [36mc.u.jasyptspringboot.caching.CachingDelegateEncryptablePropertySource[0;39m - Property Source Config resource 'class path resource [application.yml]' via location 'optional:classpath:/' refreshed
2026-05-21 11:13:35.655 [34mINFO [0;39m [main][N/A] [36mcom.ulisesbocchio.jasyptspringboot.EncryptablePropertySourceConverter[0;39m - Skipping PropertySource configurationProperties [class org.springframework.boot.context.properties.source.ConfigurationPropertySourcesPropertySource
2026-05-21 11:13:35.655 [34mINFO [0;39m [main][N/A] [36mcom.ulisesbocchio.jasyptspringboot.EncryptablePropertySourceConverter[0;39m - Skipping PropertySource servletConfigInitParams [class org.springframework.core.env.PropertySource$StubPropertySource
2026-05-21 11:13:35.655 [34mINFO [0;39m [main][N/A] [36mcom.ulisesbocchio.jasyptspringboot.EncryptablePropertySourceConverter[0;39m - Converting PropertySource servletContextInitParams [org.springframework.web.context.support.ServletContextPropertySource] to EncryptableEnumerablePropertySourceWrapper
2026-05-21 11:13:35.655 [34mINFO [0;39m [main][N/A] [36mcom.ulisesbocchio.jasyptspringboot.EncryptablePropertySourceConverter[0;39m - Converting PropertySource Management Server [org.springframework.boot.actuate.autoconfigure.web.server.ManagementContextAutoConfiguration$SameManagementContextConfiguration$1] to EncryptablePropertySourceWrapper
2026-05-21 11:13:35.664 [34mINFO [0;39m [main][N/A] [36mcom.ai.system.AiTokenSystemApplication[0;39m - Started AiTokenSystemApplication in 4.871 seconds (process running for 5.193)
2026-05-21 11:13:36.150 [34mINFO [0;39m [RMI TCP Connection(4)-192.168.10.101][N/A] [36morg.springframework.web.servlet.DispatcherServlet[0;39m - Initializing Servlet 'dispatcherServlet'
2026-05-21 11:13:36.151 [34mINFO [0;39m [RMI TCP Connection(4)-192.168.10.101][N/A] [36morg.springframework.web.servlet.DispatcherServlet[0;39m - Completed initialization in 1 ms
2026-05-21 11:13:43.047 [34mINFO [0;39m [http-nio-8080-exec-9][1ff897479d05458991c650f2c86ee5a6] [36mcom.ai.system.util.tyy.TyySignUtil[0;39m - 【请求天翼云网关服务:url:https://aigw-global.ctapi.ctyun.cn/v1/tokenUsage/query,method:POST,body:{"groupBy":0,"startTime":"2026-05-01 00:00:00","endTime":"2026-05-21 00:00:00"}】
2026-05-21 11:13:43.049 [34mINFO [0;39m [http-nio-8080-exec-9][1ff897479d05458991c650f2c86ee5a6] [36mcom.ai.system.util.tyy.TyySignUtil[0;39m - 【请求天翼云网关服务请求体:{}】
2026-05-21 11:13:44.116 [34mINFO [0;39m [http-nio-8080-exec-9][1ff897479d05458991c650f2c86ee5a6] [36mcom.ai.system.util.tyy.TyySignUtil[0;39m - 【请求天翼云网关服务响应体:{"returnObj":[],"message":"success","statusCode":200}】
2026-05-21 11:13:44.122 [1;31mERROR[0;39m [http-nio-8080-exec-9][N/A] [36mo.a.catalina.core.ContainerBase.[Tomcat].[localhost].[/].[dispatcherServlet][0;39m - Servlet.service() for servlet [dispatcherServlet] in context with path [] threw exception [Request processing failed: java.lang.NullPointerException] with root cause
java.lang.NullPointerException: null
	at java.base/java.util.stream.ReferencePipeline$5$1.accept(ReferencePipeline.java:231)
	at java.base/java.util.ArrayList$ArrayListSpliterator.forEachRemaining(ArrayList.java:1625)
	at java.base/java.util.stream.AbstractPipeline.copyInto(AbstractPipeline.java:509)
	at java.base/java.util.stream.AbstractPipeline.wrapAndCopyInto(AbstractPipeline.java:499)
	at java.base/java.util.stream.ReduceOps$ReduceOp.evaluateSequential(ReduceOps.java:921)
	at java.base/java.util.stream.AbstractPipeline.evaluate(AbstractPipeline.java:234)
	at java.base/java.util.stream.LongPipeline.reduce(LongPipeline.java:498)
	at java.base/java.util.stream.LongPipeline.sum(LongPipeline.java:456)
	at com.ai.system.service.impl.DashboardServiceImpl.buildStats(DashboardServiceImpl.java:48)
	at com.ai.system.service.impl.DashboardServiceImpl.getAdminStats(DashboardServiceImpl.java:32)
2026-05-21 11:13:57.882 [31mWARN [0;39m [RMI TCP Connection(3)-192.168.10.101][N/A] [36morg.springframework.boot.actuate.mail.MailHealthIndicator[0;39m - Mail health check failed
org.eclipse.angus.mail.util.MailConnectException: Couldn't connect to host, port: smtp.gmail.com, 587; timeout -1
	at org.eclipse.angus.mail.smtp.SMTPTransport.openServer(SMTPTransport.java:2243)
	at org.eclipse.angus.mail.smtp.SMTPTransport.protocolConnect(SMTPTransport.java:729)
	at jakarta.mail.Service.connect(Service.java:345)
	at org.springframework.mail.javamail.JavaMailSenderImpl.connectTransport(JavaMailSenderImpl.java:480)
	at org.springframework.mail.javamail.JavaMailSenderImpl.testConnection(JavaMailSenderImpl.java:360)
	at org.springframework.boot.actuate.mail.MailHealthIndicator.doHealthCheck(MailHealthIndicator.java:52)
	at org.springframework.boot.actuate.health.AbstractHealthIndicator.health(AbstractHealthIndicator.java:82)
	at org.springframework.boot.actuate.health.HealthIndicator.getHealth(HealthIndicator.java:37)
	at org.springframework.boot.actuate.health.HealthEndpoint.getHealth(HealthEndpoint.java:82)
	at org.springframework.boot.actuate.health.HealthEndpoint.getHealth(HealthEndpoint.java:41)
Caused by: java.net.ConnectException: Connection timed out: connect
	at java.base/sun.nio.ch.Net.connect0(Native Method)
	at java.base/sun.nio.ch.Net.connect(Net.java:579)
	at java.base/sun.nio.ch.Net.connect(Net.java:568)
	at java.base/sun.nio.ch.NioSocketImpl.connect(NioSocketImpl.java:593)
	at java.base/java.net.SocksSocketImpl.connect(SocksSocketImpl.java:327)
	at java.base/java.net.Socket.connect(Socket.java:633)
	at java.base/java.net.Socket.connect(Socket.java:583)
	at org.eclipse.angus.mail.util.SocketFetcher.createSocket(SocketFetcher.java:368)
	at org.eclipse.angus.mail.util.SocketFetcher.getSocket(SocketFetcher.java:243)
	at org.eclipse.angus.mail.smtp.SMTPTransport.openServer(SMTPTransport.java:2193)
2026-05-21 11:13:57.883 [31mWARN [0;39m [RMI TCP Connection(3)-192.168.10.101][N/A] [36morg.springframework.boot.actuate.health.HealthEndpointSupport[0;39m - Health contributor org.springframework.boot.actuate.mail.MailHealthIndicator (mail) took 21068ms to respond
2026-05-21 11:15:00.760 [1;31mERROR[0;39m [http-nio-8080-exec-8][N/A] [36mo.a.catalina.core.ContainerBase.[Tomcat].[localhost].[/].[dispatcherServlet][0;39m - Servlet.service() for servlet [dispatcherServlet] in context with path [] threw exception [Request processing failed: org.springframework.jdbc.BadSqlGrammarException: 
### Error querying database.  Cause: java.sql.SQLSyntaxErrorException: Table 'ai_token.ai_token_apikey' doesn't exist
### The error may exist in com/ai/system/mapper/ApiKeyMapper.java (best guess)
### The error may involve defaultParameterMap
### The error occurred while setting parameters
### SQL: SELECT COUNT(*) AS total FROM ai_token_apikey
### Cause: java.sql.SQLSyntaxErrorException: Table 'ai_token.ai_token_apikey' doesn't exist
; bad SQL grammar []] with root cause
java.sql.SQLSyntaxErrorException: Table 'ai_token.ai_token_apikey' doesn't exist
	at com.mysql.cj.jdbc.exceptions.SQLError.createSQLException(SQLError.java:121)
	at com.mysql.cj.jdbc.exceptions.SQLExceptionsMapping.translateException(SQLExceptionsMapping.java:122)
	at com.mysql.cj.jdbc.ClientPreparedStatement.executeInternal(ClientPreparedStatement.java:916)
	at com.mysql.cj.jdbc.ClientPreparedStatement.execute(ClientPreparedStatement.java:354)
	at com.alibaba.druid.pool.DruidPooledPreparedStatement.execute(DruidPooledPreparedStatement.java:483)
	at java.base/jdk.internal.reflect.NativeMethodAccessorImpl.invoke0(Native Method)
	at java.base/jdk.internal.reflect.NativeMethodAccessorImpl.invoke(NativeMethodAccessorImpl.java:77)
	at java.base/jdk.internal.reflect.DelegatingMethodAccessorImpl.invoke(DelegatingMethodAccessorImpl.java:43)
	at java.base/java.lang.reflect.Method.invoke(Method.java:568)
	at org.apache.ibatis.logging.jdbc.PreparedStatementLogger.invoke(PreparedStatementLogger.java:58)
2026-05-21 11:15:02.305 [34mINFO [0;39m [http-nio-8080-exec-3][300b0eecd9d74c2a981970f83822e6bb] [36mcom.ai.system.util.tyy.TyySignUtil[0;39m - 【请求天翼云网关服务:url:https://aigw-global.ctapi.ctyun.cn/v1/tokenUsage/query,method:POST,body:{"groupBy":0,"startTime":"2026-05-01 00:00:00","endTime":"2026-05-21 23:59:59"}】
2026-05-21 11:15:02.305 [34mINFO [0;39m [http-nio-8080-exec-3][300b0eecd9d74c2a981970f83822e6bb] [36mcom.ai.system.util.tyy.TyySignUtil[0;39m - 【请求天翼云网关服务请求体:{}】
2026-05-21 11:15:03.572 [34mINFO [0;39m [http-nio-8080-exec-3][300b0eecd9d74c2a981970f83822e6bb] [36mcom.ai.system.util.tyy.TyySignUtil[0;39m - 【请求天翼云网关服务响应体:{"returnObj":[],"message":"success","statusCode":200}】
2026-05-21 12:01:31.822 [34mINFO [0;39m [http-nio-8080-exec-5][189ae9d1cc2344269542add820cc33ef] [36mcom.ai.system.util.tyy.TyySignUtil[0;39m - 【请求天翼云网关服务:url:https://aigw-global.ctapi.ctyun.cn/v1/tokenUsage/query,method:POST,body:{"groupBy":0,"startTime":"2026-05-01 00:00:00","endTime":"2026-05-21 23:59:59"}】
2026-05-21 12:01:31.824 [34mINFO [0;39m [http-nio-8080-exec-5][189ae9d1cc2344269542add820cc33ef] [36mcom.ai.system.util.tyy.TyySignUtil[0;39m - 【请求天翼云网关服务请求体:{}】
2026-05-21 12:01:32.029 [1;31mERROR[0;39m [http-nio-8080-exec-4][N/A] [36mo.a.catalina.core.ContainerBase.[Tomcat].[localhost].[/].[dispatcherServlet][0;39m - Servlet.service() for servlet [dispatcherServlet] in context with path [] threw exception [Request processing failed: org.springframework.jdbc.BadSqlGrammarException: 
### Error querying database.  Cause: java.sql.SQLSyntaxErrorException: You have an error in your SQL syntax; check the manual that corresponds to your MySQL server version for the right syntax to use near ')' at line 1
### The error may exist in com/ai/system/mapper/UserMapper.java (best guess)
### The error may involve defaultParameterMap
### The error occurred while setting parameters
### SQL: SELECT id,username,password,phone,email,role,status,create_time,update_time FROM ai_token_user WHERE id IN ( )
### Cause: java.sql.SQLSyntaxErrorException: You have an error in your SQL syntax; check the manual that corresponds to your MySQL server version for the right syntax to use near ')' at line 1
; bad SQL grammar []] with root cause
java.sql.SQLSyntaxErrorException: You have an error in your SQL syntax; check the manual that corresponds to your MySQL server version for the right syntax to use near ')' at line 1
	at com.mysql.cj.jdbc.exceptions.SQLError.createSQLException(SQLError.java:121)
	at com.mysql.cj.jdbc.exceptions.SQLExceptionsMapping.translateException(SQLExceptionsMapping.java:122)
	at com.mysql.cj.jdbc.ClientPreparedStatement.executeInternal(ClientPreparedStatement.java:916)
	at com.mysql.cj.jdbc.ClientPreparedStatement.execute(ClientPreparedStatement.java:354)
	at com.alibaba.druid.pool.DruidPooledPreparedStatement.execute(DruidPooledPreparedStatement.java:483)
	at java.base/jdk.internal.reflect.NativeMethodAccessorImpl.invoke0(Native Method)
	at java.base/jdk.internal.reflect.NativeMethodAccessorImpl.invoke(NativeMethodAccessorImpl.java:77)
	at java.base/jdk.internal.reflect.DelegatingMethodAccessorImpl.invoke(DelegatingMethodAccessorImpl.java:43)
	at java.base/java.lang.reflect.Method.invoke(Method.java:568)
	at org.apache.ibatis.logging.jdbc.PreparedStatementLogger.invoke(PreparedStatementLogger.java:58)
2026-05-21 12:01:33.144 [34mINFO [0;39m [http-nio-8080-exec-5][189ae9d1cc2344269542add820cc33ef] [36mcom.ai.system.util.tyy.TyySignUtil[0;39m - 【请求天翼云网关服务响应体:{"returnObj":[],"message":"success","statusCode":200}】
2026-05-21 12:01:39.512 [34mINFO [0;39m [http-nio-8080-exec-1][30eb652f0fbf457596997262bbb62ab3] [36mcom.ai.system.util.tyy.TyySignUtil[0;39m - 【请求天翼云网关服务:url:https://aigw-global.ctapi.ctyun.cn/v1/tokenUsage/query,method:POST,body:{"groupBy":0,"startTime":"2026-05-01 00:00:00","endTime":"2026-05-21 00:00:00"}】
2026-05-21 12:01:39.512 [34mINFO [0;39m [http-nio-8080-exec-1][30eb652f0fbf457596997262bbb62ab3] [36mcom.ai.system.util.tyy.TyySignUtil[0;39m - 【请求天翼云网关服务请求体:{}】
2026-05-21 12:01:40.275 [34mINFO [0;39m [http-nio-8080-exec-1][30eb652f0fbf457596997262bbb62ab3] [36mcom.ai.system.util.tyy.TyySignUtil[0;39m - 【请求天翼云网关服务响应体:{"returnObj":[],"message":"success","statusCode":200}】
2026-05-21 12:01:40.276 [1;31mERROR[0;39m [http-nio-8080-exec-1][N/A] [36mo.a.catalina.core.ContainerBase.[Tomcat].[localhost].[/].[dispatcherServlet][0;39m - Servlet.service() for servlet [dispatcherServlet] in context with path [] threw exception [Request processing failed: java.lang.NullPointerException] with root cause
java.lang.NullPointerException: null
	at java.base/java.util.stream.ReferencePipeline$5$1.accept(ReferencePipeline.java:231)
	at java.base/java.util.ArrayList$ArrayListSpliterator.forEachRemaining(ArrayList.java:1625)
	at java.base/java.util.stream.AbstractPipeline.copyInto(AbstractPipeline.java:509)
	at java.base/java.util.stream.AbstractPipeline.wrapAndCopyInto(AbstractPipeline.java:499)
	at java.base/java.util.stream.ReduceOps$ReduceOp.evaluateSequential(ReduceOps.java:921)
	at java.base/java.util.stream.AbstractPipeline.evaluate(AbstractPipeline.java:234)
	at java.base/java.util.stream.LongPipeline.reduce(LongPipeline.java:498)
	at java.base/java.util.stream.LongPipeline.sum(LongPipeline.java:456)
	at com.ai.system.service.impl.DashboardServiceImpl.buildStats(DashboardServiceImpl.java:48)
	at com.ai.system.service.impl.DashboardServiceImpl.getAdminStats(DashboardServiceImpl.java:32)
2026-05-21 12:01:41.929 [34mINFO [0;39m [http-nio-8080-exec-6][0463b806ef5544bc8bd20540bff1ba04] [36mcom.ai.system.util.tyy.TyySignUtil[0;39m - 【请求天翼云网关服务:url:https://aigw-global.ctapi.ctyun.cn/v1/tokenUsage/query,method:POST,body:{"groupBy":0,"startTime":"2026-05-01 00:00:00","endTime":"2026-05-21 23:59:59"}】
2026-05-21 12:01:41.930 [34mINFO [0;39m [http-nio-8080-exec-6][0463b806ef5544bc8bd20540bff1ba04] [36mcom.ai.system.util.tyy.TyySignUtil[0;39m - 【请求天翼云网关服务请求体:{}】
2026-05-21 12:01:42.696 [34mINFO [0;39m [http-nio-8080-exec-6][0463b806ef5544bc8bd20540bff1ba04] [36mcom.ai.system.util.tyy.TyySignUtil[0;39m - 【请求天翼云网关服务响应体:{"returnObj":[],"message":"success","statusCode":200}】
2026-05-21 12:01:47.142 [34mINFO [0;39m [http-nio-8080-exec-8][f9ac96ead37b4225bbc51fad9d8a06aa] [36mcom.ai.system.util.tyy.TyySignUtil[0;39m - 【请求天翼云网关服务:url:https://aigw-global.ctapi.ctyun.cn/v1/tokenUsage/query,method:POST,body:{"groupBy":0,"startTime":"2026-05-01 00:00:00","endTime":"2026-05-21 00:00:00"}】
2026-05-21 12:01:47.142 [34mINFO [0;39m [http-nio-8080-exec-8][f9ac96ead37b4225bbc51fad9d8a06aa] [36mcom.ai.system.util.tyy.TyySignUtil[0;39m - 【请求天翼云网关服务请求体:{}】
2026-05-21 12:01:47.735 [34mINFO [0;39m [http-nio-8080-exec-8][f9ac96ead37b4225bbc51fad9d8a06aa] [36mcom.ai.system.util.tyy.TyySignUtil[0;39m - 【请求天翼云网关服务响应体:{"returnObj":[],"message":"success","statusCode":200}】
2026-05-21 12:01:47.736 [1;31mERROR[0;39m [http-nio-8080-exec-8][N/A] [36mo.a.catalina.core.ContainerBase.[Tomcat].[localhost].[/].[dispatcherServlet][0;39m - Servlet.service() for servlet [dispatcherServlet] in context with path [] threw exception [Request processing failed: java.lang.NullPointerException] with root cause
java.lang.NullPointerException: null
	at java.base/java.util.stream.ReferencePipeline$5$1.accept(ReferencePipeline.java:231)
	at java.base/java.util.ArrayList$ArrayListSpliterator.forEachRemaining(ArrayList.java:1625)
	at java.base/java.util.stream.AbstractPipeline.copyInto(AbstractPipeline.java:509)
	at java.base/java.util.stream.AbstractPipeline.wrapAndCopyInto(AbstractPipeline.java:499)
	at java.base/java.util.stream.ReduceOps$ReduceOp.evaluateSequential(ReduceOps.java:921)
	at java.base/java.util.stream.AbstractPipeline.evaluate(AbstractPipeline.java:234)
	at java.base/java.util.stream.LongPipeline.reduce(LongPipeline.java:498)
	at java.base/java.util.stream.LongPipeline.sum(LongPipeline.java:456)
	at com.ai.system.service.impl.DashboardServiceImpl.buildStats(DashboardServiceImpl.java:48)
	at com.ai.system.service.impl.DashboardServiceImpl.getAdminStats(DashboardServiceImpl.java:32)
2026-05-21 12:25:29.383 [34mINFO [0;39m [background-preinit][N/A] [36morg.hibernate.validator.internal.util.Version[0;39m - HV000001: Hibernate Validator 8.0.1.Final
2026-05-21 12:25:29.406 [34mINFO [0;39m [main][N/A] [36mcom.ai.system.AiTokenSystemApplication[0;39m - Starting AiTokenSystemApplication using Java 17.0.14 with PID 15348 (D:\java_projects\ai-token-system\target\classes started by Administrator in D:\java_projects\ai-token-system)
2026-05-21 12:25:29.406 [34mINFO [0;39m [main][N/A] [36mcom.ai.system.AiTokenSystemApplication[0;39m - No active profile set, falling back to 1 default profile: "default"
2026-05-21 12:25:30.373 [34mINFO [0;39m [main][N/A] [36morg.springframework.data.repository.config.RepositoryConfigurationDelegate[0;39m - Multiple Spring Data modules found, entering strict repository configuration mode
2026-05-21 12:25:30.374 [34mINFO [0;39m [main][N/A] [36morg.springframework.data.repository.config.RepositoryConfigurationDelegate[0;39m - Bootstrapping Spring Data Redis repositories in DEFAULT mode.
2026-05-21 12:25:30.393 [34mINFO [0;39m [main][N/A] [36morg.springframework.data.repository.config.RepositoryConfigurationDelegate[0;39m - Finished Spring Data repository scanning in 14 ms. Found 0 Redis repository interfaces.
2026-05-21 12:25:30.524 [34mINFO [0;39m [main][N/A] [36mc.u.j.configuration.EnableEncryptablePropertiesBeanFactoryPostProcessor[0;39m - Post-processing PropertySource instances
2026-05-21 12:25:30.524 [34mINFO [0;39m [main][N/A] [36mcom.ulisesbocchio.jasyptspringboot.EncryptablePropertySourceConverter[0;39m - Skipping PropertySource configurationProperties [class org.springframework.boot.context.properties.source.ConfigurationPropertySourcesPropertySource
2026-05-21 12:25:30.524 [34mINFO [0;39m [main][N/A] [36mcom.ulisesbocchio.jasyptspringboot.EncryptablePropertySourceConverter[0;39m - Skipping PropertySource servletConfigInitParams [class org.springframework.core.env.PropertySource$StubPropertySource
2026-05-21 12:25:30.524 [34mINFO [0;39m [main][N/A] [36mcom.ulisesbocchio.jasyptspringboot.EncryptablePropertySourceConverter[0;39m - Skipping PropertySource servletContextInitParams [class org.springframework.core.env.PropertySource$StubPropertySource
2026-05-21 12:25:30.525 [34mINFO [0;39m [main][N/A] [36mcom.ulisesbocchio.jasyptspringboot.EncryptablePropertySourceConverter[0;39m - Converting PropertySource systemProperties [org.springframework.core.env.PropertiesPropertySource] to EncryptableMapPropertySourceWrapper
2026-05-21 12:25:30.525 [34mINFO [0;39m [main][N/A] [36mcom.ulisesbocchio.jasyptspringboot.EncryptablePropertySourceConverter[0;39m - Converting PropertySource systemEnvironment [org.springframework.boot.env.SystemEnvironmentPropertySourceEnvironmentPostProcessor$OriginAwareSystemEnvironmentPropertySource] to EncryptableSystemEnvironmentPropertySourceWrapper
2026-05-21 12:25:30.525 [34mINFO [0;39m [main][N/A] [36mcom.ulisesbocchio.jasyptspringboot.EncryptablePropertySourceConverter[0;39m - Converting PropertySource random [org.springframework.boot.env.RandomValuePropertySource] to EncryptablePropertySourceWrapper
2026-05-21 12:25:30.525 [34mINFO [0;39m [main][N/A] [36mcom.ulisesbocchio.jasyptspringboot.EncryptablePropertySourceConverter[0;39m - Converting PropertySource Config resource 'class path resource [application.yml]' via location 'optional:classpath:/' [org.springframework.boot.env.OriginTrackedMapPropertySource] to EncryptableMapPropertySourceWrapper
2026-05-21 12:25:30.746 [34mINFO [0;39m [main][N/A] [36morg.springframework.boot.web.embedded.tomcat.TomcatWebServer[0;39m - Tomcat initialized with port 8080 (http)
2026-05-21 12:25:30.793 [34mINFO [0;39m [main][N/A] [36morg.springframework.boot.web.servlet.context.ServletWebServerApplicationContext[0;39m - Root WebApplicationContext: initialization completed in 1361 ms
2026-05-21 12:25:30.857 [34mINFO [0;39m [main][N/A] [36mcom.ulisesbocchio.jasyptspringboot.filter.DefaultLazyPropertyFilter[0;39m - Property Filter custom Bean not found with name 'encryptablePropertyFilter'. Initializing Default Property Filter
2026-05-21 12:25:30.862 [34mINFO [0;39m [main][N/A] [36mcom.ulisesbocchio.jasyptspringboot.resolver.DefaultLazyPropertyResolver[0;39m - Property Resolver custom Bean not found with name 'encryptablePropertyResolver'. Initializing Default Property Resolver
2026-05-21 12:25:30.862 [34mINFO [0;39m [main][N/A] [36mcom.ulisesbocchio.jasyptspringboot.detector.DefaultLazyPropertyDetector[0;39m - Property Detector custom Bean not found with name 'encryptablePropertyDetector'. Initializing Default Property Detector
2026-05-21 12:25:30.916 [34mINFO [0;39m [main][N/A] [36morg.redisson.Version[0;39m - Redisson 3.36.0
2026-05-21 12:25:31.179 [34mINFO [0;39m [redisson-netty-1-4][N/A] [36morg.redisson.connection.ConnectionsHolder[0;39m - 1 connections initialized for 49.232.190.146/49.232.190.146:6379
2026-05-21 12:25:33.354 [34mINFO [0;39m [redisson-netty-1-19][N/A] [36morg.redisson.connection.ConnectionsHolder[0;39m - 24 connections initialized for 49.232.190.146/49.232.190.146:6379
2026-05-21 12:25:33.719 [34mINFO [0;39m [main][N/A] [36mcom.alibaba.druid.spring.boot3.autoconfigure.DruidDataSourceAutoConfigure[0;39m - Init DruidDataSource
2026-05-21 12:25:33.801 [34mINFO [0;39m [main][N/A] [36mcom.alibaba.druid.pool.DruidDataSource[0;39m - {dataSource-1} inited
2026-05-21 12:25:34.954 [34mINFO [0;39m [main][N/A] [36morg.springframework.boot.actuate.endpoint.web.EndpointLinksResolver[0;39m - Exposing 1 endpoint beneath base path '/actuator'
2026-05-21 12:25:35.438 [34mINFO [0;39m [main][N/A] [36morg.springframework.boot.web.embedded.tomcat.TomcatWebServer[0;39m - Tomcat started on port 8080 (http) with context path '/'
2026-05-21 12:25:35.441 [34mINFO [0;39m [main][N/A] [36mcom.ulisesbocchio.jasyptspringboot.caching.RefreshScopeRefreshedEventListener[0;39m - Refreshing cached encryptable property sources on ServletWebServerInitializedEvent
2026-05-21 12:25:35.441 [34mINFO [0;39m [main][N/A] [36mc.u.jasyptspringboot.caching.CachingDelegateEncryptablePropertySource[0;39m - Property Source systemProperties refreshed
2026-05-21 12:25:35.441 [34mINFO [0;39m [main][N/A] [36mc.u.jasyptspringboot.caching.CachingDelegateEncryptablePropertySource[0;39m - Property Source systemEnvironment refreshed
2026-05-21 12:25:35.441 [34mINFO [0;39m [main][N/A] [36mc.u.jasyptspringboot.caching.CachingDelegateEncryptablePropertySource[0;39m - Property Source random refreshed
2026-05-21 12:25:35.442 [34mINFO [0;39m [main][N/A] [36mc.u.jasyptspringboot.caching.CachingDelegateEncryptablePropertySource[0;39m - Property Source Config resource 'class path resource [application.yml]' via location 'optional:classpath:/' refreshed
2026-05-21 12:25:35.442 [34mINFO [0;39m [main][N/A] [36mcom.ulisesbocchio.jasyptspringboot.EncryptablePropertySourceConverter[0;39m - Skipping PropertySource configurationProperties [class org.springframework.boot.context.properties.source.ConfigurationPropertySourcesPropertySource
2026-05-21 12:25:35.442 [34mINFO [0;39m [main][N/A] [36mcom.ulisesbocchio.jasyptspringboot.EncryptablePropertySourceConverter[0;39m - Skipping PropertySource servletConfigInitParams [class org.springframework.core.env.PropertySource$StubPropertySource
2026-05-21 12:25:35.442 [34mINFO [0;39m [main][N/A] [36mcom.ulisesbocchio.jasyptspringboot.EncryptablePropertySourceConverter[0;39m - Converting PropertySource servletContextInitParams [org.springframework.web.context.support.ServletContextPropertySource] to EncryptableEnumerablePropertySourceWrapper
2026-05-21 12:25:35.442 [34mINFO [0;39m [main][N/A] [36mcom.ulisesbocchio.jasyptspringboot.EncryptablePropertySourceConverter[0;39m - Converting PropertySource Management Server [org.springframework.boot.actuate.autoconfigure.web.server.ManagementContextAutoConfiguration$SameManagementContextConfiguration$1] to EncryptablePropertySourceWrapper
2026-05-21 12:55:42.204 [34mINFO [0;39m [background-preinit][N/A] [36morg.hibernate.validator.internal.util.Version[0;39m - HV000001: Hibernate Validator 8.0.1.Final
2026-05-21 12:55:42.225 [34mINFO [0;39m [main][N/A] [36mcom.ai.system.AiTokenSystemApplication[0;39m - Starting AiTokenSystemApplication using Java 17.0.14 with PID 18980 (D:\java_projects\ai-token-system\target\classes started by Administrator in D:\java_projects\ai-token-system)
2026-05-21 12:55:42.225 [34mINFO [0;39m [main][N/A] [36mcom.ai.system.AiTokenSystemApplication[0;39m - No active profile set, falling back to 1 default profile: "default"
2026-05-21 12:55:43.250 [34mINFO [0;39m [main][N/A] [36morg.springframework.data.repository.config.RepositoryConfigurationDelegate[0;39m - Multiple Spring Data modules found, entering strict repository configuration mode
2026-05-21 12:55:43.252 [34mINFO [0;39m [main][N/A] [36morg.springframework.data.repository.config.RepositoryConfigurationDelegate[0;39m - Bootstrapping Spring Data Redis repositories in DEFAULT mode.
2026-05-21 12:55:43.279 [34mINFO [0;39m [main][N/A] [36morg.springframework.data.repository.config.RepositoryConfigurationDelegate[0;39m - Finished Spring Data repository scanning in 21 ms. Found 0 Redis repository interfaces.
2026-05-21 12:55:43.422 [34mINFO [0;39m [main][N/A] [36mc.u.j.configuration.EnableEncryptablePropertiesBeanFactoryPostProcessor[0;39m - Post-processing PropertySource instances
2026-05-21 12:55:43.422 [34mINFO [0;39m [main][N/A] [36mcom.ulisesbocchio.jasyptspringboot.EncryptablePropertySourceConverter[0;39m - Skipping PropertySource configurationProperties [class org.springframework.boot.context.properties.source.ConfigurationPropertySourcesPropertySource
2026-05-21 12:55:43.422 [34mINFO [0;39m [main][N/A] [36mcom.ulisesbocchio.jasyptspringboot.EncryptablePropertySourceConverter[0;39m - Skipping PropertySource servletConfigInitParams [class org.springframework.core.env.PropertySource$StubPropertySource
2026-05-21 12:55:43.422 [34mINFO [0;39m [main][N/A] [36mcom.ulisesbocchio.jasyptspringboot.EncryptablePropertySourceConverter[0;39m - Skipping PropertySource servletContextInitParams [class org.springframework.core.env.PropertySource$StubPropertySource
2026-05-21 12:55:43.423 [34mINFO [0;39m [main][N/A] [36mcom.ulisesbocchio.jasyptspringboot.EncryptablePropertySourceConverter[0;39m - Converting PropertySource systemProperties [org.springframework.core.env.PropertiesPropertySource] to EncryptableMapPropertySourceWrapper
2026-05-21 12:55:43.423 [34mINFO [0;39m [main][N/A] [36mcom.ulisesbocchio.jasyptspringboot.EncryptablePropertySourceConverter[0;39m - Converting PropertySource systemEnvironment [org.springframework.boot.env.SystemEnvironmentPropertySourceEnvironmentPostProcessor$OriginAwareSystemEnvironmentPropertySource] to EncryptableSystemEnvironmentPropertySourceWrapper
2026-05-21 12:55:43.423 [34mINFO [0;39m [main][N/A] [36mcom.ulisesbocchio.jasyptspringboot.EncryptablePropertySourceConverter[0;39m - Converting PropertySource random [org.springframework.boot.env.RandomValuePropertySource] to EncryptablePropertySourceWrapper
2026-05-21 12:55:43.423 [34mINFO [0;39m [main][N/A] [36mcom.ulisesbocchio.jasyptspringboot.EncryptablePropertySourceConverter[0;39m - Converting PropertySource Config resource 'class path resource [application.yml]' via location 'optional:classpath:/' [org.springframework.boot.env.OriginTrackedMapPropertySource] to EncryptableMapPropertySourceWrapper
2026-05-21 12:55:43.656 [34mINFO [0;39m [main][N/A] [36morg.springframework.boot.web.embedded.tomcat.TomcatWebServer[0;39m - Tomcat initialized with port 8080 (http)
2026-05-21 12:55:43.696 [34mINFO [0;39m [main][N/A] [36morg.springframework.boot.web.servlet.context.ServletWebServerApplicationContext[0;39m - Root WebApplicationContext: initialization completed in 1449 ms
2026-05-21 12:55:43.774 [34mINFO [0;39m [main][N/A] [36mcom.ulisesbocchio.jasyptspringboot.filter.DefaultLazyPropertyFilter[0;39m - Property Filter custom Bean not found with name 'encryptablePropertyFilter'. Initializing Default Property Filter
2026-05-21 12:55:43.777 [34mINFO [0;39m [main][N/A] [36mcom.ulisesbocchio.jasyptspringboot.resolver.DefaultLazyPropertyResolver[0;39m - Property Resolver custom Bean not found with name 'encryptablePropertyResolver'. Initializing Default Property Resolver
2026-05-21 12:55:43.778 [34mINFO [0;39m [main][N/A] [36mcom.ulisesbocchio.jasyptspringboot.detector.DefaultLazyPropertyDetector[0;39m - Property Detector custom Bean not found with name 'encryptablePropertyDetector'. Initializing Default Property Detector
2026-05-21 12:55:43.835 [34mINFO [0;39m [main][N/A] [36morg.redisson.Version[0;39m - Redisson 3.36.0
2026-05-21 12:55:44.107 [34mINFO [0;39m [redisson-netty-1-4][N/A] [36morg.redisson.connection.ConnectionsHolder[0;39m - 1 connections initialized for 49.232.190.146/49.232.190.146:6379
2026-05-21 12:55:46.304 [34mINFO [0;39m [redisson-netty-1-19][N/A] [36morg.redisson.connection.ConnectionsHolder[0;39m - 24 connections initialized for 49.232.190.146/49.232.190.146:6379
2026-05-21 12:55:46.506 [34mINFO [0;39m [main][N/A] [36mcom.alibaba.druid.spring.boot3.autoconfigure.DruidDataSourceAutoConfigure[0;39m - Init DruidDataSource
2026-05-21 12:55:46.586 [34mINFO [0;39m [main][N/A] [36mcom.alibaba.druid.pool.DruidDataSource[0;39m - {dataSource-1} inited
2026-05-21 12:55:47.841 [34mINFO [0;39m [main][N/A] [36morg.springframework.boot.actuate.endpoint.web.EndpointLinksResolver[0;39m - Exposing 1 endpoint beneath base path '/actuator'
2026-05-21 12:55:48.338 [34mINFO [0;39m [main][N/A] [36morg.springframework.boot.web.embedded.tomcat.TomcatWebServer[0;39m - Tomcat started on port 8080 (http) with context path '/'
2026-05-21 12:55:48.340 [34mINFO [0;39m [main][N/A] [36mcom.ulisesbocchio.jasyptspringboot.caching.RefreshScopeRefreshedEventListener[0;39m - Refreshing cached encryptable property sources on ServletWebServerInitializedEvent
2026-05-21 12:55:48.340 [34mINFO [0;39m [main][N/A] [36mc.u.jasyptspringboot.caching.CachingDelegateEncryptablePropertySource[0;39m - Property Source systemProperties refreshed
2026-05-21 12:55:48.340 [34mINFO [0;39m [main][N/A] [36mc.u.jasyptspringboot.caching.CachingDelegateEncryptablePropertySource[0;39m - Property Source systemEnvironment refreshed
2026-05-21 12:55:48.340 [34mINFO [0;39m [main][N/A] [36mc.u.jasyptspringboot.caching.CachingDelegateEncryptablePropertySource[0;39m - Property Source random refreshed
2026-05-21 12:55:48.341 [34mINFO [0;39m [main][N/A] [36mc.u.jasyptspringboot.caching.CachingDelegateEncryptablePropertySource[0;39m - Property Source Config resource 'class path resource [application.yml]' via location 'optional:classpath:/' refreshed
2026-05-21 12:55:48.341 [34mINFO [0;39m [main][N/A] [36mcom.ulisesbocchio.jasyptspringboot.EncryptablePropertySourceConverter[0;39m - Skipping PropertySource configurationProperties [class org.springframework.boot.context.properties.source.ConfigurationPropertySourcesPropertySource
2026-05-21 12:55:48.341 [34mINFO [0;39m [main][N/A] [36mcom.ulisesbocchio.jasyptspringboot.EncryptablePropertySourceConverter[0;39m - Skipping PropertySource servletConfigInitParams [class org.springframework.core.env.PropertySource$StubPropertySource
2026-05-21 12:55:48.341 [34mINFO [0;39m [main][N/A] [36mcom.ulisesbocchio.jasyptspringboot.EncryptablePropertySourceConverter[0;39m - Converting PropertySource servletContextInitParams [org.springframework.web.context.support.ServletContextPropertySource] to EncryptableEnumerablePropertySourceWrapper
2026-05-21 12:55:48.341 [34mINFO [0;39m [main][N/A] [36mcom.ulisesbocchio.jasyptspringboot.EncryptablePropertySourceConverter[0;39m - Converting PropertySource Management Server [org.springframework.boot.actuate.autoconfigure.web.server.ManagementContextAutoConfiguration$SameManagementContextConfiguration$1] to EncryptablePropertySourceWrapper
2026-05-21 12:55:48.357 [34mINFO [0;39m [main][N/A] [36mcom.ai.system.AiTokenSystemApplication[0;39m - Started AiTokenSystemApplication in 6.409 seconds (process running for 7.581)
2026-05-21 12:55:48.948 [34mINFO [0;39m [RMI TCP Connection(4)-192.168.10.101][N/A] [36morg.springframework.web.servlet.DispatcherServlet[0;39m - Initializing Servlet 'dispatcherServlet'
2026-05-21 12:55:48.949 [34mINFO [0;39m [RMI TCP Connection(4)-192.168.10.101][N/A] [36morg.springframework.web.servlet.DispatcherServlet[0;39m - Completed initialization in 1 ms
2026-05-21 12:55:50.749 [34mINFO [0;39m [http-nio-8080-exec-2][e9c71e139fcf43a59c1ce3b62118777c] [36mcom.ai.system.util.tyy.TyySignUtil[0;39m - 【请求天翼云网关服务:url:https://aigw-global.ctapi.ctyun.cn/v1/tokenUsage/query,method:POST,body:{"groupBy":0,"startTime":"2026-05-01 00:00:00","endTime":"2026-05-21 00:00:00"}】
2026-05-21 12:55:50.752 [34mINFO [0;39m [http-nio-8080-exec-2][e9c71e139fcf43a59c1ce3b62118777c] [36mcom.ai.system.util.tyy.TyySignUtil[0;39m - 【请求天翼云网关服务请求体:{}】
2026-05-21 12:55:53.377 [34mINFO [0;39m [http-nio-8080-exec-2][e9c71e139fcf43a59c1ce3b62118777c] [36mcom.ai.system.util.tyy.TyySignUtil[0;39m - 【请求天翼云网关服务响应体:{"returnObj":[],"message":"success","statusCode":200}】
2026-05-21 12:55:53.385 [1;31mERROR[0;39m [http-nio-8080-exec-2][N/A] [36mo.a.catalina.core.ContainerBase.[Tomcat].[localhost].[/].[dispatcherServlet][0;39m - Servlet.service() for servlet [dispatcherServlet] in context with path [] threw exception [Request processing failed: java.lang.NullPointerException] with root cause
java.lang.NullPointerException: null
	at java.base/java.util.stream.ReferencePipeline$5$1.accept(ReferencePipeline.java:231)
	at java.base/java.util.ArrayList$ArrayListSpliterator.forEachRemaining(ArrayList.java:1625)
	at java.base/java.util.stream.AbstractPipeline.copyInto(AbstractPipeline.java:509)
	at java.base/java.util.stream.AbstractPipeline.wrapAndCopyInto(AbstractPipeline.java:499)
	at java.base/java.util.stream.ReduceOps$ReduceOp.evaluateSequential(ReduceOps.java:921)
	at java.base/java.util.stream.AbstractPipeline.evaluate(AbstractPipeline.java:234)
	at java.base/java.util.stream.LongPipeline.reduce(LongPipeline.java:498)
	at java.base/java.util.stream.LongPipeline.sum(LongPipeline.java:456)
	at com.ai.system.service.impl.DashboardServiceImpl.buildStats(DashboardServiceImpl.java:48)
	at com.ai.system.service.impl.DashboardServiceImpl.getAdminStats(DashboardServiceImpl.java:32)
2026-05-21 12:56:10.847 [31mWARN [0;39m [RMI TCP Connection(3)-192.168.10.101][N/A] [36morg.springframework.boot.actuate.mail.MailHealthIndicator[0;39m - Mail health check failed
org.eclipse.angus.mail.util.MailConnectException: Couldn't connect to host, port: smtp.gmail.com, 587; timeout -1
	at org.eclipse.angus.mail.smtp.SMTPTransport.openServer(SMTPTransport.java:2243)
	at org.eclipse.angus.mail.smtp.SMTPTransport.protocolConnect(SMTPTransport.java:729)
	at jakarta.mail.Service.connect(Service.java:345)
	at org.springframework.mail.javamail.JavaMailSenderImpl.connectTransport(JavaMailSenderImpl.java:480)
	at org.springframework.mail.javamail.JavaMailSenderImpl.testConnection(JavaMailSenderImpl.java:360)
	at org.springframework.boot.actuate.mail.MailHealthIndicator.doHealthCheck(MailHealthIndicator.java:52)
	at org.springframework.boot.actuate.health.AbstractHealthIndicator.health(AbstractHealthIndicator.java:82)
	at org.springframework.boot.actuate.health.HealthIndicator.getHealth(HealthIndicator.java:37)
	at org.springframework.boot.actuate.health.HealthEndpoint.getHealth(HealthEndpoint.java:82)
	at org.springframework.boot.actuate.health.HealthEndpoint.getHealth(HealthEndpoint.java:41)
Caused by: java.net.ConnectException: Connection timed out: connect
	at java.base/sun.nio.ch.Net.connect0(Native Method)
	at java.base/sun.nio.ch.Net.connect(Net.java:579)
	at java.base/sun.nio.ch.Net.connect(Net.java:568)
	at java.base/sun.nio.ch.NioSocketImpl.connect(NioSocketImpl.java:593)
	at java.base/java.net.SocksSocketImpl.connect(SocksSocketImpl.java:327)
	at java.base/java.net.Socket.connect(Socket.java:633)
	at java.base/java.net.Socket.connect(Socket.java:583)
	at org.eclipse.angus.mail.util.SocketFetcher.createSocket(SocketFetcher.java:368)
	at org.eclipse.angus.mail.util.SocketFetcher.getSocket(SocketFetcher.java:243)
	at org.eclipse.angus.mail.smtp.SMTPTransport.openServer(SMTPTransport.java:2193)
2026-05-21 12:56:10.848 [31mWARN [0;39m [RMI TCP Connection(3)-192.168.10.101][N/A] [36morg.springframework.boot.actuate.health.HealthEndpointSupport[0;39m - Health contributor org.springframework.boot.actuate.mail.MailHealthIndicator (mail) took 21118ms to respond
2026-05-21 13:02:59.887 [34mINFO [0;39m [http-nio-8080-exec-5][7fbaf29216434151b8b70a5e66a2f735] [36mcom.ai.system.util.tyy.TyySignUtil[0;39m - 【请求天翼云网关服务:url:https://aigw-global.ctapi.ctyun.cn/v1/tokenUsage/query,method:POST,body:{"groupBy":0,"startTime":"2026-05-01 00:00:00","endTime":"2026-05-21 00:00:00"}】
2026-05-21 13:02:59.887 [34mINFO [0;39m [http-nio-8080-exec-5][7fbaf29216434151b8b70a5e66a2f735] [36mcom.ai.system.util.tyy.TyySignUtil[0;39m - 【请求天翼云网关服务请求体:{}】
2026-05-21 13:03:02.367 [34mINFO [0;39m [http-nio-8080-exec-5][7fbaf29216434151b8b70a5e66a2f735] [36mcom.ai.system.util.tyy.TyySignUtil[0;39m - 【请求天翼云网关服务响应体:{"returnObj":[],"message":"success","statusCode":200}】
2026-05-21 13:03:02.368 [1;31mERROR[0;39m [http-nio-8080-exec-5][N/A] [36mo.a.catalina.core.ContainerBase.[Tomcat].[localhost].[/].[dispatcherServlet][0;39m - Servlet.service() for servlet [dispatcherServlet] in context with path [] threw exception [Request processing failed: java.lang.NullPointerException] with root cause
java.lang.NullPointerException: null
	at java.base/java.util.stream.ReferencePipeline$5$1.accept(ReferencePipeline.java:231)
	at java.base/java.util.ArrayList$ArrayListSpliterator.forEachRemaining(ArrayList.java:1625)
	at java.base/java.util.stream.AbstractPipeline.copyInto(AbstractPipeline.java:509)
	at java.base/java.util.stream.AbstractPipeline.wrapAndCopyInto(AbstractPipeline.java:499)
	at java.base/java.util.stream.ReduceOps$ReduceOp.evaluateSequential(ReduceOps.java:921)
	at java.base/java.util.stream.AbstractPipeline.evaluate(AbstractPipeline.java:234)
	at java.base/java.util.stream.LongPipeline.reduce(LongPipeline.java:498)
	at java.base/java.util.stream.LongPipeline.sum(LongPipeline.java:456)
	at com.ai.system.service.impl.DashboardServiceImpl.buildStats(DashboardServiceImpl.java:48)
	at com.ai.system.service.impl.DashboardServiceImpl.getAdminStats(DashboardServiceImpl.java:32)
2026-05-21 13:05:13.899 [34mINFO [0;39m [http-nio-8080-exec-7][8bcf37cbf02f4cd981456c304f3957de] [36mcom.ai.system.util.tyy.TyySignUtil[0;39m - 【请求天翼云网关服务:url:https://aigw-global.ctapi.ctyun.cn/v1/tokenUsage/query,method:POST,body:{"groupBy":0,"startTime":"2026-05-01 00:00:00","endTime":"2026-05-21 00:00:00"}】
2026-05-21 13:05:13.899 [34mINFO [0;39m [http-nio-8080-exec-7][8bcf37cbf02f4cd981456c304f3957de] [36mcom.ai.system.util.tyy.TyySignUtil[0;39m - 【请求天翼云网关服务请求体:{}】
2026-05-21 13:05:15.719 [34mINFO [0;39m [http-nio-8080-exec-7][8bcf37cbf02f4cd981456c304f3957de] [36mcom.ai.system.util.tyy.TyySignUtil[0;39m - 【请求天翼云网关服务响应体:{"returnObj":[],"message":"success","statusCode":200}】
2026-05-21 13:05:15.722 [1;31mERROR[0;39m [http-nio-8080-exec-7][N/A] [36mo.a.catalina.core.ContainerBase.[Tomcat].[localhost].[/].[dispatcherServlet][0;39m - Servlet.service() for servlet [dispatcherServlet] in context with path [] threw exception [Request processing failed: java.lang.NullPointerException] with root cause
java.lang.NullPointerException: null
	at java.base/java.util.stream.ReferencePipeline$5$1.accept(ReferencePipeline.java:231)
	at java.base/java.util.ArrayList$ArrayListSpliterator.forEachRemaining(ArrayList.java:1625)
	at java.base/java.util.stream.AbstractPipeline.copyInto(AbstractPipeline.java:509)
	at java.base/java.util.stream.AbstractPipeline.wrapAndCopyInto(AbstractPipeline.java:499)
	at java.base/java.util.stream.ReduceOps$ReduceOp.evaluateSequential(ReduceOps.java:921)
	at java.base/java.util.stream.AbstractPipeline.evaluate(AbstractPipeline.java:234)
	at java.base/java.util.stream.LongPipeline.reduce(LongPipeline.java:498)
	at java.base/java.util.stream.LongPipeline.sum(LongPipeline.java:456)
	at com.ai.system.service.impl.DashboardServiceImpl.buildStats(DashboardServiceImpl.java:48)
	at com.ai.system.service.impl.DashboardServiceImpl.getAdminStats(DashboardServiceImpl.java:32)
2026-05-21 13:05:50.798 [34mINFO [0;39m [http-nio-8080-exec-9][9f7af5b63c214c09a1fd03c111580363] [36mcom.ai.system.util.tyy.TyySignUtil[0;39m - 【请求天翼云网关服务:url:https://aigw-global.ctapi.ctyun.cn/v1/tokenUsage/query,method:POST,body:{"groupBy":0,"startTime":"2026-05-01 00:00:00","endTime":"2026-05-21 00:00:00"}】
2026-05-21 13:05:50.798 [34mINFO [0;39m [http-nio-8080-exec-9][9f7af5b63c214c09a1fd03c111580363] [36mcom.ai.system.util.tyy.TyySignUtil[0;39m - 【请求天翼云网关服务请求体:{}】
2026-05-21 13:05:51.624 [34mINFO [0;39m [http-nio-8080-exec-9][9f7af5b63c214c09a1fd03c111580363] [36mcom.ai.system.util.tyy.TyySignUtil[0;39m - 【请求天翼云网关服务响应体:{"returnObj":[],"message":"success","statusCode":200}】
2026-05-21 13:05:51.625 [1;31mERROR[0;39m [http-nio-8080-exec-9][N/A] [36mo.a.catalina.core.ContainerBase.[Tomcat].[localhost].[/].[dispatcherServlet][0;39m - Servlet.service() for servlet [dispatcherServlet] in context with path [] threw exception [Request processing failed: java.lang.NullPointerException] with root cause
java.lang.NullPointerException: null
	at java.base/java.util.stream.ReferencePipeline$5$1.accept(ReferencePipeline.java:231)
	at java.base/java.util.ArrayList$ArrayListSpliterator.forEachRemaining(ArrayList.java:1625)
	at java.base/java.util.stream.AbstractPipeline.copyInto(AbstractPipeline.java:509)
	at java.base/java.util.stream.AbstractPipeline.wrapAndCopyInto(AbstractPipeline.java:499)
	at java.base/java.util.stream.ReduceOps$ReduceOp.evaluateSequential(ReduceOps.java:921)
	at java.base/java.util.stream.AbstractPipeline.evaluate(AbstractPipeline.java:234)
	at java.base/java.util.stream.LongPipeline.reduce(LongPipeline.java:498)
	at java.base/java.util.stream.LongPipeline.sum(LongPipeline.java:456)
	at com.ai.system.service.impl.DashboardServiceImpl.buildStats(DashboardServiceImpl.java:48)
	at com.ai.system.service.impl.DashboardServiceImpl.getAdminStats(DashboardServiceImpl.java:32)
2026-05-21 13:07:23.783 [1;31mERROR[0;39m [http-nio-8080-exec-2][N/A] [36mo.a.catalina.core.ContainerBase.[Tomcat].[localhost].[/].[dispatcherServlet][0;39m - Servlet.service() for servlet [dispatcherServlet] in context with path [] threw exception [Request processing failed: org.springframework.jdbc.BadSqlGrammarException: 
### Error querying database.  Cause: java.sql.SQLSyntaxErrorException: You have an error in your SQL syntax; check the manual that corresponds to your MySQL server version for the right syntax to use near ')' at line 1
### The error may exist in com/ai/system/mapper/UserMapper.java (best guess)
### The error may involve defaultParameterMap
### The error occurred while setting parameters
### SQL: SELECT id,username,business_name,password,phone,email,role,status,create_time,update_time FROM ai_token_user WHERE id IN ( )
### Cause: java.sql.SQLSyntaxErrorException: You have an error in your SQL syntax; check the manual that corresponds to your MySQL server version for the right syntax to use near ')' at line 1
; bad SQL grammar []] with root cause
java.sql.SQLSyntaxErrorException: You have an error in your SQL syntax; check the manual that corresponds to your MySQL server version for the right syntax to use near ')' at line 1
	at com.mysql.cj.jdbc.exceptions.SQLError.createSQLException(SQLError.java:121)
	at com.mysql.cj.jdbc.exceptions.SQLExceptionsMapping.translateException(SQLExceptionsMapping.java:122)
	at com.mysql.cj.jdbc.ClientPreparedStatement.executeInternal(ClientPreparedStatement.java:916)
	at com.mysql.cj.jdbc.ClientPreparedStatement.execute(ClientPreparedStatement.java:354)
	at com.alibaba.druid.pool.DruidPooledPreparedStatement.execute(DruidPooledPreparedStatement.java:483)
	at java.base/jdk.internal.reflect.NativeMethodAccessorImpl.invoke0(Native Method)
	at java.base/jdk.internal.reflect.NativeMethodAccessorImpl.invoke(NativeMethodAccessorImpl.java:77)
	at java.base/jdk.internal.reflect.DelegatingMethodAccessorImpl.invoke(DelegatingMethodAccessorImpl.java:43)
	at java.base/java.lang.reflect.Method.invoke(Method.java:568)
	at org.apache.ibatis.logging.jdbc.PreparedStatementLogger.invoke(PreparedStatementLogger.java:58)
2026-05-21 13:07:24.513 [34mINFO [0;39m [http-nio-8080-exec-5][a7d2bea4452544e1b023e63dd435d21e] [36mcom.ai.system.util.tyy.TyySignUtil[0;39m - 【请求天翼云网关服务:url:https://aigw-global.ctapi.ctyun.cn/v1/tokenUsage/query,method:POST,body:{"groupBy":0,"startTime":"2026-05-01 00:00:00","endTime":"2026-05-21 23:59:59"}】
2026-05-21 13:07:24.513 [34mINFO [0;39m [http-nio-8080-exec-5][a7d2bea4452544e1b023e63dd435d21e] [36mcom.ai.system.util.tyy.TyySignUtil[0;39m - 【请求天翼云网关服务请求体:{}】
2026-05-21 13:07:26.350 [34mINFO [0;39m [http-nio-8080-exec-5][a7d2bea4452544e1b023e63dd435d21e] [36mcom.ai.system.util.tyy.TyySignUtil[0;39m - 【请求天翼云网关服务响应体:{"returnObj":[],"message":"success","statusCode":200}】
2026-05-21 13:07:28.060 [34mINFO [0;39m [http-nio-8080-exec-6][e707cd7bc2c2403e95c0ee394847a581] [36mcom.ai.system.util.tyy.TyySignUtil[0;39m - 【请求天翼云网关服务:url:https://aigw-global.ctapi.ctyun.cn/v1/tokenUsage/query,method:POST,body:{"groupBy":0,"startTime":"2026-05-01 00:00:00","endTime":"2026-05-21 00:00:00"}】
2026-05-21 13:07:28.061 [34mINFO [0;39m [http-nio-8080-exec-6][e707cd7bc2c2403e95c0ee394847a581] [36mcom.ai.system.util.tyy.TyySignUtil[0;39m - 【请求天翼云网关服务请求体:{}】
2026-05-21 13:07:29.076 [34mINFO [0;39m [http-nio-8080-exec-6][e707cd7bc2c2403e95c0ee394847a581] [36mcom.ai.system.util.tyy.TyySignUtil[0;39m - 【请求天翼云网关服务响应体:{"returnObj":[],"message":"success","statusCode":200}】
2026-05-21 13:07:29.077 [1;31mERROR[0;39m [http-nio-8080-exec-6][N/A] [36mo.a.catalina.core.ContainerBase.[Tomcat].[localhost].[/].[dispatcherServlet][0;39m - Servlet.service() for servlet [dispatcherServlet] in context with path [] threw exception [Request processing failed: java.lang.NullPointerException] with root cause
java.lang.NullPointerException: null
	at java.base/java.util.stream.ReferencePipeline$5$1.accept(ReferencePipeline.java:231)
	at java.base/java.util.ArrayList$ArrayListSpliterator.forEachRemaining(ArrayList.java:1625)
	at java.base/java.util.stream.AbstractPipeline.copyInto(AbstractPipeline.java:509)
	at java.base/java.util.stream.AbstractPipeline.wrapAndCopyInto(AbstractPipeline.java:499)
	at java.base/java.util.stream.ReduceOps$ReduceOp.evaluateSequential(ReduceOps.java:921)
	at java.base/java.util.stream.AbstractPipeline.evaluate(AbstractPipeline.java:234)
	at java.base/java.util.stream.LongPipeline.reduce(LongPipeline.java:498)
	at java.base/java.util.stream.LongPipeline.sum(LongPipeline.java:456)
	at com.ai.system.service.impl.DashboardServiceImpl.buildStats(DashboardServiceImpl.java:48)
	at com.ai.system.service.impl.DashboardServiceImpl.getAdminStats(DashboardServiceImpl.java:32)
2026-05-21 13:12:46.172 [34mINFO [0;39m [SpringApplicationShutdownHook][N/A] [36mcom.alibaba.druid.pool.DruidDataSource[0;39m - {dataSource-1} closing ...
2026-05-21 13:12:46.174 [34mINFO [0;39m [SpringApplicationShutdownHook][N/A] [36mcom.alibaba.druid.pool.DruidDataSource[0;39m - {dataSource-1} closed
2026-05-21 13:12:53.943 [34mINFO [0;39m [background-preinit][N/A] [36morg.hibernate.validator.internal.util.Version[0;39m - HV000001: Hibernate Validator 8.0.1.Final
2026-05-21 13:12:53.967 [34mINFO [0;39m [main][N/A] [36mcom.ai.system.AiTokenSystemApplication[0;39m - Starting AiTokenSystemApplication using Java 17.0.14 with PID 7176 (D:\java_projects\ai-token-system\target\classes started by Administrator in D:\java_projects\ai-token-system)
2026-05-21 13:12:53.968 [34mINFO [0;39m [main][N/A] [36mcom.ai.system.AiTokenSystemApplication[0;39m - No active profile set, falling back to 1 default profile: "default"
2026-05-21 13:12:54.932 [34mINFO [0;39m [main][N/A] [36morg.springframework.data.repository.config.RepositoryConfigurationDelegate[0;39m - Multiple Spring Data modules found, entering strict repository configuration mode
2026-05-21 13:12:54.933 [34mINFO [0;39m [main][N/A] [36morg.springframework.data.repository.config.RepositoryConfigurationDelegate[0;39m - Bootstrapping Spring Data Redis repositories in DEFAULT mode.
2026-05-21 13:12:54.953 [34mINFO [0;39m [main][N/A] [36morg.springframework.data.repository.config.RepositoryConfigurationDelegate[0;39m - Finished Spring Data repository scanning in 13 ms. Found 0 Redis repository interfaces.
2026-05-21 13:12:55.094 [34mINFO [0;39m [main][N/A] [36mc.u.j.configuration.EnableEncryptablePropertiesBeanFactoryPostProcessor[0;39m - Post-processing PropertySource instances
2026-05-21 13:12:55.095 [34mINFO [0;39m [main][N/A] [36mcom.ulisesbocchio.jasyptspringboot.EncryptablePropertySourceConverter[0;39m - Skipping PropertySource configurationProperties [class org.springframework.boot.context.properties.source.ConfigurationPropertySourcesPropertySource
2026-05-21 13:12:55.095 [34mINFO [0;39m [main][N/A] [36mcom.ulisesbocchio.jasyptspringboot.EncryptablePropertySourceConverter[0;39m - Skipping PropertySource servletConfigInitParams [class org.springframework.core.env.PropertySource$StubPropertySource
2026-05-21 13:12:55.095 [34mINFO [0;39m [main][N/A] [36mcom.ulisesbocchio.jasyptspringboot.EncryptablePropertySourceConverter[0;39m - Skipping PropertySource servletContextInitParams [class org.springframework.core.env.PropertySource$StubPropertySource
2026-05-21 13:12:55.095 [34mINFO [0;39m [main][N/A] [36mcom.ulisesbocchio.jasyptspringboot.EncryptablePropertySourceConverter[0;39m - Converting PropertySource systemProperties [org.springframework.core.env.PropertiesPropertySource] to EncryptableMapPropertySourceWrapper
2026-05-21 13:12:55.095 [34mINFO [0;39m [main][N/A] [36mcom.ulisesbocchio.jasyptspringboot.EncryptablePropertySourceConverter[0;39m - Converting PropertySource systemEnvironment [org.springframework.boot.env.SystemEnvironmentPropertySourceEnvironmentPostProcessor$OriginAwareSystemEnvironmentPropertySource] to EncryptableSystemEnvironmentPropertySourceWrapper
2026-05-21 13:12:55.095 [34mINFO [0;39m [main][N/A] [36mcom.ulisesbocchio.jasyptspringboot.EncryptablePropertySourceConverter[0;39m - Converting PropertySource random [org.springframework.boot.env.RandomValuePropertySource] to EncryptablePropertySourceWrapper
2026-05-21 13:12:55.095 [34mINFO [0;39m [main][N/A] [36mcom.ulisesbocchio.jasyptspringboot.EncryptablePropertySourceConverter[0;39m - Converting PropertySource Config resource 'class path resource [application.yml]' via location 'optional:classpath:/' [org.springframework.boot.env.OriginTrackedMapPropertySource] to EncryptableMapPropertySourceWrapper
2026-05-21 13:12:55.334 [34mINFO [0;39m [main][N/A] [36morg.springframework.boot.web.embedded.tomcat.TomcatWebServer[0;39m - Tomcat initialized with port 8080 (http)
2026-05-21 13:12:55.376 [34mINFO [0;39m [main][N/A] [36morg.springframework.boot.web.servlet.context.ServletWebServerApplicationContext[0;39m - Root WebApplicationContext: initialization completed in 1381 ms
2026-05-21 13:12:55.449 [34mINFO [0;39m [main][N/A] [36mcom.ulisesbocchio.jasyptspringboot.filter.DefaultLazyPropertyFilter[0;39m - Property Filter custom Bean not found with name 'encryptablePropertyFilter'. Initializing Default Property Filter
2026-05-21 13:12:55.454 [34mINFO [0;39m [main][N/A] [36mcom.ulisesbocchio.jasyptspringboot.resolver.DefaultLazyPropertyResolver[0;39m - Property Resolver custom Bean not found with name 'encryptablePropertyResolver'. Initializing Default Property Resolver
2026-05-21 13:12:55.455 [34mINFO [0;39m [main][N/A] [36mcom.ulisesbocchio.jasyptspringboot.detector.DefaultLazyPropertyDetector[0;39m - Property Detector custom Bean not found with name 'encryptablePropertyDetector'. Initializing Default Property Detector
2026-05-21 13:12:55.511 [34mINFO [0;39m [main][N/A] [36morg.redisson.Version[0;39m - Redisson 3.36.0
2026-05-21 13:12:55.778 [34mINFO [0;39m [redisson-netty-1-4][N/A] [36morg.redisson.connection.ConnectionsHolder[0;39m - 1 connections initialized for 49.232.190.146/49.232.190.146:6379
2026-05-21 13:12:57.956 [34mINFO [0;39m [redisson-netty-1-19][N/A] [36morg.redisson.connection.ConnectionsHolder[0;39m - 24 connections initialized for 49.232.190.146/49.232.190.146:6379
2026-05-21 13:12:58.054 [34mINFO [0;39m [main][N/A] [36mcom.alibaba.druid.spring.boot3.autoconfigure.DruidDataSourceAutoConfigure[0;39m - Init DruidDataSource
2026-05-21 13:12:58.098 [34mINFO [0;39m [main][N/A] [36mcom.alibaba.druid.pool.DruidDataSource[0;39m - {dataSource-1} inited
2026-05-21 13:12:58.785 [34mINFO [0;39m [main][N/A] [36morg.springframework.boot.actuate.endpoint.web.EndpointLinksResolver[0;39m - Exposing 1 endpoint beneath base path '/actuator'
2026-05-21 13:12:59.033 [34mINFO [0;39m [main][N/A] [36morg.springframework.boot.web.embedded.tomcat.TomcatWebServer[0;39m - Tomcat started on port 8080 (http) with context path '/'
2026-05-21 13:12:59.034 [34mINFO [0;39m [main][N/A] [36mcom.ulisesbocchio.jasyptspringboot.caching.RefreshScopeRefreshedEventListener[0;39m - Refreshing cached encryptable property sources on ServletWebServerInitializedEvent
2026-05-21 13:12:59.034 [34mINFO [0;39m [main][N/A] [36mc.u.jasyptspringboot.caching.CachingDelegateEncryptablePropertySource[0;39m - Property Source systemProperties refreshed
2026-05-21 13:12:59.034 [34mINFO [0;39m [main][N/A] [36mc.u.jasyptspringboot.caching.CachingDelegateEncryptablePropertySource[0;39m - Property Source systemEnvironment refreshed
2026-05-21 13:12:59.034 [34mINFO [0;39m [main][N/A] [36mc.u.jasyptspringboot.caching.CachingDelegateEncryptablePropertySource[0;39m - Property Source random refreshed
2026-05-21 13:12:59.034 [34mINFO [0;39m [main][N/A] [36mc.u.jasyptspringboot.caching.CachingDelegateEncryptablePropertySource[0;39m - Property Source Config resource 'class path resource [application.yml]' via location 'optional:classpath:/' refreshed
2026-05-21 13:12:59.035 [34mINFO [0;39m [main][N/A] [36mcom.ulisesbocchio.jasyptspringboot.EncryptablePropertySourceConverter[0;39m - Skipping PropertySource configurationProperties [class org.springframework.boot.context.properties.source.ConfigurationPropertySourcesPropertySource
2026-05-21 13:12:59.035 [34mINFO [0;39m [main][N/A] [36mcom.ulisesbocchio.jasyptspringboot.EncryptablePropertySourceConverter[0;39m - Skipping PropertySource servletConfigInitParams [class org.springframework.core.env.PropertySource$StubPropertySource
2026-05-21 13:12:59.035 [34mINFO [0;39m [main][N/A] [36mcom.ulisesbocchio.jasyptspringboot.EncryptablePropertySourceConverter[0;39m - Converting PropertySource servletContextInitParams [org.springframework.web.context.support.ServletContextPropertySource] to EncryptableEnumerablePropertySourceWrapper
2026-05-21 13:12:59.035 [34mINFO [0;39m [main][N/A] [36mcom.ulisesbocchio.jasyptspringboot.EncryptablePropertySourceConverter[0;39m - Converting PropertySource Management Server [org.springframework.boot.actuate.autoconfigure.web.server.ManagementContextAutoConfiguration$SameManagementContextConfiguration$1] to EncryptablePropertySourceWrapper
2026-05-21 13:12:59.044 [34mINFO [0;39m [main][N/A] [36mcom.ai.system.AiTokenSystemApplication[0;39m - Started AiTokenSystemApplication in 5.353 seconds (process running for 6.38)
2026-05-21 13:12:59.342 [34mINFO [0;39m [RMI TCP Connection(3)-192.168.10.101][N/A] [36morg.springframework.web.servlet.DispatcherServlet[0;39m - Initializing Servlet 'dispatcherServlet'
2026-05-21 13:12:59.343 [34mINFO [0;39m [RMI TCP Connection(3)-192.168.10.101][N/A] [36morg.springframework.web.servlet.DispatcherServlet[0;39m - Completed initialization in 1 ms
2026-05-21 13:13:22.112 [31mWARN [0;39m [RMI TCP Connection(4)-192.168.10.101][N/A] [36morg.springframework.boot.actuate.mail.MailHealthIndicator[0;39m - Mail health check failed
org.eclipse.angus.mail.util.MailConnectException: Couldn't connect to host, port: smtp.gmail.com, 587; timeout -1
	at org.eclipse.angus.mail.smtp.SMTPTransport.openServer(SMTPTransport.java:2243)
	at org.eclipse.angus.mail.smtp.SMTPTransport.protocolConnect(SMTPTransport.java:729)
	at jakarta.mail.Service.connect(Service.java:345)
	at org.springframework.mail.javamail.JavaMailSenderImpl.connectTransport(JavaMailSenderImpl.java:480)
	at org.springframework.mail.javamail.JavaMailSenderImpl.testConnection(JavaMailSenderImpl.java:360)
	at org.springframework.boot.actuate.mail.MailHealthIndicator.doHealthCheck(MailHealthIndicator.java:52)
	at org.springframework.boot.actuate.health.AbstractHealthIndicator.health(AbstractHealthIndicator.java:82)
	at org.springframework.boot.actuate.health.HealthIndicator.getHealth(HealthIndicator.java:37)
	at org.springframework.boot.actuate.health.HealthEndpoint.getHealth(HealthEndpoint.java:82)
	at org.springframework.boot.actuate.health.HealthEndpoint.getHealth(HealthEndpoint.java:41)
Caused by: java.net.ConnectException: Connection timed out: connect
	at java.base/sun.nio.ch.Net.connect0(Native Method)
	at java.base/sun.nio.ch.Net.connect(Net.java:579)
	at java.base/sun.nio.ch.Net.connect(Net.java:568)
	at java.base/sun.nio.ch.NioSocketImpl.connect(NioSocketImpl.java:593)
	at java.base/java.net.SocksSocketImpl.connect(SocksSocketImpl.java:327)
	at java.base/java.net.Socket.connect(Socket.java:633)
	at java.base/java.net.Socket.connect(Socket.java:583)
	at org.eclipse.angus.mail.util.SocketFetcher.createSocket(SocketFetcher.java:368)
	at org.eclipse.angus.mail.util.SocketFetcher.getSocket(SocketFetcher.java:243)
	at org.eclipse.angus.mail.smtp.SMTPTransport.openServer(SMTPTransport.java:2193)
2026-05-21 13:13:22.114 [31mWARN [0;39m [RMI TCP Connection(4)-192.168.10.101][N/A] [36morg.springframework.boot.actuate.health.HealthEndpointSupport[0;39m - Health contributor org.springframework.boot.actuate.mail.MailHealthIndicator (mail) took 22130ms to respond
2026-05-21 13:13:26.296 [1;31mERROR[0;39m [http-nio-8080-exec-7][N/A] [36mo.a.catalina.core.ContainerBase.[Tomcat].[localhost].[/].[dispatcherServlet][0;39m - Servlet.service() for servlet [dispatcherServlet] in context with path [] threw exception [Request processing failed: org.springframework.jdbc.BadSqlGrammarException: 
### Error querying database.  Cause: java.sql.SQLSyntaxErrorException: You have an error in your SQL syntax; check the manual that corresponds to your MySQL server version for the right syntax to use near ')' at line 1
### The error may exist in com/ai/system/mapper/UserMapper.java (best guess)
### The error may involve defaultParameterMap
### The error occurred while setting parameters
### SQL: SELECT id,username,business_name,password,phone,email,role,status,create_time,update_time FROM ai_token_user WHERE id IN ( )
### Cause: java.sql.SQLSyntaxErrorException: You have an error in your SQL syntax; check the manual that corresponds to your MySQL server version for the right syntax to use near ')' at line 1
; bad SQL grammar []] with root cause
java.sql.SQLSyntaxErrorException: You have an error in your SQL syntax; check the manual that corresponds to your MySQL server version for the right syntax to use near ')' at line 1
	at com.mysql.cj.jdbc.exceptions.SQLError.createSQLException(SQLError.java:121)
	at com.mysql.cj.jdbc.exceptions.SQLExceptionsMapping.translateException(SQLExceptionsMapping.java:122)
	at com.mysql.cj.jdbc.ClientPreparedStatement.executeInternal(ClientPreparedStatement.java:916)
	at com.mysql.cj.jdbc.ClientPreparedStatement.execute(ClientPreparedStatement.java:354)
	at com.alibaba.druid.pool.DruidPooledPreparedStatement.execute(DruidPooledPreparedStatement.java:483)
	at java.base/jdk.internal.reflect.NativeMethodAccessorImpl.invoke0(Native Method)
	at java.base/jdk.internal.reflect.NativeMethodAccessorImpl.invoke(NativeMethodAccessorImpl.java:77)
	at java.base/jdk.internal.reflect.DelegatingMethodAccessorImpl.invoke(DelegatingMethodAccessorImpl.java:43)
	at java.base/java.lang.reflect.Method.invoke(Method.java:568)
	at org.apache.ibatis.logging.jdbc.PreparedStatementLogger.invoke(PreparedStatementLogger.java:58)
2026-05-21 13:18:01.928 [1;31mERROR[0;39m [http-nio-8080-exec-6][N/A] [36mo.a.catalina.core.ContainerBase.[Tomcat].[localhost].[/].[dispatcherServlet][0;39m - Servlet.service() for servlet [dispatcherServlet] in context with path [] threw exception [Request processing failed: org.springframework.jdbc.BadSqlGrammarException: 
### Error querying database.  Cause: java.sql.SQLSyntaxErrorException: You have an error in your SQL syntax; check the manual that corresponds to your MySQL server version for the right syntax to use near ')' at line 1
### The error may exist in com/ai/system/mapper/UserMapper.java (best guess)
### The error may involve defaultParameterMap
### The error occurred while setting parameters
### SQL: SELECT id,username,business_name,password,phone,email,role,status,create_time,update_time FROM ai_token_user WHERE id IN ( )
### Cause: java.sql.SQLSyntaxErrorException: You have an error in your SQL syntax; check the manual that corresponds to your MySQL server version for the right syntax to use near ')' at line 1
; bad SQL grammar []] with root cause
java.sql.SQLSyntaxErrorException: You have an error in your SQL syntax; check the manual that corresponds to your MySQL server version for the right syntax to use near ')' at line 1
	at com.mysql.cj.jdbc.exceptions.SQLError.createSQLException(SQLError.java:121)
	at com.mysql.cj.jdbc.exceptions.SQLExceptionsMapping.translateException(SQLExceptionsMapping.java:122)
	at com.mysql.cj.jdbc.ClientPreparedStatement.executeInternal(ClientPreparedStatement.java:916)
	at com.mysql.cj.jdbc.ClientPreparedStatement.execute(ClientPreparedStatement.java:354)
	at com.alibaba.druid.pool.DruidPooledPreparedStatement.execute(DruidPooledPreparedStatement.java:483)
	at java.base/jdk.internal.reflect.NativeMethodAccessorImpl.invoke0(Native Method)
	at java.base/jdk.internal.reflect.NativeMethodAccessorImpl.invoke(NativeMethodAccessorImpl.java:77)
	at java.base/jdk.internal.reflect.DelegatingMethodAccessorImpl.invoke(DelegatingMethodAccessorImpl.java:43)
	at java.base/java.lang.reflect.Method.invoke(Method.java:568)
	at org.apache.ibatis.logging.jdbc.PreparedStatementLogger.invoke(PreparedStatementLogger.java:58)
2026-05-21 13:22:41.775 [1;31mERROR[0;39m [http-nio-8080-exec-7][N/A] [36mo.a.catalina.core.ContainerBase.[Tomcat].[localhost].[/].[dispatcherServlet][0;39m - Servlet.service() for servlet [dispatcherServlet] in context with path [] threw exception [Request processing failed: org.springframework.jdbc.BadSqlGrammarException: 
### Error querying database.  Cause: java.sql.SQLSyntaxErrorException: You have an error in your SQL syntax; check the manual that corresponds to your MySQL server version for the right syntax to use near ')' at line 1
### The error may exist in com/ai/system/mapper/UserMapper.java (best guess)
### The error may involve defaultParameterMap
### The error occurred while setting parameters
### SQL: SELECT id,username,business_name,password,phone,email,role,status,create_time,update_time FROM ai_token_user WHERE id IN ( )
### Cause: java.sql.SQLSyntaxErrorException: You have an error in your SQL syntax; check the manual that corresponds to your MySQL server version for the right syntax to use near ')' at line 1
; bad SQL grammar []] with root cause
java.sql.SQLSyntaxErrorException: You have an error in your SQL syntax; check the manual that corresponds to your MySQL server version for the right syntax to use near ')' at line 1
	at com.mysql.cj.jdbc.exceptions.SQLError.createSQLException(SQLError.java:121)
	at com.mysql.cj.jdbc.exceptions.SQLExceptionsMapping.translateException(SQLExceptionsMapping.java:122)
	at com.mysql.cj.jdbc.ClientPreparedStatement.executeInternal(ClientPreparedStatement.java:916)
	at com.mysql.cj.jdbc.ClientPreparedStatement.execute(ClientPreparedStatement.java:354)
	at com.alibaba.druid.pool.DruidPooledPreparedStatement.execute(DruidPooledPreparedStatement.java:483)
	at jdk.internal.reflect.GeneratedMethodAccessor56.invoke(Unknown Source)
	at java.base/jdk.internal.reflect.DelegatingMethodAccessorImpl.invoke(DelegatingMethodAccessorImpl.java:43)
	at java.base/java.lang.reflect.Method.invoke(Method.java:568)
	at org.apache.ibatis.logging.jdbc.PreparedStatementLogger.invoke(PreparedStatementLogger.java:58)
	at jdk.proxy3/jdk.proxy3.$Proxy147.execute(Unknown Source)
2026-05-21 13:23:17.486 [1;31mERROR[0;39m [http-nio-8080-exec-6][N/A] [36mo.a.catalina.core.ContainerBase.[Tomcat].[localhost].[/].[dispatcherServlet][0;39m - Servlet.service() for servlet [dispatcherServlet] in context with path [] threw exception [Request processing failed: org.springframework.jdbc.BadSqlGrammarException: 
### Error querying database.  Cause: java.sql.SQLSyntaxErrorException: You have an error in your SQL syntax; check the manual that corresponds to your MySQL server version for the right syntax to use near ')' at line 1
### The error may exist in com/ai/system/mapper/UserMapper.java (best guess)
### The error may involve defaultParameterMap
### The error occurred while setting parameters
### SQL: SELECT id,username,business_name,password,phone,email,role,status,create_time,update_time FROM ai_token_user WHERE id IN ( )
### Cause: java.sql.SQLSyntaxErrorException: You have an error in your SQL syntax; check the manual that corresponds to your MySQL server version for the right syntax to use near ')' at line 1
; bad SQL grammar []] with root cause
java.sql.SQLSyntaxErrorException: You have an error in your SQL syntax; check the manual that corresponds to your MySQL server version for the right syntax to use near ')' at line 1
	at com.mysql.cj.jdbc.exceptions.SQLError.createSQLException(SQLError.java:121)
	at com.mysql.cj.jdbc.exceptions.SQLExceptionsMapping.translateException(SQLExceptionsMapping.java:122)
	at com.mysql.cj.jdbc.ClientPreparedStatement.executeInternal(ClientPreparedStatement.java:916)
	at com.mysql.cj.jdbc.ClientPreparedStatement.execute(ClientPreparedStatement.java:354)
	at com.alibaba.druid.pool.DruidPooledPreparedStatement.execute(DruidPooledPreparedStatement.java:483)
	at jdk.internal.reflect.GeneratedMethodAccessor56.invoke(Unknown Source)
	at java.base/jdk.internal.reflect.DelegatingMethodAccessorImpl.invoke(DelegatingMethodAccessorImpl.java:43)
	at java.base/java.lang.reflect.Method.invoke(Method.java:568)
	at org.apache.ibatis.logging.jdbc.PreparedStatementLogger.invoke(PreparedStatementLogger.java:58)
	at jdk.proxy3/jdk.proxy3.$Proxy147.execute(Unknown Source)
2026-05-21 13:23:20.123 [1;31mERROR[0;39m [http-nio-8080-exec-3][N/A] [36mo.a.catalina.core.ContainerBase.[Tomcat].[localhost].[/].[dispatcherServlet][0;39m - Servlet.service() for servlet [dispatcherServlet] in context with path [] threw exception [Request processing failed: org.springframework.jdbc.BadSqlGrammarException: 
### Error querying database.  Cause: java.sql.SQLSyntaxErrorException: You have an error in your SQL syntax; check the manual that corresponds to your MySQL server version for the right syntax to use near ')' at line 1
### The error may exist in com/ai/system/mapper/UserMapper.java (best guess)
### The error may involve defaultParameterMap
### The error occurred while setting parameters
### SQL: SELECT id,username,business_name,password,phone,email,role,status,create_time,update_time FROM ai_token_user WHERE id IN ( )
### Cause: java.sql.SQLSyntaxErrorException: You have an error in your SQL syntax; check the manual that corresponds to your MySQL server version for the right syntax to use near ')' at line 1
; bad SQL grammar []] with root cause
java.sql.SQLSyntaxErrorException: You have an error in your SQL syntax; check the manual that corresponds to your MySQL server version for the right syntax to use near ')' at line 1
	at com.mysql.cj.jdbc.exceptions.SQLError.createSQLException(SQLError.java:121)
	at com.mysql.cj.jdbc.exceptions.SQLExceptionsMapping.translateException(SQLExceptionsMapping.java:122)
	at com.mysql.cj.jdbc.ClientPreparedStatement.executeInternal(ClientPreparedStatement.java:916)
	at com.mysql.cj.jdbc.ClientPreparedStatement.execute(ClientPreparedStatement.java:354)
	at com.alibaba.druid.pool.DruidPooledPreparedStatement.execute(DruidPooledPreparedStatement.java:483)
	at jdk.internal.reflect.GeneratedMethodAccessor56.invoke(Unknown Source)
	at java.base/jdk.internal.reflect.DelegatingMethodAccessorImpl.invoke(DelegatingMethodAccessorImpl.java:43)
	at java.base/java.lang.reflect.Method.invoke(Method.java:568)
	at org.apache.ibatis.logging.jdbc.PreparedStatementLogger.invoke(PreparedStatementLogger.java:58)
	at jdk.proxy3/jdk.proxy3.$Proxy147.execute(Unknown Source)
2026-05-21 13:23:22.288 [1;31mERROR[0;39m [http-nio-8080-exec-9][N/A] [36mo.a.catalina.core.ContainerBase.[Tomcat].[localhost].[/].[dispatcherServlet][0;39m - Servlet.service() for servlet [dispatcherServlet] in context with path [] threw exception [Request processing failed: org.springframework.jdbc.BadSqlGrammarException: 
### Error querying database.  Cause: java.sql.SQLSyntaxErrorException: You have an error in your SQL syntax; check the manual that corresponds to your MySQL server version for the right syntax to use near ')' at line 1
### The error may exist in com/ai/system/mapper/UserMapper.java (best guess)
### The error may involve defaultParameterMap
### The error occurred while setting parameters
### SQL: SELECT id,username,business_name,password,phone,email,role,status,create_time,update_time FROM ai_token_user WHERE id IN ( )
### Cause: java.sql.SQLSyntaxErrorException: You have an error in your SQL syntax; check the manual that corresponds to your MySQL server version for the right syntax to use near ')' at line 1
; bad SQL grammar []] with root cause
java.sql.SQLSyntaxErrorException: You have an error in your SQL syntax; check the manual that corresponds to your MySQL server version for the right syntax to use near ')' at line 1
	at com.mysql.cj.jdbc.exceptions.SQLError.createSQLException(SQLError.java:121)
	at com.mysql.cj.jdbc.exceptions.SQLExceptionsMapping.translateException(SQLExceptionsMapping.java:122)
	at com.mysql.cj.jdbc.ClientPreparedStatement.executeInternal(ClientPreparedStatement.java:916)
	at com.mysql.cj.jdbc.ClientPreparedStatement.execute(ClientPreparedStatement.java:354)
	at com.alibaba.druid.pool.DruidPooledPreparedStatement.execute(DruidPooledPreparedStatement.java:483)
	at jdk.internal.reflect.GeneratedMethodAccessor56.invoke(Unknown Source)
	at java.base/jdk.internal.reflect.DelegatingMethodAccessorImpl.invoke(DelegatingMethodAccessorImpl.java:43)
	at java.base/java.lang.reflect.Method.invoke(Method.java:568)
	at org.apache.ibatis.logging.jdbc.PreparedStatementLogger.invoke(PreparedStatementLogger.java:58)
	at jdk.proxy3/jdk.proxy3.$Proxy147.execute(Unknown Source)
2026-05-21 13:23:24.173 [1;31mERROR[0;39m [http-nio-8080-exec-10][N/A] [36mo.a.catalina.core.ContainerBase.[Tomcat].[localhost].[/].[dispatcherServlet][0;39m - Servlet.service() for servlet [dispatcherServlet] in context with path [] threw exception [Request processing failed: org.springframework.jdbc.BadSqlGrammarException: 
### Error querying database.  Cause: java.sql.SQLSyntaxErrorException: You have an error in your SQL syntax; check the manual that corresponds to your MySQL server version for the right syntax to use near ')' at line 1
### The error may exist in com/ai/system/mapper/UserMapper.java (best guess)
### The error may involve defaultParameterMap
### The error occurred while setting parameters
### SQL: SELECT id,username,business_name,password,phone,email,role,status,create_time,update_time FROM ai_token_user WHERE id IN ( )
### Cause: java.sql.SQLSyntaxErrorException: You have an error in your SQL syntax; check the manual that corresponds to your MySQL server version for the right syntax to use near ')' at line 1
; bad SQL grammar []] with root cause
java.sql.SQLSyntaxErrorException: You have an error in your SQL syntax; check the manual that corresponds to your MySQL server version for the right syntax to use near ')' at line 1
	at com.mysql.cj.jdbc.exceptions.SQLError.createSQLException(SQLError.java:121)
	at com.mysql.cj.jdbc.exceptions.SQLExceptionsMapping.translateException(SQLExceptionsMapping.java:122)
	at com.mysql.cj.jdbc.ClientPreparedStatement.executeInternal(ClientPreparedStatement.java:916)
	at com.mysql.cj.jdbc.ClientPreparedStatement.execute(ClientPreparedStatement.java:354)
	at com.alibaba.druid.pool.DruidPooledPreparedStatement.execute(DruidPooledPreparedStatement.java:483)
	at jdk.internal.reflect.GeneratedMethodAccessor56.invoke(Unknown Source)
	at java.base/jdk.internal.reflect.DelegatingMethodAccessorImpl.invoke(DelegatingMethodAccessorImpl.java:43)
	at java.base/java.lang.reflect.Method.invoke(Method.java:568)
	at org.apache.ibatis.logging.jdbc.PreparedStatementLogger.invoke(PreparedStatementLogger.java:58)
	at jdk.proxy3/jdk.proxy3.$Proxy147.execute(Unknown Source)
2026-05-21 13:23:54.147 [1;31mERROR[0;39m [http-nio-8080-exec-4][N/A] [36mo.a.catalina.core.ContainerBase.[Tomcat].[localhost].[/].[dispatcherServlet][0;39m - Servlet.service() for servlet [dispatcherServlet] in context with path [] threw exception [Request processing failed: org.springframework.jdbc.BadSqlGrammarException: 
### Error querying database.  Cause: java.sql.SQLSyntaxErrorException: You have an error in your SQL syntax; check the manual that corresponds to your MySQL server version for the right syntax to use near ')' at line 1
### The error may exist in com/ai/system/mapper/UserMapper.java (best guess)
### The error may involve defaultParameterMap
### The error occurred while setting parameters
### SQL: SELECT id,username,business_name,password,phone,email,role,status,create_time,update_time FROM ai_token_user WHERE id IN ( )
### Cause: java.sql.SQLSyntaxErrorException: You have an error in your SQL syntax; check the manual that corresponds to your MySQL server version for the right syntax to use near ')' at line 1
; bad SQL grammar []] with root cause
java.sql.SQLSyntaxErrorException: You have an error in your SQL syntax; check the manual that corresponds to your MySQL server version for the right syntax to use near ')' at line 1
	at com.mysql.cj.jdbc.exceptions.SQLError.createSQLException(SQLError.java:121)
	at com.mysql.cj.jdbc.exceptions.SQLExceptionsMapping.translateException(SQLExceptionsMapping.java:122)
	at com.mysql.cj.jdbc.ClientPreparedStatement.executeInternal(ClientPreparedStatement.java:916)
	at com.mysql.cj.jdbc.ClientPreparedStatement.execute(ClientPreparedStatement.java:354)
	at com.alibaba.druid.pool.DruidPooledPreparedStatement.execute(DruidPooledPreparedStatement.java:483)
	at jdk.internal.reflect.GeneratedMethodAccessor56.invoke(Unknown Source)
	at java.base/jdk.internal.reflect.DelegatingMethodAccessorImpl.invoke(DelegatingMethodAccessorImpl.java:43)
	at java.base/java.lang.reflect.Method.invoke(Method.java:568)
	at org.apache.ibatis.logging.jdbc.PreparedStatementLogger.invoke(PreparedStatementLogger.java:58)
	at jdk.proxy3/jdk.proxy3.$Proxy147.execute(Unknown Source)
2026-05-21 13:24:24.044 [1;31mERROR[0;39m [http-nio-8080-exec-2][N/A] [36mo.a.catalina.core.ContainerBase.[Tomcat].[localhost].[/].[dispatcherServlet][0;39m - Servlet.service() for servlet [dispatcherServlet] in context with path [] threw exception [Request processing failed: org.springframework.jdbc.BadSqlGrammarException: 
### Error querying database.  Cause: java.sql.SQLSyntaxErrorException: You have an error in your SQL syntax; check the manual that corresponds to your MySQL server version for the right syntax to use near ')' at line 1
### The error may exist in com/ai/system/mapper/UserMapper.java (best guess)
### The error may involve defaultParameterMap
### The error occurred while setting parameters
### SQL: SELECT id,username,business_name,password,phone,email,role,status,create_time,update_time FROM ai_token_user WHERE id IN ( )
### Cause: java.sql.SQLSyntaxErrorException: You have an error in your SQL syntax; check the manual that corresponds to your MySQL server version for the right syntax to use near ')' at line 1
; bad SQL grammar []] with root cause
java.sql.SQLSyntaxErrorException: You have an error in your SQL syntax; check the manual that corresponds to your MySQL server version for the right syntax to use near ')' at line 1
	at com.mysql.cj.jdbc.exceptions.SQLError.createSQLException(SQLError.java:121)
	at com.mysql.cj.jdbc.exceptions.SQLExceptionsMapping.translateException(SQLExceptionsMapping.java:122)
	at com.mysql.cj.jdbc.ClientPreparedStatement.executeInternal(ClientPreparedStatement.java:916)
	at com.mysql.cj.jdbc.ClientPreparedStatement.execute(ClientPreparedStatement.java:354)
	at com.alibaba.druid.pool.DruidPooledPreparedStatement.execute(DruidPooledPreparedStatement.java:483)
	at jdk.internal.reflect.GeneratedMethodAccessor56.invoke(Unknown Source)
	at java.base/jdk.internal.reflect.DelegatingMethodAccessorImpl.invoke(DelegatingMethodAccessorImpl.java:43)
	at java.base/java.lang.reflect.Method.invoke(Method.java:568)
	at org.apache.ibatis.logging.jdbc.PreparedStatementLogger.invoke(PreparedStatementLogger.java:58)
	at jdk.proxy3/jdk.proxy3.$Proxy147.execute(Unknown Source)
2026-05-21 13:24:46.197 [1;31mERROR[0;39m [http-nio-8080-exec-8][N/A] [36mo.a.catalina.core.ContainerBase.[Tomcat].[localhost].[/].[dispatcherServlet][0;39m - Servlet.service() for servlet [dispatcherServlet] in context with path [] threw exception [Request processing failed: org.springframework.jdbc.BadSqlGrammarException: 
### Error querying database.  Cause: java.sql.SQLSyntaxErrorException: You have an error in your SQL syntax; check the manual that corresponds to your MySQL server version for the right syntax to use near ')' at line 1
### The error may exist in com/ai/system/mapper/UserMapper.java (best guess)
### The error may involve defaultParameterMap
### The error occurred while setting parameters
### SQL: SELECT id,username,business_name,password,phone,email,role,status,create_time,update_time FROM ai_token_user WHERE id IN ( )
### Cause: java.sql.SQLSyntaxErrorException: You have an error in your SQL syntax; check the manual that corresponds to your MySQL server version for the right syntax to use near ')' at line 1
; bad SQL grammar []] with root cause
java.sql.SQLSyntaxErrorException: You have an error in your SQL syntax; check the manual that corresponds to your MySQL server version for the right syntax to use near ')' at line 1
	at com.mysql.cj.jdbc.exceptions.SQLError.createSQLException(SQLError.java:121)
	at com.mysql.cj.jdbc.exceptions.SQLExceptionsMapping.translateException(SQLExceptionsMapping.java:122)
	at com.mysql.cj.jdbc.ClientPreparedStatement.executeInternal(ClientPreparedStatement.java:916)
	at com.mysql.cj.jdbc.ClientPreparedStatement.execute(ClientPreparedStatement.java:354)
	at com.alibaba.druid.pool.DruidPooledPreparedStatement.execute(DruidPooledPreparedStatement.java:483)
	at jdk.internal.reflect.GeneratedMethodAccessor56.invoke(Unknown Source)
	at java.base/jdk.internal.reflect.DelegatingMethodAccessorImpl.invoke(DelegatingMethodAccessorImpl.java:43)
	at java.base/java.lang.reflect.Method.invoke(Method.java:568)
	at org.apache.ibatis.logging.jdbc.PreparedStatementLogger.invoke(PreparedStatementLogger.java:58)
	at jdk.proxy3/jdk.proxy3.$Proxy147.execute(Unknown Source)
2026-05-21 13:24:46.776 [1;31mERROR[0;39m [http-nio-8080-exec-5][N/A] [36mo.a.catalina.core.ContainerBase.[Tomcat].[localhost].[/].[dispatcherServlet][0;39m - Servlet.service() for servlet [dispatcherServlet] in context with path [] threw exception [Request processing failed: org.springframework.jdbc.BadSqlGrammarException: 
### Error querying database.  Cause: java.sql.SQLSyntaxErrorException: You have an error in your SQL syntax; check the manual that corresponds to your MySQL server version for the right syntax to use near ')' at line 1
### The error may exist in com/ai/system/mapper/UserMapper.java (best guess)
### The error may involve defaultParameterMap
### The error occurred while setting parameters
### SQL: SELECT id,username,business_name,password,phone,email,role,status,create_time,update_time FROM ai_token_user WHERE id IN ( )
### Cause: java.sql.SQLSyntaxErrorException: You have an error in your SQL syntax; check the manual that corresponds to your MySQL server version for the right syntax to use near ')' at line 1
; bad SQL grammar []] with root cause
java.sql.SQLSyntaxErrorException: You have an error in your SQL syntax; check the manual that corresponds to your MySQL server version for the right syntax to use near ')' at line 1
	at com.mysql.cj.jdbc.exceptions.SQLError.createSQLException(SQLError.java:121)
	at com.mysql.cj.jdbc.exceptions.SQLExceptionsMapping.translateException(SQLExceptionsMapping.java:122)
	at com.mysql.cj.jdbc.ClientPreparedStatement.executeInternal(ClientPreparedStatement.java:916)
	at com.mysql.cj.jdbc.ClientPreparedStatement.execute(ClientPreparedStatement.java:354)
	at com.alibaba.druid.pool.DruidPooledPreparedStatement.execute(DruidPooledPreparedStatement.java:483)
	at jdk.internal.reflect.GeneratedMethodAccessor56.invoke(Unknown Source)
	at java.base/jdk.internal.reflect.DelegatingMethodAccessorImpl.invoke(DelegatingMethodAccessorImpl.java:43)
	at java.base/java.lang.reflect.Method.invoke(Method.java:568)
	at org.apache.ibatis.logging.jdbc.PreparedStatementLogger.invoke(PreparedStatementLogger.java:58)
	at jdk.proxy3/jdk.proxy3.$Proxy147.execute(Unknown Source)
2026-05-21 13:24:54.839 [34mINFO [0;39m [http-nio-8080-exec-4][f69bf9b98fe346268220d5655fc51dd9] [36mcom.ai.system.util.tyy.TyySignUtil[0;39m - 【请求天翼云网关服务:url:https://aigw-global.ctapi.ctyun.cn/v1/tokenUsage/query,method:POST,body:{"groupBy":0,"startTime":"2026-05-01 00:00:00","endTime":"2026-05-21 00:00:00"}】
2026-05-21 13:24:54.842 [34mINFO [0;39m [http-nio-8080-exec-4][f69bf9b98fe346268220d5655fc51dd9] [36mcom.ai.system.util.tyy.TyySignUtil[0;39m - 【请求天翼云网关服务请求体:{}】
2026-05-21 13:24:56.443 [34mINFO [0;39m [http-nio-8080-exec-4][f69bf9b98fe346268220d5655fc51dd9] [36mcom.ai.system.util.tyy.TyySignUtil[0;39m - 【请求天翼云网关服务响应体:{"returnObj":[],"message":"success","statusCode":200}】
2026-05-21 13:24:56.453 [1;31mERROR[0;39m [http-nio-8080-exec-4][N/A] [36mo.a.catalina.core.ContainerBase.[Tomcat].[localhost].[/].[dispatcherServlet][0;39m - Servlet.service() for servlet [dispatcherServlet] in context with path [] threw exception [Request processing failed: java.lang.NullPointerException] with root cause
java.lang.NullPointerException: null
	at java.base/java.util.stream.ReferencePipeline$5$1.accept(ReferencePipeline.java:231)
	at java.base/java.util.ArrayList$ArrayListSpliterator.forEachRemaining(ArrayList.java:1625)
	at java.base/java.util.stream.AbstractPipeline.copyInto(AbstractPipeline.java:509)
	at java.base/java.util.stream.AbstractPipeline.wrapAndCopyInto(AbstractPipeline.java:499)
	at java.base/java.util.stream.ReduceOps$ReduceOp.evaluateSequential(ReduceOps.java:921)
	at java.base/java.util.stream.AbstractPipeline.evaluate(AbstractPipeline.java:234)
	at java.base/java.util.stream.LongPipeline.reduce(LongPipeline.java:498)
	at java.base/java.util.stream.LongPipeline.sum(LongPipeline.java:456)
	at com.ai.system.service.impl.DashboardServiceImpl.buildStats(DashboardServiceImpl.java:48)
	at com.ai.system.service.impl.DashboardServiceImpl.getAdminStats(DashboardServiceImpl.java:32)
2026-05-21 13:25:17.284 [1;31mERROR[0;39m [http-nio-8080-exec-6][N/A] [36mo.a.catalina.core.ContainerBase.[Tomcat].[localhost].[/].[dispatcherServlet][0;39m - Servlet.service() for servlet [dispatcherServlet] in context with path [] threw exception [Request processing failed: org.springframework.jdbc.BadSqlGrammarException: 
### Error querying database.  Cause: java.sql.SQLSyntaxErrorException: You have an error in your SQL syntax; check the manual that corresponds to your MySQL server version for the right syntax to use near ')' at line 1
### The error may exist in com/ai/system/mapper/UserMapper.java (best guess)
### The error may involve defaultParameterMap
### The error occurred while setting parameters
### SQL: SELECT id,username,business_name,password,phone,email,role,status,create_time,update_time FROM ai_token_user WHERE id IN ( )
### Cause: java.sql.SQLSyntaxErrorException: You have an error in your SQL syntax; check the manual that corresponds to your MySQL server version for the right syntax to use near ')' at line 1
; bad SQL grammar []] with root cause
java.sql.SQLSyntaxErrorException: You have an error in your SQL syntax; check the manual that corresponds to your MySQL server version for the right syntax to use near ')' at line 1
	at com.mysql.cj.jdbc.exceptions.SQLError.createSQLException(SQLError.java:121)
	at com.mysql.cj.jdbc.exceptions.SQLExceptionsMapping.translateException(SQLExceptionsMapping.java:122)
	at com.mysql.cj.jdbc.ClientPreparedStatement.executeInternal(ClientPreparedStatement.java:916)
	at com.mysql.cj.jdbc.ClientPreparedStatement.execute(ClientPreparedStatement.java:354)
	at com.alibaba.druid.pool.DruidPooledPreparedStatement.execute(DruidPooledPreparedStatement.java:483)
	at jdk.internal.reflect.GeneratedMethodAccessor56.invoke(Unknown Source)
	at java.base/jdk.internal.reflect.DelegatingMethodAccessorImpl.invoke(DelegatingMethodAccessorImpl.java:43)
	at java.base/java.lang.reflect.Method.invoke(Method.java:568)
	at org.apache.ibatis.logging.jdbc.PreparedStatementLogger.invoke(PreparedStatementLogger.java:58)
	at jdk.proxy3/jdk.proxy3.$Proxy147.execute(Unknown Source)
2026-05-21 13:25:29.370 [34mINFO [0;39m [http-nio-8080-exec-3][53c87c118f2f48e4b180ecaa522c4824] [36mcom.ai.system.util.tyy.TyySignUtil[0;39m - 【请求天翼云网关服务:url:https://aigw-global.ctapi.ctyun.cn/v1/tokenUsage/query,method:POST,body:{"groupBy":0,"startTime":"2026-05-01 00:00:00","endTime":"2026-05-21 23:59:59"}】
2026-05-21 13:25:29.370 [34mINFO [0;39m [http-nio-8080-exec-3][53c87c118f2f48e4b180ecaa522c4824] [36mcom.ai.system.util.tyy.TyySignUtil[0;39m - 【请求天翼云网关服务请求体:{}】
2026-05-21 13:25:29.921 [34mINFO [0;39m [http-nio-8080-exec-3][53c87c118f2f48e4b180ecaa522c4824] [36mcom.ai.system.util.tyy.TyySignUtil[0;39m - 【请求天翼云网关服务响应体:{"returnObj":[],"message":"success","statusCode":200}】
2026-05-21 13:25:53.667 [34mINFO [0;39m [http-nio-8080-exec-10][8248cd6d9cf449188422056da9a59020] [36mcom.ai.system.util.tyy.TyySignUtil[0;39m - 【请求天翼云网关服务:url:https://aigw-global.ctapi.ctyun.cn/v1/tokenUsage/query,method:POST,body:{"groupBy":0,"startTime":"2026-05-01 00:00:00","endTime":"2026-05-21 23:59:59"}】
2026-05-21 13:25:53.667 [34mINFO [0;39m [http-nio-8080-exec-10][8248cd6d9cf449188422056da9a59020] [36mcom.ai.system.util.tyy.TyySignUtil[0;39m - 【请求天翼云网关服务请求体:{}】
2026-05-21 13:25:54.271 [1;31mERROR[0;39m [http-nio-8080-exec-4][N/A] [36mo.a.catalina.core.ContainerBase.[Tomcat].[localhost].[/].[dispatcherServlet][0;39m - Servlet.service() for servlet [dispatcherServlet] in context with path [] threw exception [Request processing failed: org.springframework.jdbc.BadSqlGrammarException: 
### Error querying database.  Cause: java.sql.SQLSyntaxErrorException: You have an error in your SQL syntax; check the manual that corresponds to your MySQL server version for the right syntax to use near ')' at line 1
### The error may exist in com/ai/system/mapper/UserMapper.java (best guess)
### The error may involve defaultParameterMap
### The error occurred while setting parameters
### SQL: SELECT id,username,business_name,password,phone,email,role,status,create_time,update_time FROM ai_token_user WHERE id IN ( )
### Cause: java.sql.SQLSyntaxErrorException: You have an error in your SQL syntax; check the manual that corresponds to your MySQL server version for the right syntax to use near ')' at line 1
; bad SQL grammar []] with root cause
java.sql.SQLSyntaxErrorException: You have an error in your SQL syntax; check the manual that corresponds to your MySQL server version for the right syntax to use near ')' at line 1
	at com.mysql.cj.jdbc.exceptions.SQLError.createSQLException(SQLError.java:121)
	at com.mysql.cj.jdbc.exceptions.SQLExceptionsMapping.translateException(SQLExceptionsMapping.java:122)
	at com.mysql.cj.jdbc.ClientPreparedStatement.executeInternal(ClientPreparedStatement.java:916)
	at com.mysql.cj.jdbc.ClientPreparedStatement.execute(ClientPreparedStatement.java:354)
	at com.alibaba.druid.pool.DruidPooledPreparedStatement.execute(DruidPooledPreparedStatement.java:483)
	at jdk.internal.reflect.GeneratedMethodAccessor56.invoke(Unknown Source)
	at java.base/jdk.internal.reflect.DelegatingMethodAccessorImpl.invoke(DelegatingMethodAccessorImpl.java:43)
	at java.base/java.lang.reflect.Method.invoke(Method.java:568)
	at org.apache.ibatis.logging.jdbc.PreparedStatementLogger.invoke(PreparedStatementLogger.java:58)
	at jdk.proxy3/jdk.proxy3.$Proxy147.execute(Unknown Source)
2026-05-21 13:25:54.652 [34mINFO [0;39m [http-nio-8080-exec-10][8248cd6d9cf449188422056da9a59020] [36mcom.ai.system.util.tyy.TyySignUtil[0;39m - 【请求天翼云网关服务响应体:{"returnObj":[],"message":"success","statusCode":200}】
2026-05-21 13:25:55.952 [34mINFO [0;39m [http-nio-8080-exec-2][234d42a863ab4bdabcf6ce4af03e5e67] [36mcom.ai.system.util.tyy.TyySignUtil[0;39m - 【请求天翼云网关服务:url:https://aigw-global.ctapi.ctyun.cn/v1/tokenUsage/query,method:POST,body:{"groupBy":0,"startTime":"2026-05-01 00:00:00","endTime":"2026-05-21 00:00:00"}】
2026-05-21 13:25:55.952 [34mINFO [0;39m [http-nio-8080-exec-2][234d42a863ab4bdabcf6ce4af03e5e67] [36mcom.ai.system.util.tyy.TyySignUtil[0;39m - 【请求天翼云网关服务请求体:{}】
2026-05-21 13:25:56.694 [34mINFO [0;39m [http-nio-8080-exec-2][234d42a863ab4bdabcf6ce4af03e5e67] [36mcom.ai.system.util.tyy.TyySignUtil[0;39m - 【请求天翼云网关服务响应体:{"returnObj":[],"message":"success","statusCode":200}】
2026-05-21 13:42:40.945 [34mINFO [0;39m [background-preinit][N/A] [36morg.hibernate.validator.internal.util.Version[0;39m - HV000001: Hibernate Validator 8.0.1.Final
2026-05-21 13:42:40.964 [34mINFO [0;39m [main][N/A] [36mcom.ai.system.AiTokenSystemApplication[0;39m - Starting AiTokenSystemApplication using Java 17.0.14 with PID 14320 (D:\java_projects\ai-token-system\target\classes started by Administrator in D:\java_projects\ai-token-system)
2026-05-21 13:42:40.965 [34mINFO [0;39m [main][N/A] [36mcom.ai.system.AiTokenSystemApplication[0;39m - No active profile set, falling back to 1 default profile: "default"
2026-05-21 13:42:41.950 [34mINFO [0;39m [main][N/A] [36morg.springframework.data.repository.config.RepositoryConfigurationDelegate[0;39m - Multiple Spring Data modules found, entering strict repository configuration mode
2026-05-21 13:42:41.952 [34mINFO [0;39m [main][N/A] [36morg.springframework.data.repository.config.RepositoryConfigurationDelegate[0;39m - Bootstrapping Spring Data Redis repositories in DEFAULT mode.
2026-05-21 13:42:41.972 [34mINFO [0;39m [main][N/A] [36morg.springframework.data.repository.config.RepositoryConfigurationDelegate[0;39m - Finished Spring Data repository scanning in 13 ms. Found 0 Redis repository interfaces.
2026-05-21 13:42:42.115 [34mINFO [0;39m [main][N/A] [36mc.u.j.configuration.EnableEncryptablePropertiesBeanFactoryPostProcessor[0;39m - Post-processing PropertySource instances
2026-05-21 13:42:42.116 [34mINFO [0;39m [main][N/A] [36mcom.ulisesbocchio.jasyptspringboot.EncryptablePropertySourceConverter[0;39m - Skipping PropertySource configurationProperties [class org.springframework.boot.context.properties.source.ConfigurationPropertySourcesPropertySource
2026-05-21 13:42:42.116 [34mINFO [0;39m [main][N/A] [36mcom.ulisesbocchio.jasyptspringboot.EncryptablePropertySourceConverter[0;39m - Skipping PropertySource servletConfigInitParams [class org.springframework.core.env.PropertySource$StubPropertySource
2026-05-21 13:42:42.116 [34mINFO [0;39m [main][N/A] [36mcom.ulisesbocchio.jasyptspringboot.EncryptablePropertySourceConverter[0;39m - Skipping PropertySource servletContextInitParams [class org.springframework.core.env.PropertySource$StubPropertySource
2026-05-21 13:42:42.117 [34mINFO [0;39m [main][N/A] [36mcom.ulisesbocchio.jasyptspringboot.EncryptablePropertySourceConverter[0;39m - Converting PropertySource systemProperties [org.springframework.core.env.PropertiesPropertySource] to EncryptableMapPropertySourceWrapper
2026-05-21 13:42:42.117 [34mINFO [0;39m [main][N/A] [36mcom.ulisesbocchio.jasyptspringboot.EncryptablePropertySourceConverter[0;39m - Converting PropertySource systemEnvironment [org.springframework.boot.env.SystemEnvironmentPropertySourceEnvironmentPostProcessor$OriginAwareSystemEnvironmentPropertySource] to EncryptableSystemEnvironmentPropertySourceWrapper
2026-05-21 13:42:42.117 [34mINFO [0;39m [main][N/A] [36mcom.ulisesbocchio.jasyptspringboot.EncryptablePropertySourceConverter[0;39m - Converting PropertySource random [org.springframework.boot.env.RandomValuePropertySource] to EncryptablePropertySourceWrapper
2026-05-21 13:42:42.117 [34mINFO [0;39m [main][N/A] [36mcom.ulisesbocchio.jasyptspringboot.EncryptablePropertySourceConverter[0;39m - Converting PropertySource Config resource 'class path resource [application.yml]' via location 'optional:classpath:/' [org.springframework.boot.env.OriginTrackedMapPropertySource] to EncryptableMapPropertySourceWrapper
2026-05-21 13:42:42.352 [34mINFO [0;39m [main][N/A] [36morg.springframework.boot.web.embedded.tomcat.TomcatWebServer[0;39m - Tomcat initialized with port 8080 (http)
2026-05-21 13:42:42.392 [34mINFO [0;39m [main][N/A] [36morg.springframework.boot.web.servlet.context.ServletWebServerApplicationContext[0;39m - Root WebApplicationContext: initialization completed in 1407 ms
2026-05-21 13:42:42.461 [34mINFO [0;39m [main][N/A] [36mcom.ulisesbocchio.jasyptspringboot.filter.DefaultLazyPropertyFilter[0;39m - Property Filter custom Bean not found with name 'encryptablePropertyFilter'. Initializing Default Property Filter
2026-05-21 13:42:42.465 [34mINFO [0;39m [main][N/A] [36mcom.ulisesbocchio.jasyptspringboot.resolver.DefaultLazyPropertyResolver[0;39m - Property Resolver custom Bean not found with name 'encryptablePropertyResolver'. Initializing Default Property Resolver
2026-05-21 13:42:42.466 [34mINFO [0;39m [main][N/A] [36mcom.ulisesbocchio.jasyptspringboot.detector.DefaultLazyPropertyDetector[0;39m - Property Detector custom Bean not found with name 'encryptablePropertyDetector'. Initializing Default Property Detector
2026-05-21 13:42:42.522 [34mINFO [0;39m [main][N/A] [36morg.redisson.Version[0;39m - Redisson 3.36.0
2026-05-21 13:42:42.779 [34mINFO [0;39m [redisson-netty-1-4][N/A] [36morg.redisson.connection.ConnectionsHolder[0;39m - 1 connections initialized for 49.232.190.146/49.232.190.146:6379
2026-05-21 13:42:44.966 [34mINFO [0;39m [redisson-netty-1-19][N/A] [36morg.redisson.connection.ConnectionsHolder[0;39m - 24 connections initialized for 49.232.190.146/49.232.190.146:6379
2026-05-21 13:42:45.053 [34mINFO [0;39m [main][N/A] [36mcom.alibaba.druid.spring.boot3.autoconfigure.DruidDataSourceAutoConfigure[0;39m - Init DruidDataSource
2026-05-21 13:42:45.098 [34mINFO [0;39m [main][N/A] [36mcom.alibaba.druid.pool.DruidDataSource[0;39m - {dataSource-1} inited
2026-05-21 13:42:45.742 [34mINFO [0;39m [main][N/A] [36morg.springframework.boot.actuate.endpoint.web.EndpointLinksResolver[0;39m - Exposing 1 endpoint beneath base path '/actuator'
2026-05-21 13:42:46.218 [34mINFO [0;39m [main][N/A] [36morg.springframework.boot.web.embedded.tomcat.TomcatWebServer[0;39m - Tomcat started on port 8080 (http) with context path '/'
2026-05-21 13:42:46.219 [34mINFO [0;39m [main][N/A] [36mcom.ulisesbocchio.jasyptspringboot.caching.RefreshScopeRefreshedEventListener[0;39m - Refreshing cached encryptable property sources on ServletWebServerInitializedEvent
2026-05-21 13:42:46.220 [34mINFO [0;39m [main][N/A] [36mc.u.jasyptspringboot.caching.CachingDelegateEncryptablePropertySource[0;39m - Property Source systemProperties refreshed
2026-05-21 13:42:46.221 [34mINFO [0;39m [main][N/A] [36mc.u.jasyptspringboot.caching.CachingDelegateEncryptablePropertySource[0;39m - Property Source systemEnvironment refreshed
2026-05-21 13:42:46.221 [34mINFO [0;39m [main][N/A] [36mc.u.jasyptspringboot.caching.CachingDelegateEncryptablePropertySource[0;39m - Property Source random refreshed
2026-05-21 13:42:46.222 [34mINFO [0;39m [main][N/A] [36mc.u.jasyptspringboot.caching.CachingDelegateEncryptablePropertySource[0;39m - Property Source Config resource 'class path resource [application.yml]' via location 'optional:classpath:/' refreshed
2026-05-21 13:42:46.222 [34mINFO [0;39m [main][N/A] [36mcom.ulisesbocchio.jasyptspringboot.EncryptablePropertySourceConverter[0;39m - Skipping PropertySource configurationProperties [class org.springframework.boot.context.properties.source.ConfigurationPropertySourcesPropertySource
2026-05-21 13:42:46.222 [34mINFO [0;39m [main][N/A] [36mcom.ulisesbocchio.jasyptspringboot.EncryptablePropertySourceConverter[0;39m - Skipping PropertySource servletConfigInitParams [class org.springframework.core.env.PropertySource$StubPropertySource
2026-05-21 13:42:46.223 [34mINFO [0;39m [main][N/A] [36mcom.ulisesbocchio.jasyptspringboot.EncryptablePropertySourceConverter[0;39m - Converting PropertySource servletContextInitParams [org.springframework.web.context.support.ServletContextPropertySource] to EncryptableEnumerablePropertySourceWrapper
2026-05-21 13:42:46.223 [34mINFO [0;39m [main][N/A] [36mcom.ulisesbocchio.jasyptspringboot.EncryptablePropertySourceConverter[0;39m - Converting PropertySource Management Server [org.springframework.boot.actuate.autoconfigure.web.server.ManagementContextAutoConfiguration$SameManagementContextConfiguration$1] to EncryptablePropertySourceWrapper
2026-05-21 13:47:40.831 [34mINFO [0;39m [background-preinit][N/A] [36morg.hibernate.validator.internal.util.Version[0;39m - HV000001: Hibernate Validator 8.0.1.Final
2026-05-21 13:47:40.851 [34mINFO [0;39m [main][N/A] [36mcom.ai.system.AiTokenSystemApplication[0;39m - Starting AiTokenSystemApplication using Java 17.0.14 with PID 15872 (D:\java_projects\ai-token-system\target\classes started by Administrator in D:\java_projects\ai-token-system)
2026-05-21 13:47:40.851 [34mINFO [0;39m [main][N/A] [36mcom.ai.system.AiTokenSystemApplication[0;39m - No active profile set, falling back to 1 default profile: "default"
2026-05-21 13:47:41.372 [34mINFO [0;39m [main][N/A] [36morg.springframework.data.repository.config.RepositoryConfigurationDelegate[0;39m - Multiple Spring Data modules found, entering strict repository configuration mode
2026-05-21 13:47:41.374 [34mINFO [0;39m [main][N/A] [36morg.springframework.data.repository.config.RepositoryConfigurationDelegate[0;39m - Bootstrapping Spring Data Redis repositories in DEFAULT mode.
2026-05-21 13:47:41.397 [34mINFO [0;39m [main][N/A] [36morg.springframework.data.repository.config.RepositoryConfigurationDelegate[0;39m - Finished Spring Data repository scanning in 16 ms. Found 0 Redis repository interfaces.
2026-05-21 13:47:41.534 [34mINFO [0;39m [main][N/A] [36mc.u.j.configuration.EnableEncryptablePropertiesBeanFactoryPostProcessor[0;39m - Post-processing PropertySource instances
2026-05-21 13:47:41.534 [34mINFO [0;39m [main][N/A] [36mcom.ulisesbocchio.jasyptspringboot.EncryptablePropertySourceConverter[0;39m - Skipping PropertySource configurationProperties [class org.springframework.boot.context.properties.source.ConfigurationPropertySourcesPropertySource
2026-05-21 13:47:41.534 [34mINFO [0;39m [main][N/A] [36mcom.ulisesbocchio.jasyptspringboot.EncryptablePropertySourceConverter[0;39m - Skipping PropertySource servletConfigInitParams [class org.springframework.core.env.PropertySource$StubPropertySource
2026-05-21 13:47:41.535 [34mINFO [0;39m [main][N/A] [36mcom.ulisesbocchio.jasyptspringboot.EncryptablePropertySourceConverter[0;39m - Skipping PropertySource servletContextInitParams [class org.springframework.core.env.PropertySource$StubPropertySource
2026-05-21 13:47:41.535 [34mINFO [0;39m [main][N/A] [36mcom.ulisesbocchio.jasyptspringboot.EncryptablePropertySourceConverter[0;39m - Converting PropertySource systemProperties [org.springframework.core.env.PropertiesPropertySource] to EncryptableMapPropertySourceWrapper
2026-05-21 13:47:41.535 [34mINFO [0;39m [main][N/A] [36mcom.ulisesbocchio.jasyptspringboot.EncryptablePropertySourceConverter[0;39m - Converting PropertySource systemEnvironment [org.springframework.boot.env.SystemEnvironmentPropertySourceEnvironmentPostProcessor$OriginAwareSystemEnvironmentPropertySource] to EncryptableSystemEnvironmentPropertySourceWrapper
2026-05-21 13:47:41.535 [34mINFO [0;39m [main][N/A] [36mcom.ulisesbocchio.jasyptspringboot.EncryptablePropertySourceConverter[0;39m - Converting PropertySource random [org.springframework.boot.env.RandomValuePropertySource] to EncryptablePropertySourceWrapper
2026-05-21 13:47:41.535 [34mINFO [0;39m [main][N/A] [36mcom.ulisesbocchio.jasyptspringboot.EncryptablePropertySourceConverter[0;39m - Converting PropertySource Config resource 'class path resource [application.yml]' via location 'optional:classpath:/' [org.springframework.boot.env.OriginTrackedMapPropertySource] to EncryptableMapPropertySourceWrapper
2026-05-21 13:47:41.756 [34mINFO [0;39m [main][N/A] [36morg.springframework.boot.web.embedded.tomcat.TomcatWebServer[0;39m - Tomcat initialized with port 8080 (http)
2026-05-21 13:47:41.797 [34mINFO [0;39m [main][N/A] [36morg.springframework.boot.web.servlet.context.ServletWebServerApplicationContext[0;39m - Root WebApplicationContext: initialization completed in 927 ms
2026-05-21 13:47:41.865 [34mINFO [0;39m [main][N/A] [36mcom.ulisesbocchio.jasyptspringboot.filter.DefaultLazyPropertyFilter[0;39m - Property Filter custom Bean not found with name 'encryptablePropertyFilter'. Initializing Default Property Filter
2026-05-21 13:47:41.871 [34mINFO [0;39m [main][N/A] [36mcom.ulisesbocchio.jasyptspringboot.resolver.DefaultLazyPropertyResolver[0;39m - Property Resolver custom Bean not found with name 'encryptablePropertyResolver'. Initializing Default Property Resolver
2026-05-21 13:47:41.872 [34mINFO [0;39m [main][N/A] [36mcom.ulisesbocchio.jasyptspringboot.detector.DefaultLazyPropertyDetector[0;39m - Property Detector custom Bean not found with name 'encryptablePropertyDetector'. Initializing Default Property Detector
2026-05-21 13:47:41.928 [34mINFO [0;39m [main][N/A] [36morg.redisson.Version[0;39m - Redisson 3.36.0
2026-05-21 13:47:42.179 [34mINFO [0;39m [redisson-netty-1-4][N/A] [36morg.redisson.connection.ConnectionsHolder[0;39m - 1 connections initialized for 49.232.190.146/49.232.190.146:6379
2026-05-21 13:47:44.389 [34mINFO [0;39m [redisson-netty-1-19][N/A] [36morg.redisson.connection.ConnectionsHolder[0;39m - 24 connections initialized for 49.232.190.146/49.232.190.146:6379
2026-05-21 13:47:44.551 [34mINFO [0;39m [main][N/A] [36mcom.alibaba.druid.spring.boot3.autoconfigure.DruidDataSourceAutoConfigure[0;39m - Init DruidDataSource
2026-05-21 13:47:44.640 [34mINFO [0;39m [main][N/A] [36mcom.alibaba.druid.pool.DruidDataSource[0;39m - {dataSource-1} inited
2026-05-21 13:47:45.884 [34mINFO [0;39m [main][N/A] [36morg.springframework.boot.actuate.endpoint.web.EndpointLinksResolver[0;39m - Exposing 1 endpoint beneath base path '/actuator'
2026-05-21 13:47:46.374 [34mINFO [0;39m [main][N/A] [36morg.springframework.boot.web.embedded.tomcat.TomcatWebServer[0;39m - Tomcat started on port 8080 (http) with context path '/'
2026-05-21 13:47:46.375 [34mINFO [0;39m [main][N/A] [36mcom.ulisesbocchio.jasyptspringboot.caching.RefreshScopeRefreshedEventListener[0;39m - Refreshing cached encryptable property sources on ServletWebServerInitializedEvent
2026-05-21 13:47:46.376 [34mINFO [0;39m [main][N/A] [36mc.u.jasyptspringboot.caching.CachingDelegateEncryptablePropertySource[0;39m - Property Source systemProperties refreshed
2026-05-21 13:47:46.376 [34mINFO [0;39m [main][N/A] [36mc.u.jasyptspringboot.caching.CachingDelegateEncryptablePropertySource[0;39m - Property Source systemEnvironment refreshed
2026-05-21 13:47:46.376 [34mINFO [0;39m [main][N/A] [36mc.u.jasyptspringboot.caching.CachingDelegateEncryptablePropertySource[0;39m - Property Source random refreshed
2026-05-21 13:47:46.376 [34mINFO [0;39m [main][N/A] [36mc.u.jasyptspringboot.caching.CachingDelegateEncryptablePropertySource[0;39m - Property Source Config resource 'class path resource [application.yml]' via location 'optional:classpath:/' refreshed
2026-05-21 13:47:46.376 [34mINFO [0;39m [main][N/A] [36mcom.ulisesbocchio.jasyptspringboot.EncryptablePropertySourceConverter[0;39m - Skipping PropertySource configurationProperties [class org.springframework.boot.context.properties.source.ConfigurationPropertySourcesPropertySource
2026-05-21 13:47:46.376 [34mINFO [0;39m [main][N/A] [36mcom.ulisesbocchio.jasyptspringboot.EncryptablePropertySourceConverter[0;39m - Skipping PropertySource servletConfigInitParams [class org.springframework.core.env.PropertySource$StubPropertySource
2026-05-21 13:47:46.376 [34mINFO [0;39m [main][N/A] [36mcom.ulisesbocchio.jasyptspringboot.EncryptablePropertySourceConverter[0;39m - Converting PropertySource servletContextInitParams [org.springframework.web.context.support.ServletContextPropertySource] to EncryptableEnumerablePropertySourceWrapper
2026-05-21 13:47:46.376 [34mINFO [0;39m [main][N/A] [36mcom.ulisesbocchio.jasyptspringboot.EncryptablePropertySourceConverter[0;39m - Converting PropertySource Management Server [org.springframework.boot.actuate.autoconfigure.web.server.ManagementContextAutoConfiguration$SameManagementContextConfiguration$1] to EncryptablePropertySourceWrapper
2026-05-21 13:47:46.392 [34mINFO [0;39m [main][N/A] [36mcom.ai.system.AiTokenSystemApplication[0;39m - Started AiTokenSystemApplication in 5.814 seconds (process running for 6.192)
2026-05-21 13:47:46.936 [34mINFO [0;39m [RMI TCP Connection(4)-192.168.10.101][N/A] [36morg.springframework.web.servlet.DispatcherServlet[0;39m - Initializing Servlet 'dispatcherServlet'
2026-05-21 13:47:46.937 [34mINFO [0;39m [RMI TCP Connection(4)-192.168.10.101][N/A] [36morg.springframework.web.servlet.DispatcherServlet[0;39m - Completed initialization in 1 ms
2026-05-21 13:47:59.369 [34mINFO [0;39m [http-nio-8080-exec-3][3e3227985f154452971a395fb2d5bdf6] [36mcom.ai.system.util.tyy.TyySignUtil[0;39m - 【请求天翼云网关服务:url:https://aigw-global.ctapi.ctyun.cn/v1/tokenUsage/query,method:POST,body:{"groupBy":0,"startTime":"2026-05-01 00:00:00","endTime":"2026-05-21 00:00:00"}】
2026-05-21 13:47:59.373 [34mINFO [0;39m [http-nio-8080-exec-3][3e3227985f154452971a395fb2d5bdf6] [36mcom.ai.system.util.tyy.TyySignUtil[0;39m - 【请求天翼云网关服务请求体:{}】
2026-05-21 13:48:00.949 [34mINFO [0;39m [http-nio-8080-exec-3][3e3227985f154452971a395fb2d5bdf6] [36mcom.ai.system.util.tyy.TyySignUtil[0;39m - 【请求天翼云网关服务响应体:{"returnObj":[],"message":"success","statusCode":200}】
2026-05-21 13:48:00.959 [1;31mERROR[0;39m [http-nio-8080-exec-3][N/A] [36mo.a.catalina.core.ContainerBase.[Tomcat].[localhost].[/].[dispatcherServlet][0;39m - Servlet.service() for servlet [dispatcherServlet] in context with path [] threw exception [Request processing failed: java.lang.NullPointerException] with root cause
java.lang.NullPointerException: null
	at java.base/java.util.stream.ReferencePipeline$5$1.accept(ReferencePipeline.java:231)
	at java.base/java.util.ArrayList$ArrayListSpliterator.forEachRemaining(ArrayList.java:1625)
	at java.base/java.util.stream.AbstractPipeline.copyInto(AbstractPipeline.java:509)
	at java.base/java.util.stream.AbstractPipeline.wrapAndCopyInto(AbstractPipeline.java:499)
	at java.base/java.util.stream.ReduceOps$ReduceOp.evaluateSequential(ReduceOps.java:921)
	at java.base/java.util.stream.AbstractPipeline.evaluate(AbstractPipeline.java:234)
	at java.base/java.util.stream.LongPipeline.reduce(LongPipeline.java:498)
	at java.base/java.util.stream.LongPipeline.sum(LongPipeline.java:456)
	at com.ai.system.service.impl.DashboardServiceImpl.buildStats(DashboardServiceImpl.java:48)
	at com.ai.system.service.impl.DashboardServiceImpl.getAdminStats(DashboardServiceImpl.java:32)
2026-05-21 13:48:02.892 [1;31mERROR[0;39m [http-nio-8080-exec-4][N/A] [36mo.a.catalina.core.ContainerBase.[Tomcat].[localhost].[/].[dispatcherServlet][0;39m - Servlet.service() for servlet [dispatcherServlet] in context with path [] threw exception [Request processing failed: org.springframework.jdbc.BadSqlGrammarException: 
### Error querying database.  Cause: java.sql.SQLSyntaxErrorException: Table 'ai_token.ai_token_model' doesn't exist
### The error may exist in com/ai/system/mapper/ModelMapper.java (best guess)
### The error may involve defaultParameterMap
### The error occurred while setting parameters
### SQL: SELECT id,model_name,model_code,description,create_time FROM ai_token_model WHERE id IN (   ?  ,  ?  ,  ?  ,  ?  ,  ?  )
### Cause: java.sql.SQLSyntaxErrorException: Table 'ai_token.ai_token_model' doesn't exist
; bad SQL grammar []] with root cause
java.sql.SQLSyntaxErrorException: Table 'ai_token.ai_token_model' doesn't exist
	at com.mysql.cj.jdbc.exceptions.SQLError.createSQLException(SQLError.java:121)
	at com.mysql.cj.jdbc.exceptions.SQLExceptionsMapping.translateException(SQLExceptionsMapping.java:122)
	at com.mysql.cj.jdbc.ClientPreparedStatement.executeInternal(ClientPreparedStatement.java:916)
	at com.mysql.cj.jdbc.ClientPreparedStatement.execute(ClientPreparedStatement.java:354)
	at com.alibaba.druid.pool.DruidPooledPreparedStatement.execute(DruidPooledPreparedStatement.java:483)
	at java.base/jdk.internal.reflect.NativeMethodAccessorImpl.invoke0(Native Method)
	at java.base/jdk.internal.reflect.NativeMethodAccessorImpl.invoke(NativeMethodAccessorImpl.java:77)
	at java.base/jdk.internal.reflect.DelegatingMethodAccessorImpl.invoke(DelegatingMethodAccessorImpl.java:43)
	at java.base/java.lang.reflect.Method.invoke(Method.java:568)
	at org.apache.ibatis.logging.jdbc.PreparedStatementLogger.invoke(PreparedStatementLogger.java:58)
2026-05-21 13:48:09.848 [31mWARN [0;39m [RMI TCP Connection(5)-192.168.10.101][N/A] [36morg.springframework.boot.actuate.mail.MailHealthIndicator[0;39m - Mail health check failed
org.eclipse.angus.mail.util.MailConnectException: Couldn't connect to host, port: smtp.gmail.com, 587; timeout -1
	at org.eclipse.angus.mail.smtp.SMTPTransport.openServer(SMTPTransport.java:2243)
	at org.eclipse.angus.mail.smtp.SMTPTransport.protocolConnect(SMTPTransport.java:729)
	at jakarta.mail.Service.connect(Service.java:345)
	at org.springframework.mail.javamail.JavaMailSenderImpl.connectTransport(JavaMailSenderImpl.java:480)
	at org.springframework.mail.javamail.JavaMailSenderImpl.testConnection(JavaMailSenderImpl.java:360)
	at org.springframework.boot.actuate.mail.MailHealthIndicator.doHealthCheck(MailHealthIndicator.java:52)
	at org.springframework.boot.actuate.health.AbstractHealthIndicator.health(AbstractHealthIndicator.java:82)
	at org.springframework.boot.actuate.health.HealthIndicator.getHealth(HealthIndicator.java:37)
	at org.springframework.boot.actuate.health.HealthEndpoint.getHealth(HealthEndpoint.java:82)
	at org.springframework.boot.actuate.health.HealthEndpoint.getHealth(HealthEndpoint.java:41)
Caused by: java.net.ConnectException: Connection timed out: connect
	at java.base/sun.nio.ch.Net.connect0(Native Method)
	at java.base/sun.nio.ch.Net.connect(Net.java:579)
	at java.base/sun.nio.ch.Net.connect(Net.java:568)
	at java.base/sun.nio.ch.NioSocketImpl.connect(NioSocketImpl.java:593)
	at java.base/java.net.SocksSocketImpl.connect(SocksSocketImpl.java:327)
	at java.base/java.net.Socket.connect(Socket.java:633)
	at java.base/java.net.Socket.connect(Socket.java:583)
	at org.eclipse.angus.mail.util.SocketFetcher.createSocket(SocketFetcher.java:368)
	at org.eclipse.angus.mail.util.SocketFetcher.getSocket(SocketFetcher.java:243)
	at org.eclipse.angus.mail.smtp.SMTPTransport.openServer(SMTPTransport.java:2193)
2026-05-21 13:48:09.850 [31mWARN [0;39m [RMI TCP Connection(5)-192.168.10.101][N/A] [36morg.springframework.boot.actuate.health.HealthEndpointSupport[0;39m - Health contributor org.springframework.boot.actuate.mail.MailHealthIndicator (mail) took 22131ms to respond
2026-05-21 13:50:57.526 [1;31mERROR[0;39m [http-nio-8080-exec-2][N/A] [36mo.a.catalina.core.ContainerBase.[Tomcat].[localhost].[/].[dispatcherServlet][0;39m - Servlet.service() for servlet [dispatcherServlet] in context with path [] threw exception [Request processing failed: ServiceException(code=1001002005, message=用户已被停止服务)] with root cause
com.ai.system.exception.ServiceException: 用户已被停止服务
	at com.ai.system.service.impl.AuthServiceImpl.lambda$login$0(AuthServiceImpl.java:64)
	at cn.hutool.core.lang.Assert.equals(Assert.java:1094)
	at com.ai.system.service.impl.AuthServiceImpl.login(AuthServiceImpl.java:63)
	at com.ai.system.controller.auth.AuthController.login(AuthController.java:42)
	at java.base/jdk.internal.reflect.NativeMethodAccessorImpl.invoke0(Native Method)
	at java.base/jdk.internal.reflect.NativeMethodAccessorImpl.invoke(NativeMethodAccessorImpl.java:77)
	at java.base/jdk.internal.reflect.DelegatingMethodAccessorImpl.invoke(DelegatingMethodAccessorImpl.java:43)
	at java.base/java.lang.reflect.Method.invoke(Method.java:568)
	at org.springframework.web.method.support.InvocableHandlerMethod.doInvoke(InvocableHandlerMethod.java:255)
	at org.springframework.web.method.support.InvocableHandlerMethod.invokeForRequest(InvocableHandlerMethod.java:188)
2026-05-21 13:58:02.117 [34mINFO [0;39m [background-preinit][N/A] [36morg.hibernate.validator.internal.util.Version[0;39m - HV000001: Hibernate Validator 8.0.1.Final
2026-05-21 13:58:02.136 [34mINFO [0;39m [main][N/A] [36mcom.ai.system.AiTokenSystemApplication[0;39m - Starting AiTokenSystemApplication using Java 17.0.14 with PID 25040 (D:\java_projects\ai-token-system\target\classes started by Administrator in D:\java_projects\ai-token-system)
2026-05-21 13:58:02.137 [34mINFO [0;39m [main][N/A] [36mcom.ai.system.AiTokenSystemApplication[0;39m - No active profile set, falling back to 1 default profile: "default"
2026-05-21 13:58:02.813 [34mINFO [0;39m [main][N/A] [36morg.springframework.data.repository.config.RepositoryConfigurationDelegate[0;39m - Multiple Spring Data modules found, entering strict repository configuration mode
2026-05-21 13:58:02.815 [34mINFO [0;39m [main][N/A] [36morg.springframework.data.repository.config.RepositoryConfigurationDelegate[0;39m - Bootstrapping Spring Data Redis repositories in DEFAULT mode.
2026-05-21 13:58:02.835 [34mINFO [0;39m [main][N/A] [36morg.springframework.data.repository.config.RepositoryConfigurationDelegate[0;39m - Finished Spring Data repository scanning in 14 ms. Found 0 Redis repository interfaces.
2026-05-21 13:58:02.973 [34mINFO [0;39m [main][N/A] [36mc.u.j.configuration.EnableEncryptablePropertiesBeanFactoryPostProcessor[0;39m - Post-processing PropertySource instances
2026-05-21 13:58:02.974 [34mINFO [0;39m [main][N/A] [36mcom.ulisesbocchio.jasyptspringboot.EncryptablePropertySourceConverter[0;39m - Skipping PropertySource configurationProperties [class org.springframework.boot.context.properties.source.ConfigurationPropertySourcesPropertySource
2026-05-21 13:58:02.974 [34mINFO [0;39m [main][N/A] [36mcom.ulisesbocchio.jasyptspringboot.EncryptablePropertySourceConverter[0;39m - Skipping PropertySource servletConfigInitParams [class org.springframework.core.env.PropertySource$StubPropertySource
2026-05-21 13:58:02.974 [34mINFO [0;39m [main][N/A] [36mcom.ulisesbocchio.jasyptspringboot.EncryptablePropertySourceConverter[0;39m - Skipping PropertySource servletContextInitParams [class org.springframework.core.env.PropertySource$StubPropertySource
2026-05-21 13:58:02.974 [34mINFO [0;39m [main][N/A] [36mcom.ulisesbocchio.jasyptspringboot.EncryptablePropertySourceConverter[0;39m - Converting PropertySource systemProperties [org.springframework.core.env.PropertiesPropertySource] to EncryptableMapPropertySourceWrapper
2026-05-21 13:58:02.974 [34mINFO [0;39m [main][N/A] [36mcom.ulisesbocchio.jasyptspringboot.EncryptablePropertySourceConverter[0;39m - Converting PropertySource systemEnvironment [org.springframework.boot.env.SystemEnvironmentPropertySourceEnvironmentPostProcessor$OriginAwareSystemEnvironmentPropertySource] to EncryptableSystemEnvironmentPropertySourceWrapper
2026-05-21 13:58:02.974 [34mINFO [0;39m [main][N/A] [36mcom.ulisesbocchio.jasyptspringboot.EncryptablePropertySourceConverter[0;39m - Converting PropertySource random [org.springframework.boot.env.RandomValuePropertySource] to EncryptablePropertySourceWrapper
2026-05-21 13:58:02.974 [34mINFO [0;39m [main][N/A] [36mcom.ulisesbocchio.jasyptspringboot.EncryptablePropertySourceConverter[0;39m - Converting PropertySource Config resource 'class path resource [application.yml]' via location 'optional:classpath:/' [org.springframework.boot.env.OriginTrackedMapPropertySource] to EncryptableMapPropertySourceWrapper
2026-05-21 13:58:03.198 [34mINFO [0;39m [main][N/A] [36morg.springframework.boot.web.embedded.tomcat.TomcatWebServer[0;39m - Tomcat initialized with port 8080 (http)
2026-05-21 13:58:03.242 [34mINFO [0;39m [main][N/A] [36morg.springframework.boot.web.servlet.context.ServletWebServerApplicationContext[0;39m - Root WebApplicationContext: initialization completed in 1086 ms
2026-05-21 13:58:03.310 [34mINFO [0;39m [main][N/A] [36mcom.ulisesbocchio.jasyptspringboot.filter.DefaultLazyPropertyFilter[0;39m - Property Filter custom Bean not found with name 'encryptablePropertyFilter'. Initializing Default Property Filter
2026-05-21 13:58:03.314 [34mINFO [0;39m [main][N/A] [36mcom.ulisesbocchio.jasyptspringboot.resolver.DefaultLazyPropertyResolver[0;39m - Property Resolver custom Bean not found with name 'encryptablePropertyResolver'. Initializing Default Property Resolver
2026-05-21 13:58:03.315 [34mINFO [0;39m [main][N/A] [36mcom.ulisesbocchio.jasyptspringboot.detector.DefaultLazyPropertyDetector[0;39m - Property Detector custom Bean not found with name 'encryptablePropertyDetector'. Initializing Default Property Detector
2026-05-21 13:58:03.370 [34mINFO [0;39m [main][N/A] [36morg.redisson.Version[0;39m - Redisson 3.36.0
2026-05-21 13:58:03.618 [34mINFO [0;39m [redisson-netty-1-5][N/A] [36morg.redisson.connection.ConnectionsHolder[0;39m - 1 connections initialized for 49.232.190.146/49.232.190.146:6379
2026-05-21 13:58:05.810 [34mINFO [0;39m [redisson-netty-1-19][N/A] [36morg.redisson.connection.ConnectionsHolder[0;39m - 24 connections initialized for 49.232.190.146/49.232.190.146:6379
2026-05-21 13:58:05.997 [34mINFO [0;39m [main][N/A] [36mcom.alibaba.druid.spring.boot3.autoconfigure.DruidDataSourceAutoConfigure[0;39m - Init DruidDataSource
2026-05-21 13:58:06.106 [34mINFO [0;39m [main][N/A] [36mcom.alibaba.druid.pool.DruidDataSource[0;39m - {dataSource-1} inited
2026-05-21 13:58:07.509 [34mINFO [0;39m [main][N/A] [36morg.springframework.boot.actuate.endpoint.web.EndpointLinksResolver[0;39m - Exposing 1 endpoint beneath base path '/actuator'
2026-05-21 13:58:08.008 [34mINFO [0;39m [main][N/A] [36morg.springframework.boot.web.embedded.tomcat.TomcatWebServer[0;39m - Tomcat started on port 8080 (http) with context path '/'
2026-05-21 13:58:08.010 [34mINFO [0;39m [main][N/A] [36mcom.ulisesbocchio.jasyptspringboot.caching.RefreshScopeRefreshedEventListener[0;39m - Refreshing cached encryptable property sources on ServletWebServerInitializedEvent
2026-05-21 13:58:08.010 [34mINFO [0;39m [main][N/A] [36mc.u.jasyptspringboot.caching.CachingDelegateEncryptablePropertySource[0;39m - Property Source systemProperties refreshed
2026-05-21 13:58:08.010 [34mINFO [0;39m [main][N/A] [36mc.u.jasyptspringboot.caching.CachingDelegateEncryptablePropertySource[0;39m - Property Source systemEnvironment refreshed
2026-05-21 13:58:08.010 [34mINFO [0;39m [main][N/A] [36mc.u.jasyptspringboot.caching.CachingDelegateEncryptablePropertySource[0;39m - Property Source random refreshed
2026-05-21 13:58:08.010 [34mINFO [0;39m [main][N/A] [36mc.u.jasyptspringboot.caching.CachingDelegateEncryptablePropertySource[0;39m - Property Source Config resource 'class path resource [application.yml]' via location 'optional:classpath:/' refreshed
2026-05-21 13:58:08.010 [34mINFO [0;39m [main][N/A] [36mcom.ulisesbocchio.jasyptspringboot.EncryptablePropertySourceConverter[0;39m - Skipping PropertySource configurationProperties [class org.springframework.boot.context.properties.source.ConfigurationPropertySourcesPropertySource
2026-05-21 13:58:08.010 [34mINFO [0;39m [main][N/A] [36mcom.ulisesbocchio.jasyptspringboot.EncryptablePropertySourceConverter[0;39m - Skipping PropertySource servletConfigInitParams [class org.springframework.core.env.PropertySource$StubPropertySource
2026-05-21 13:58:08.010 [34mINFO [0;39m [main][N/A] [36mcom.ulisesbocchio.jasyptspringboot.EncryptablePropertySourceConverter[0;39m - Converting PropertySource servletContextInitParams [org.springframework.web.context.support.ServletContextPropertySource] to EncryptableEnumerablePropertySourceWrapper
2026-05-21 13:58:08.010 [34mINFO [0;39m [main][N/A] [36mcom.ulisesbocchio.jasyptspringboot.EncryptablePropertySourceConverter[0;39m - Converting PropertySource Management Server [org.springframework.boot.actuate.autoconfigure.web.server.ManagementContextAutoConfiguration$SameManagementContextConfiguration$1] to EncryptablePropertySourceWrapper
2026-05-21 13:58:08.026 [34mINFO [0;39m [main][N/A] [36mcom.ai.system.AiTokenSystemApplication[0;39m - Started AiTokenSystemApplication in 6.152 seconds (process running for 6.471)
2026-05-21 13:58:08.522 [34mINFO [0;39m [RMI TCP Connection(3)-192.168.10.101][N/A] [36morg.springframework.web.servlet.DispatcherServlet[0;39m - Initializing Servlet 'dispatcherServlet'
2026-05-21 13:58:08.525 [34mINFO [0;39m [RMI TCP Connection(3)-192.168.10.101][N/A] [36morg.springframework.web.servlet.DispatcherServlet[0;39m - Completed initialization in 1 ms
2026-05-21 13:58:15.989 [31mWARN [0;39m [http-nio-8080-exec-1][df6d193e676a420d849030e41f5dca9d] [36mcom.ai.system.exception.GlobalExceptionHandler[0;39m - [POST] /api/auth/login — 用户已被停止服务
2026-05-21 13:58:21.740 [34mINFO [0;39m [http-nio-8080-exec-4][d6a39348f9e54291a7815f7dc20d04ae] [36mcom.ai.system.util.tyy.TyySignUtil[0;39m - 【请求天翼云网关服务:url:https://aigw-global.ctapi.ctyun.cn/v1/tokenUsage/query,method:POST,body:{"groupBy":0,"startTime":"2026-05-01 00:00:00","endTime":"2026-05-21 00:00:00"}】
2026-05-21 13:58:21.745 [34mINFO [0;39m [http-nio-8080-exec-4][d6a39348f9e54291a7815f7dc20d04ae] [36mcom.ai.system.util.tyy.TyySignUtil[0;39m - 【请求天翼云网关服务请求体:{}】
2026-05-21 13:58:24.435 [34mINFO [0;39m [http-nio-8080-exec-4][d6a39348f9e54291a7815f7dc20d04ae] [36mcom.ai.system.util.tyy.TyySignUtil[0;39m - 【请求天翼云网关服务响应体:{"returnObj":[],"message":"success","statusCode":200}】
2026-05-21 13:58:24.445 [1;31mERROR[0;39m [http-nio-8080-exec-4][d6a39348f9e54291a7815f7dc20d04ae] [36mcom.ai.system.exception.GlobalExceptionHandler[0;39m - [GET] /api/dashboard/admin/stats — null
java.lang.NullPointerException: null
	at java.base/java.util.stream.ReferencePipeline$5$1.accept(ReferencePipeline.java:231)
	at java.base/java.util.ArrayList$ArrayListSpliterator.forEachRemaining(ArrayList.java:1625)
	at java.base/java.util.stream.AbstractPipeline.copyInto(AbstractPipeline.java:509)
	at java.base/java.util.stream.AbstractPipeline.wrapAndCopyInto(AbstractPipeline.java:499)
	at java.base/java.util.stream.ReduceOps$ReduceOp.evaluateSequential(ReduceOps.java:921)
	at java.base/java.util.stream.AbstractPipeline.evaluate(AbstractPipeline.java:234)
	at java.base/java.util.stream.LongPipeline.reduce(LongPipeline.java:498)
	at java.base/java.util.stream.LongPipeline.sum(LongPipeline.java:456)
	at com.ai.system.service.impl.DashboardServiceImpl.buildStats(DashboardServiceImpl.java:48)
	at com.ai.system.service.impl.DashboardServiceImpl.getAdminStats(DashboardServiceImpl.java:32)
2026-05-21 13:58:31.432 [31mWARN [0;39m [RMI TCP Connection(5)-192.168.10.101][N/A] [36morg.springframework.boot.actuate.mail.MailHealthIndicator[0;39m - Mail health check failed
org.eclipse.angus.mail.util.MailConnectException: Couldn't connect to host, port: smtp.gmail.com, 587; timeout -1
	at org.eclipse.angus.mail.smtp.SMTPTransport.openServer(SMTPTransport.java:2243)
	at org.eclipse.angus.mail.smtp.SMTPTransport.protocolConnect(SMTPTransport.java:729)
	at jakarta.mail.Service.connect(Service.java:345)
	at org.springframework.mail.javamail.JavaMailSenderImpl.connectTransport(JavaMailSenderImpl.java:480)
	at org.springframework.mail.javamail.JavaMailSenderImpl.testConnection(JavaMailSenderImpl.java:360)
	at org.springframework.boot.actuate.mail.MailHealthIndicator.doHealthCheck(MailHealthIndicator.java:52)
	at org.springframework.boot.actuate.health.AbstractHealthIndicator.health(AbstractHealthIndicator.java:82)
	at org.springframework.boot.actuate.health.HealthIndicator.getHealth(HealthIndicator.java:37)
	at org.springframework.boot.actuate.health.HealthEndpoint.getHealth(HealthEndpoint.java:82)
	at org.springframework.boot.actuate.health.HealthEndpoint.getHealth(HealthEndpoint.java:41)
Caused by: java.net.ConnectException: Connection timed out: connect
	at java.base/sun.nio.ch.Net.connect0(Native Method)
	at java.base/sun.nio.ch.Net.connect(Net.java:579)
	at java.base/sun.nio.ch.Net.connect(Net.java:568)
	at java.base/sun.nio.ch.NioSocketImpl.connect(NioSocketImpl.java:593)
	at java.base/java.net.SocksSocketImpl.connect(SocksSocketImpl.java:327)
	at java.base/java.net.Socket.connect(Socket.java:633)
	at java.base/java.net.Socket.connect(Socket.java:583)
	at org.eclipse.angus.mail.util.SocketFetcher.createSocket(SocketFetcher.java:368)
	at org.eclipse.angus.mail.util.SocketFetcher.getSocket(SocketFetcher.java:243)
	at org.eclipse.angus.mail.smtp.SMTPTransport.openServer(SMTPTransport.java:2193)
2026-05-21 13:58:31.434 [31mWARN [0;39m [RMI TCP Connection(5)-192.168.10.101][N/A] [36morg.springframework.boot.actuate.health.HealthEndpointSupport[0;39m - Health contributor org.springframework.boot.actuate.mail.MailHealthIndicator (mail) took 22132ms to respond
2026-05-21 13:58:42.352 [34mINFO [0;39m [http-nio-8080-exec-3][bb2059eb393e4b2b890b3424010490e0] [36mcom.ai.system.util.tyy.TyySignUtil[0;39m - 【请求天翼云网关服务:url:https://aigw-global.ctapi.ctyun.cn/v1/tokenUsage/query,method:POST,body:{"apikeyId":3,"groupBy":0,"startTime":"2026-05-01 00:00:00","endTime":"2026-05-21 23:59:59"}】
2026-05-21 13:58:42.352 [34mINFO [0;39m [http-nio-8080-exec-3][bb2059eb393e4b2b890b3424010490e0] [36mcom.ai.system.util.tyy.TyySignUtil[0;39m - 【请求天翼云网关服务请求体:{}】
2026-05-21 13:58:42.826 [34mINFO [0;39m [http-nio-8080-exec-3][bb2059eb393e4b2b890b3424010490e0] [36mcom.ai.system.util.tyy.TyySignUtil[0;39m - 【请求天翼云网关服务响应体:{"returnObj":null,"message":"JSON parse error: Cannot deserialize value of type `java.util.ArrayList<java.lang.Long>` from Integer value (token `JsonToken.VALUE_NUMBER_INT`)","statusCode":400}】
2026-05-21 13:58:42.827 [34mINFO [0;39m [http-nio-8080-exec-3][bb2059eb393e4b2b890b3424010490e0] [36mcom.ai.system.util.tyy.TyySignUtil[0;39m - 【请求天翼云网关服务:url:https://aigw-global.ctapi.ctyun.cn/v1/tokenUsage/query,method:POST,body:{"apikeyId":4,"groupBy":0,"startTime":"2026-05-01 00:00:00","endTime":"2026-05-21 23:59:59"}】
2026-05-21 13:58:42.827 [34mINFO [0;39m [http-nio-8080-exec-3][bb2059eb393e4b2b890b3424010490e0] [36mcom.ai.system.util.tyy.TyySignUtil[0;39m - 【请求天翼云网关服务请求体:{}】
2026-05-21 13:58:43.259 [34mINFO [0;39m [http-nio-8080-exec-3][bb2059eb393e4b2b890b3424010490e0] [36mcom.ai.system.util.tyy.TyySignUtil[0;39m - 【请求天翼云网关服务响应体:{"returnObj":null,"message":"JSON parse error: Cannot deserialize value of type `java.util.ArrayList<java.lang.Long>` from Integer value (token `JsonToken.VALUE_NUMBER_INT`)","statusCode":400}】
2026-05-21 13:58:43.260 [34mINFO [0;39m [http-nio-8080-exec-3][bb2059eb393e4b2b890b3424010490e0] [36mcom.ai.system.util.tyy.TyySignUtil[0;39m - 【请求天翼云网关服务:url:https://aigw-global.ctapi.ctyun.cn/v1/tokenUsage/query,method:POST,body:{"apikeyId":5,"groupBy":0,"startTime":"2026-05-01 00:00:00","endTime":"2026-05-21 23:59:59"}】
2026-05-21 13:58:43.260 [34mINFO [0;39m [http-nio-8080-exec-3][bb2059eb393e4b2b890b3424010490e0] [36mcom.ai.system.util.tyy.TyySignUtil[0;39m - 【请求天翼云网关服务请求体:{}】
2026-05-21 13:58:43.836 [34mINFO [0;39m [http-nio-8080-exec-3][bb2059eb393e4b2b890b3424010490e0] [36mcom.ai.system.util.tyy.TyySignUtil[0;39m - 【请求天翼云网关服务响应体:{"returnObj":null,"message":"JSON parse error: Cannot deserialize value of type `java.util.ArrayList<java.lang.Long>` from Integer value (token `JsonToken.VALUE_NUMBER_INT`)","statusCode":400}】
2026-05-21 13:58:43.837 [1;31mERROR[0;39m [http-nio-8080-exec-3][bb2059eb393e4b2b890b3424010490e0] [36mcom.ai.system.exception.GlobalExceptionHandler[0;39m - [GET] /api/dashboard/user/stats — null
java.lang.NullPointerException: null
	at java.base/java.util.stream.ReferencePipeline$5$1.accept(ReferencePipeline.java:231)
	at java.base/java.util.ArrayList$ArrayListSpliterator.forEachRemaining(ArrayList.java:1625)
	at java.base/java.util.stream.AbstractPipeline.copyInto(AbstractPipeline.java:509)
	at java.base/java.util.stream.AbstractPipeline.wrapAndCopyInto(AbstractPipeline.java:499)
	at java.base/java.util.stream.ReduceOps$ReduceOp.evaluateSequential(ReduceOps.java:921)
	at java.base/java.util.stream.AbstractPipeline.evaluate(AbstractPipeline.java:234)
	at java.base/java.util.stream.LongPipeline.reduce(LongPipeline.java:498)
	at java.base/java.util.stream.LongPipeline.sum(LongPipeline.java:456)
	at com.ai.system.service.impl.DashboardServiceImpl.buildStats(DashboardServiceImpl.java:48)
	at com.ai.system.service.impl.DashboardServiceImpl.getUserStats(DashboardServiceImpl.java:42)
2026-05-21 13:59:09.913 [34mINFO [0;39m [http-nio-8080-exec-5][72bfed4759734c078a6391ee329102c7] [36mcom.ai.system.util.tyy.TyySignUtil[0;39m - 【请求天翼云网关服务:url:https://aigw-global.ctapi.ctyun.cn/v1/tokenUsage/query,method:POST,body:{"apikeyId":3,"groupBy":0,"startTime":"2026-05-01 00:00:00","endTime":"2026-05-21 23:59:59"}】
2026-05-21 13:59:09.913 [34mINFO [0;39m [http-nio-8080-exec-5][72bfed4759734c078a6391ee329102c7] [36mcom.ai.system.util.tyy.TyySignUtil[0;39m - 【请求天翼云网关服务请求体:{}】
2026-05-21 13:59:10.350 [34mINFO [0;39m [http-nio-8080-exec-5][72bfed4759734c078a6391ee329102c7] [36mcom.ai.system.util.tyy.TyySignUtil[0;39m - 【请求天翼云网关服务响应体:{"returnObj":null,"message":"JSON parse error: Cannot deserialize value of type `java.util.ArrayList<java.lang.Long>` from Integer value (token `JsonToken.VALUE_NUMBER_INT`)","statusCode":400}】
2026-05-21 13:59:10.352 [34mINFO [0;39m [http-nio-8080-exec-5][72bfed4759734c078a6391ee329102c7] [36mcom.ai.system.util.tyy.TyySignUtil[0;39m - 【请求天翼云网关服务:url:https://aigw-global.ctapi.ctyun.cn/v1/tokenUsage/query,method:POST,body:{"apikeyId":4,"groupBy":0,"startTime":"2026-05-01 00:00:00","endTime":"2026-05-21 23:59:59"}】
2026-05-21 13:59:10.352 [34mINFO [0;39m [http-nio-8080-exec-5][72bfed4759734c078a6391ee329102c7] [36mcom.ai.system.util.tyy.TyySignUtil[0;39m - 【请求天翼云网关服务请求体:{}】
2026-05-21 13:59:10.802 [34mINFO [0;39m [http-nio-8080-exec-5][72bfed4759734c078a6391ee329102c7] [36mcom.ai.system.util.tyy.TyySignUtil[0;39m - 【请求天翼云网关服务响应体:{"returnObj":null,"message":"JSON parse error: Cannot deserialize value of type `java.util.ArrayList<java.lang.Long>` from Integer value (token `JsonToken.VALUE_NUMBER_INT`)","statusCode":400}】
2026-05-21 13:59:10.803 [34mINFO [0;39m [http-nio-8080-exec-5][72bfed4759734c078a6391ee329102c7] [36mcom.ai.system.util.tyy.TyySignUtil[0;39m - 【请求天翼云网关服务:url:https://aigw-global.ctapi.ctyun.cn/v1/tokenUsage/query,method:POST,body:{"apikeyId":5,"groupBy":0,"startTime":"2026-05-01 00:00:00","endTime":"2026-05-21 23:59:59"}】
2026-05-21 13:59:10.803 [34mINFO [0;39m [http-nio-8080-exec-5][72bfed4759734c078a6391ee329102c7] [36mcom.ai.system.util.tyy.TyySignUtil[0;39m - 【请求天翼云网关服务请求体:{}】
2026-05-21 13:59:10.989 [34mINFO [0;39m [http-nio-8080-exec-5][72bfed4759734c078a6391ee329102c7] [36mcom.ai.system.util.tyy.TyySignUtil[0;39m - 【请求天翼云网关服务响应体:{"returnObj":null,"message":"JSON parse error: Cannot deserialize value of type `java.util.ArrayList<java.lang.Long>` from Integer value (token `JsonToken.VALUE_NUMBER_INT`)","statusCode":400}】
2026-05-21 14:15:23.464 [34mINFO [0;39m [http-nio-8080-exec-1][33f91d852b40456c88d578ce10c4a28d] [36mcom.ai.system.util.tyy.TyySignUtil[0;39m - 【请求天翼云网关服务:url:https://aigw-global.ctapi.ctyun.cn/v1/tokenUsage/query,method:POST,body:{"apikeyId":3,"groupBy":0,"startTime":"2026-05-01 00:00:00","endTime":"2026-05-21 23:59:59"}】
2026-05-21 14:15:23.464 [34mINFO [0;39m [http-nio-8080-exec-1][33f91d852b40456c88d578ce10c4a28d] [36mcom.ai.system.util.tyy.TyySignUtil[0;39m - 【请求天翼云网关服务请求体:{}】
2026-05-21 14:15:25.593 [34mINFO [0;39m [http-nio-8080-exec-1][33f91d852b40456c88d578ce10c4a28d] [36mcom.ai.system.util.tyy.TyySignUtil[0;39m - 【请求天翼云网关服务响应体:{"returnObj":null,"message":"JSON parse error: Cannot deserialize value of type `java.util.ArrayList<java.lang.Long>` from Integer value (token `JsonToken.VALUE_NUMBER_INT`)","statusCode":400}】
2026-05-21 14:15:25.594 [34mINFO [0;39m [http-nio-8080-exec-1][33f91d852b40456c88d578ce10c4a28d] [36mcom.ai.system.util.tyy.TyySignUtil[0;39m - 【请求天翼云网关服务:url:https://aigw-global.ctapi.ctyun.cn/v1/tokenUsage/query,method:POST,body:{"apikeyId":4,"groupBy":0,"startTime":"2026-05-01 00:00:00","endTime":"2026-05-21 23:59:59"}】
2026-05-21 14:15:25.595 [34mINFO [0;39m [http-nio-8080-exec-1][33f91d852b40456c88d578ce10c4a28d] [36mcom.ai.system.util.tyy.TyySignUtil[0;39m - 【请求天翼云网关服务请求体:{}】
2026-05-21 14:15:25.857 [34mINFO [0;39m [http-nio-8080-exec-1][33f91d852b40456c88d578ce10c4a28d] [36mcom.ai.system.util.tyy.TyySignUtil[0;39m - 【请求天翼云网关服务响应体:{"returnObj":null,"message":"JSON parse error: Cannot deserialize value of type `java.util.ArrayList<java.lang.Long>` from Integer value (token `JsonToken.VALUE_NUMBER_INT`)","statusCode":400}】
2026-05-21 14:15:25.858 [34mINFO [0;39m [http-nio-8080-exec-1][33f91d852b40456c88d578ce10c4a28d] [36mcom.ai.system.util.tyy.TyySignUtil[0;39m - 【请求天翼云网关服务:url:https://aigw-global.ctapi.ctyun.cn/v1/tokenUsage/query,method:POST,body:{"apikeyId":5,"groupBy":0,"startTime":"2026-05-01 00:00:00","endTime":"2026-05-21 23:59:59"}】
2026-05-21 14:15:25.858 [34mINFO [0;39m [http-nio-8080-exec-1][33f91d852b40456c88d578ce10c4a28d] [36mcom.ai.system.util.tyy.TyySignUtil[0;39m - 【请求天翼云网关服务请求体:{}】
2026-05-21 14:15:26.373 [34mINFO [0;39m [http-nio-8080-exec-1][33f91d852b40456c88d578ce10c4a28d] [36mcom.ai.system.util.tyy.TyySignUtil[0;39m - 【请求天翼云网关服务响应体:{"returnObj":null,"message":"JSON parse error: Cannot deserialize value of type `java.util.ArrayList<java.lang.Long>` from Integer value (token `JsonToken.VALUE_NUMBER_INT`)","statusCode":400}】
2026-05-21 14:15:26.374 [1;31mERROR[0;39m [http-nio-8080-exec-1][33f91d852b40456c88d578ce10c4a28d] [36mcom.ai.system.exception.GlobalExceptionHandler[0;39m - [GET] /api/dashboard/user/stats — null
java.lang.NullPointerException: null
	at java.base/java.util.stream.ReferencePipeline$5$1.accept(ReferencePipeline.java:231)
	at java.base/java.util.ArrayList$ArrayListSpliterator.forEachRemaining(ArrayList.java:1625)
	at java.base/java.util.stream.AbstractPipeline.copyInto(AbstractPipeline.java:509)
	at java.base/java.util.stream.AbstractPipeline.wrapAndCopyInto(AbstractPipeline.java:499)
	at java.base/java.util.stream.ReduceOps$ReduceOp.evaluateSequential(ReduceOps.java:921)
	at java.base/java.util.stream.AbstractPipeline.evaluate(AbstractPipeline.java:234)
	at java.base/java.util.stream.LongPipeline.reduce(LongPipeline.java:498)
	at java.base/java.util.stream.LongPipeline.sum(LongPipeline.java:456)
	at com.ai.system.service.impl.DashboardServiceImpl.buildStats(DashboardServiceImpl.java:48)
	at com.ai.system.service.impl.DashboardServiceImpl.getUserStats(DashboardServiceImpl.java:42)
2026-05-21 14:15:42.075 [34mINFO [0;39m [http-nio-8080-exec-6][8bc892179d6640d597b4392d0acad430] [36mcom.ai.system.util.tyy.TyySignUtil[0;39m - 【请求天翼云网关服务:url:https://aigw-global.ctapi.ctyun.cn/v1/tokenUsage/query,method:POST,body:{"groupBy":0,"startTime":"2026-05-01 00:00:00","endTime":"2026-05-21 00:00:00"}】
2026-05-21 14:15:42.075 [34mINFO [0;39m [http-nio-8080-exec-6][8bc892179d6640d597b4392d0acad430] [36mcom.ai.system.util.tyy.TyySignUtil[0;39m - 【请求天翼云网关服务请求体:{}】
2026-05-21 14:15:42.943 [34mINFO [0;39m [http-nio-8080-exec-6][8bc892179d6640d597b4392d0acad430] [36mcom.ai.system.util.tyy.TyySignUtil[0;39m - 【请求天翼云网关服务响应体:{"returnObj":[],"message":"success","statusCode":200}】
2026-05-21 14:15:42.944 [1;31mERROR[0;39m [http-nio-8080-exec-6][8bc892179d6640d597b4392d0acad430] [36mcom.ai.system.exception.GlobalExceptionHandler[0;39m - [GET] /api/dashboard/admin/stats — null
java.lang.NullPointerException: null
	at java.base/java.util.stream.ReferencePipeline$5$1.accept(ReferencePipeline.java:231)
	at java.base/java.util.ArrayList$ArrayListSpliterator.forEachRemaining(ArrayList.java:1625)
	at java.base/java.util.stream.AbstractPipeline.copyInto(AbstractPipeline.java:509)
	at java.base/java.util.stream.AbstractPipeline.wrapAndCopyInto(AbstractPipeline.java:499)
	at java.base/java.util.stream.ReduceOps$ReduceOp.evaluateSequential(ReduceOps.java:921)
	at java.base/java.util.stream.AbstractPipeline.evaluate(AbstractPipeline.java:234)
	at java.base/java.util.stream.LongPipeline.reduce(LongPipeline.java:498)
	at java.base/java.util.stream.LongPipeline.sum(LongPipeline.java:456)
	at com.ai.system.service.impl.DashboardServiceImpl.buildStats(DashboardServiceImpl.java:48)
	at com.ai.system.service.impl.DashboardServiceImpl.getAdminStats(DashboardServiceImpl.java:32)
2026-05-21 14:17:37.552 [34mINFO [0;39m [http-nio-8080-exec-7][c6f716a0381a4beb9cc475327200fc92] [36mcom.ai.system.util.tyy.TyySignUtil[0;39m - 【请求天翼云网关服务:url:https://aigw-global.ctapi.ctyun.cn/v1/tokenUsage/query,method:POST,body:{"groupBy":0,"startTime":"2026-05-01 00:00:00","endTime":"2026-05-21 23:59:59"}】
2026-05-21 14:17:37.553 [34mINFO [0;39m [http-nio-8080-exec-7][c6f716a0381a4beb9cc475327200fc92] [36mcom.ai.system.util.tyy.TyySignUtil[0;39m - 【请求天翼云网关服务请求体:{}】
2026-05-21 14:17:38.742 [34mINFO [0;39m [http-nio-8080-exec-7][c6f716a0381a4beb9cc475327200fc92] [36mcom.ai.system.util.tyy.TyySignUtil[0;39m - 【请求天翼云网关服务响应体:{"returnObj":[],"message":"success","statusCode":200}】
2026-05-21 14:18:22.813 [34mINFO [0;39m [http-nio-8080-exec-3][60e544f3b2384028b609f35efc0a70ab] [36mcom.ai.system.util.tyy.TyySignUtil[0;39m - 【请求天翼云网关服务:url:https://aigw-global.ctapi.ctyun.cn/v1/tokenUsage/query,method:POST,body:{"groupBy":0,"startTime":"2026-05-01 00:00:00","endTime":"2026-05-21 23:59:59"}】
2026-05-21 14:18:22.813 [34mINFO [0;39m [http-nio-8080-exec-3][60e544f3b2384028b609f35efc0a70ab] [36mcom.ai.system.util.tyy.TyySignUtil[0;39m - 【请求天翼云网关服务请求体:{}】
2026-05-21 14:18:24.706 [34mINFO [0;39m [http-nio-8080-exec-3][60e544f3b2384028b609f35efc0a70ab] [36mcom.ai.system.util.tyy.TyySignUtil[0;39m - 【请求天翼云网关服务响应体:{"returnObj":[],"message":"success","statusCode":200}】
2026-05-21 14:18:33.915 [34mINFO [0;39m [http-nio-8080-exec-10][88b03eddac7044559b598aea15377357] [36mcom.ai.system.util.tyy.TyySignUtil[0;39m - 【请求天翼云网关服务:url:https://aigw-global.ctapi.ctyun.cn/v1/tokenUsage/query,method:POST,body:{"groupBy":0,"startTime":"2026-05-01 00:00:00","endTime":"2026-05-21 23:59:59"}】
2026-05-21 14:18:33.916 [34mINFO [0;39m [http-nio-8080-exec-10][88b03eddac7044559b598aea15377357] [36mcom.ai.system.util.tyy.TyySignUtil[0;39m - 【请求天翼云网关服务请求体:{}】
2026-05-21 14:18:34.685 [34mINFO [0;39m [http-nio-8080-exec-10][88b03eddac7044559b598aea15377357] [36mcom.ai.system.util.tyy.TyySignUtil[0;39m - 【请求天翼云网关服务响应体:{"returnObj":[],"message":"success","statusCode":200}】
2026-05-21 14:22:00.438 [34mINFO [0;39m [http-nio-8080-exec-1][8478d637ae6a46079e9b91dc8f84ea80] [36mcom.ai.system.util.tyy.TyySignUtil[0;39m - 【请求天翼云网关服务:url:https://aigw-global.ctapi.ctyun.cn/v1/tokenUsage/query,method:POST,body:{"groupBy":0,"startTime":"2026-05-01 00:00:00","endTime":"2026-05-21 00:00:00"}】
2026-05-21 14:22:00.438 [34mINFO [0;39m [http-nio-8080-exec-1][8478d637ae6a46079e9b91dc8f84ea80] [36mcom.ai.system.util.tyy.TyySignUtil[0;39m - 【请求天翼云网关服务请求体:{}】
2026-05-21 14:22:01.980 [34mINFO [0;39m [http-nio-8080-exec-1][8478d637ae6a46079e9b91dc8f84ea80] [36mcom.ai.system.util.tyy.TyySignUtil[0;39m - 【请求天翼云网关服务响应体:{"returnObj":[],"message":"success","statusCode":200}】
2026-05-21 14:22:01.981 [1;31mERROR[0;39m [http-nio-8080-exec-1][8478d637ae6a46079e9b91dc8f84ea80] [36mcom.ai.system.exception.GlobalExceptionHandler[0;39m - [GET] /api/dashboard/admin/stats — null
java.lang.NullPointerException: null
	at java.base/java.util.stream.ReferencePipeline$5$1.accept(ReferencePipeline.java:231)
	at java.base/java.util.ArrayList$ArrayListSpliterator.forEachRemaining(ArrayList.java:1625)
	at java.base/java.util.stream.AbstractPipeline.copyInto(AbstractPipeline.java:509)
	at java.base/java.util.stream.AbstractPipeline.wrapAndCopyInto(AbstractPipeline.java:499)
	at java.base/java.util.stream.ReduceOps$ReduceOp.evaluateSequential(ReduceOps.java:921)
	at java.base/java.util.stream.AbstractPipeline.evaluate(AbstractPipeline.java:234)
	at java.base/java.util.stream.LongPipeline.reduce(LongPipeline.java:498)
	at java.base/java.util.stream.LongPipeline.sum(LongPipeline.java:456)
	at com.ai.system.service.impl.DashboardServiceImpl.buildStats(DashboardServiceImpl.java:48)
	at com.ai.system.service.impl.DashboardServiceImpl.getAdminStats(DashboardServiceImpl.java:32)
2026-05-21 14:22:14.214 [34mINFO [0;39m [http-nio-8080-exec-3][c3ba70cddafb468cb250ce6fb04b1a5f] [36mcom.ai.system.util.tyy.TyySignUtil[0;39m - 【请求天翼云网关服务:url:https://aigw-global.ctapi.ctyun.cn/v1/tokenUsage/query,method:POST,body:{"groupBy":0,"startTime":"2026-05-01 00:00:00","endTime":"2026-05-21 23:59:59"}】
2026-05-21 14:22:14.214 [34mINFO [0;39m [http-nio-8080-exec-3][c3ba70cddafb468cb250ce6fb04b1a5f] [36mcom.ai.system.util.tyy.TyySignUtil[0;39m - 【请求天翼云网关服务请求体:{}】
2026-05-21 14:22:15.092 [34mINFO [0;39m [http-nio-8080-exec-3][c3ba70cddafb468cb250ce6fb04b1a5f] [36mcom.ai.system.util.tyy.TyySignUtil[0;39m - 【请求天翼云网关服务响应体:{"returnObj":[],"message":"success","statusCode":200}】
2026-05-21 14:39:47.760 [34mINFO [0;39m [SpringApplicationShutdownHook][N/A] [36mcom.alibaba.druid.pool.DruidDataSource[0;39m - {dataSource-1} closing ...
2026-05-21 14:39:47.762 [34mINFO [0;39m [SpringApplicationShutdownHook][N/A] [36mcom.alibaba.druid.pool.DruidDataSource[0;39m - {dataSource-1} closed
2026-05-21 15:00:19.381 [34mINFO [0;39m [background-preinit][N/A] [36morg.hibernate.validator.internal.util.Version[0;39m - HV000001: Hibernate Validator 8.0.1.Final
2026-05-21 15:00:19.406 [34mINFO [0;39m [main][N/A] [36mcom.ai.system.AiTokenSystemApplication[0;39m - Starting AiTokenSystemApplication using Java 17.0.14 with PID 24508 (D:\java_projects\ai-token-system\target\classes started by Administrator in D:\java_projects\ai-token-system)
2026-05-21 15:00:19.407 [34mINFO [0;39m [main][N/A] [36mcom.ai.system.AiTokenSystemApplication[0;39m - No active profile set, falling back to 1 default profile: "default"
2026-05-21 15:00:20.397 [34mINFO [0;39m [main][N/A] [36morg.springframework.data.repository.config.RepositoryConfigurationDelegate[0;39m - Multiple Spring Data modules found, entering strict repository configuration mode
2026-05-21 15:00:20.397 [34mINFO [0;39m [main][N/A] [36morg.springframework.data.repository.config.RepositoryConfigurationDelegate[0;39m - Bootstrapping Spring Data Redis repositories in DEFAULT mode.
2026-05-21 15:00:20.418 [34mINFO [0;39m [main][N/A] [36morg.springframework.data.repository.config.RepositoryConfigurationDelegate[0;39m - Finished Spring Data repository scanning in 14 ms. Found 0 Redis repository interfaces.
2026-05-21 15:00:20.559 [34mINFO [0;39m [main][N/A] [36mc.u.j.configuration.EnableEncryptablePropertiesBeanFactoryPostProcessor[0;39m - Post-processing PropertySource instances
2026-05-21 15:00:20.560 [34mINFO [0;39m [main][N/A] [36mcom.ulisesbocchio.jasyptspringboot.EncryptablePropertySourceConverter[0;39m - Skipping PropertySource configurationProperties [class org.springframework.boot.context.properties.source.ConfigurationPropertySourcesPropertySource
2026-05-21 15:00:20.560 [34mINFO [0;39m [main][N/A] [36mcom.ulisesbocchio.jasyptspringboot.EncryptablePropertySourceConverter[0;39m - Skipping PropertySource servletConfigInitParams [class org.springframework.core.env.PropertySource$StubPropertySource
2026-05-21 15:00:20.560 [34mINFO [0;39m [main][N/A] [36mcom.ulisesbocchio.jasyptspringboot.EncryptablePropertySourceConverter[0;39m - Skipping PropertySource servletContextInitParams [class org.springframework.core.env.PropertySource$StubPropertySource
2026-05-21 15:00:20.561 [34mINFO [0;39m [main][N/A] [36mcom.ulisesbocchio.jasyptspringboot.EncryptablePropertySourceConverter[0;39m - Converting PropertySource systemProperties [org.springframework.core.env.PropertiesPropertySource] to EncryptableMapPropertySourceWrapper
2026-05-21 15:00:20.562 [34mINFO [0;39m [main][N/A] [36mcom.ulisesbocchio.jasyptspringboot.EncryptablePropertySourceConverter[0;39m - Converting PropertySource systemEnvironment [org.springframework.boot.env.SystemEnvironmentPropertySourceEnvironmentPostProcessor$OriginAwareSystemEnvironmentPropertySource] to EncryptableSystemEnvironmentPropertySourceWrapper
2026-05-21 15:00:20.562 [34mINFO [0;39m [main][N/A] [36mcom.ulisesbocchio.jasyptspringboot.EncryptablePropertySourceConverter[0;39m - Converting PropertySource random [org.springframework.boot.env.RandomValuePropertySource] to EncryptablePropertySourceWrapper
2026-05-21 15:00:20.562 [34mINFO [0;39m [main][N/A] [36mcom.ulisesbocchio.jasyptspringboot.EncryptablePropertySourceConverter[0;39m - Converting PropertySource Config resource 'class path resource [application.yml]' via location 'optional:classpath:/' [org.springframework.boot.env.OriginTrackedMapPropertySource] to EncryptableMapPropertySourceWrapper
2026-05-21 15:00:20.797 [34mINFO [0;39m [main][N/A] [36morg.springframework.boot.web.embedded.tomcat.TomcatWebServer[0;39m - Tomcat initialized with port 8080 (http)
2026-05-21 15:00:20.837 [34mINFO [0;39m [main][N/A] [36morg.springframework.boot.web.servlet.context.ServletWebServerApplicationContext[0;39m - Root WebApplicationContext: initialization completed in 1410 ms
2026-05-21 15:00:20.906 [34mINFO [0;39m [main][N/A] [36mcom.ulisesbocchio.jasyptspringboot.filter.DefaultLazyPropertyFilter[0;39m - Property Filter custom Bean not found with name 'encryptablePropertyFilter'. Initializing Default Property Filter
2026-05-21 15:00:20.910 [34mINFO [0;39m [main][N/A] [36mcom.ulisesbocchio.jasyptspringboot.resolver.DefaultLazyPropertyResolver[0;39m - Property Resolver custom Bean not found with name 'encryptablePropertyResolver'. Initializing Default Property Resolver
2026-05-21 15:00:20.911 [34mINFO [0;39m [main][N/A] [36mcom.ulisesbocchio.jasyptspringboot.detector.DefaultLazyPropertyDetector[0;39m - Property Detector custom Bean not found with name 'encryptablePropertyDetector'. Initializing Default Property Detector
2026-05-21 15:00:20.970 [34mINFO [0;39m [main][N/A] [36morg.redisson.Version[0;39m - Redisson 3.36.0
2026-05-21 15:00:21.246 [34mINFO [0;39m [redisson-netty-1-4][N/A] [36morg.redisson.connection.ConnectionsHolder[0;39m - 1 connections initialized for 49.232.190.146/49.232.190.146:6379
2026-05-21 15:00:23.430 [34mINFO [0;39m [redisson-netty-1-19][N/A] [36morg.redisson.connection.ConnectionsHolder[0;39m - 24 connections initialized for 49.232.190.146/49.232.190.146:6379
2026-05-21 15:00:23.513 [34mINFO [0;39m [main][N/A] [36mcom.alibaba.druid.spring.boot3.autoconfigure.DruidDataSourceAutoConfigure[0;39m - Init DruidDataSource
2026-05-21 15:00:23.559 [34mINFO [0;39m [main][N/A] [36mcom.alibaba.druid.pool.DruidDataSource[0;39m - {dataSource-1} inited
2026-05-21 15:00:24.252 [34mINFO [0;39m [main][N/A] [36morg.springframework.boot.actuate.endpoint.web.EndpointLinksResolver[0;39m - Exposing 1 endpoint beneath base path '/actuator'
2026-05-21 15:00:24.504 [34mINFO [0;39m [main][N/A] [36morg.springframework.boot.web.embedded.tomcat.TomcatWebServer[0;39m - Tomcat started on port 8080 (http) with context path '/'
2026-05-21 15:00:24.504 [34mINFO [0;39m [main][N/A] [36mcom.ulisesbocchio.jasyptspringboot.caching.RefreshScopeRefreshedEventListener[0;39m - Refreshing cached encryptable property sources on ServletWebServerInitializedEvent
2026-05-21 15:00:24.504 [34mINFO [0;39m [main][N/A] [36mc.u.jasyptspringboot.caching.CachingDelegateEncryptablePropertySource[0;39m - Property Source systemProperties refreshed
2026-05-21 15:00:24.504 [34mINFO [0;39m [main][N/A] [36mc.u.jasyptspringboot.caching.CachingDelegateEncryptablePropertySource[0;39m - Property Source systemEnvironment refreshed
2026-05-21 15:00:24.504 [34mINFO [0;39m [main][N/A] [36mc.u.jasyptspringboot.caching.CachingDelegateEncryptablePropertySource[0;39m - Property Source random refreshed
2026-05-21 15:00:24.504 [34mINFO [0;39m [main][N/A] [36mc.u.jasyptspringboot.caching.CachingDelegateEncryptablePropertySource[0;39m - Property Source Config resource 'class path resource [application.yml]' via location 'optional:classpath:/' refreshed
2026-05-21 15:00:24.504 [34mINFO [0;39m [main][N/A] [36mcom.ulisesbocchio.jasyptspringboot.EncryptablePropertySourceConverter[0;39m - Skipping PropertySource configurationProperties [class org.springframework.boot.context.properties.source.ConfigurationPropertySourcesPropertySource
2026-05-21 15:00:24.504 [34mINFO [0;39m [main][N/A] [36mcom.ulisesbocchio.jasyptspringboot.EncryptablePropertySourceConverter[0;39m - Skipping PropertySource servletConfigInitParams [class org.springframework.core.env.PropertySource$StubPropertySource
2026-05-21 15:00:24.504 [34mINFO [0;39m [main][N/A] [36mcom.ulisesbocchio.jasyptspringboot.EncryptablePropertySourceConverter[0;39m - Converting PropertySource servletContextInitParams [org.springframework.web.context.support.ServletContextPropertySource] to EncryptableEnumerablePropertySourceWrapper
2026-05-21 15:00:24.504 [34mINFO [0;39m [main][N/A] [36mcom.ulisesbocchio.jasyptspringboot.EncryptablePropertySourceConverter[0;39m - Converting PropertySource Management Server [org.springframework.boot.actuate.autoconfigure.web.server.ManagementContextAutoConfiguration$SameManagementContextConfiguration$1] to EncryptablePropertySourceWrapper
2026-05-21 15:00:24.516 [34mINFO [0;39m [main][N/A] [36mcom.ai.system.AiTokenSystemApplication[0;39m - Started AiTokenSystemApplication in 5.377 seconds (process running for 6.387)
2026-05-21 15:00:24.672 [34mINFO [0;39m [RMI TCP Connection(4)-192.168.10.101][N/A] [36morg.springframework.web.servlet.DispatcherServlet[0;39m - Initializing Servlet 'dispatcherServlet'
2026-05-21 15:00:24.673 [34mINFO [0;39m [RMI TCP Connection(4)-192.168.10.101][N/A] [36morg.springframework.web.servlet.DispatcherServlet[0;39m - Completed initialization in 1 ms
2026-05-21 15:27:56.056 [34mINFO [0;39m [SpringApplicationShutdownHook][N/A] [36mcom.alibaba.druid.pool.DruidDataSource[0;39m - {dataSource-1} closing ...
2026-05-21 15:27:56.057 [34mINFO [0;39m [SpringApplicationShutdownHook][N/A] [36mcom.alibaba.druid.pool.DruidDataSource[0;39m - {dataSource-1} closed
2026-05-21 15:28:01.222 [34mINFO [0;39m [background-preinit][N/A] [36morg.hibernate.validator.internal.util.Version[0;39m - HV000001: Hibernate Validator 8.0.1.Final
2026-05-21 15:28:01.241 [34mINFO [0;39m [main][N/A] [36mcom.ai.system.AiTokenSystemApplication[0;39m - Starting AiTokenSystemApplication using Java 17.0.14 with PID 5052 (D:\java_projects\ai-token-system\target\classes started by Administrator in D:\java_projects\ai-token-system)
2026-05-21 15:28:01.241 [34mINFO [0;39m [main][N/A] [36mcom.ai.system.AiTokenSystemApplication[0;39m - No active profile set, falling back to 1 default profile: "default"
2026-05-21 15:28:01.935 [34mINFO [0;39m [main][N/A] [36morg.springframework.data.repository.config.RepositoryConfigurationDelegate[0;39m - Multiple Spring Data modules found, entering strict repository configuration mode
2026-05-21 15:28:01.938 [34mINFO [0;39m [main][N/A] [36morg.springframework.data.repository.config.RepositoryConfigurationDelegate[0;39m - Bootstrapping Spring Data Redis repositories in DEFAULT mode.
2026-05-21 15:28:01.963 [34mINFO [0;39m [main][N/A] [36morg.springframework.data.repository.config.RepositoryConfigurationDelegate[0;39m - Finished Spring Data repository scanning in 18 ms. Found 0 Redis repository interfaces.
2026-05-21 15:28:02.101 [34mINFO [0;39m [main][N/A] [36mc.u.j.configuration.EnableEncryptablePropertiesBeanFactoryPostProcessor[0;39m - Post-processing PropertySource instances
2026-05-21 15:28:02.101 [34mINFO [0;39m [main][N/A] [36mcom.ulisesbocchio.jasyptspringboot.EncryptablePropertySourceConverter[0;39m - Skipping PropertySource configurationProperties [class org.springframework.boot.context.properties.source.ConfigurationPropertySourcesPropertySource
2026-05-21 15:28:02.102 [34mINFO [0;39m [main][N/A] [36mcom.ulisesbocchio.jasyptspringboot.EncryptablePropertySourceConverter[0;39m - Skipping PropertySource servletConfigInitParams [class org.springframework.core.env.PropertySource$StubPropertySource
2026-05-21 15:28:02.102 [34mINFO [0;39m [main][N/A] [36mcom.ulisesbocchio.jasyptspringboot.EncryptablePropertySourceConverter[0;39m - Skipping PropertySource servletContextInitParams [class org.springframework.core.env.PropertySource$StubPropertySource
2026-05-21 15:28:02.102 [34mINFO [0;39m [main][N/A] [36mcom.ulisesbocchio.jasyptspringboot.EncryptablePropertySourceConverter[0;39m - Converting PropertySource systemProperties [org.springframework.core.env.PropertiesPropertySource] to EncryptableMapPropertySourceWrapper
2026-05-21 15:28:02.102 [34mINFO [0;39m [main][N/A] [36mcom.ulisesbocchio.jasyptspringboot.EncryptablePropertySourceConverter[0;39m - Converting PropertySource systemEnvironment [org.springframework.boot.env.SystemEnvironmentPropertySourceEnvironmentPostProcessor$OriginAwareSystemEnvironmentPropertySource] to EncryptableSystemEnvironmentPropertySourceWrapper
2026-05-21 15:28:02.103 [34mINFO [0;39m [main][N/A] [36mcom.ulisesbocchio.jasyptspringboot.EncryptablePropertySourceConverter[0;39m - Converting PropertySource random [org.springframework.boot.env.RandomValuePropertySource] to EncryptablePropertySourceWrapper
2026-05-21 15:28:02.103 [34mINFO [0;39m [main][N/A] [36mcom.ulisesbocchio.jasyptspringboot.EncryptablePropertySourceConverter[0;39m - Converting PropertySource Config resource 'class path resource [application.yml]' via location 'optional:classpath:/' [org.springframework.boot.env.OriginTrackedMapPropertySource] to EncryptableMapPropertySourceWrapper
2026-05-21 15:28:02.331 [34mINFO [0;39m [main][N/A] [36morg.springframework.boot.web.embedded.tomcat.TomcatWebServer[0;39m - Tomcat initialized with port 8080 (http)
2026-05-21 15:28:02.375 [34mINFO [0;39m [main][N/A] [36morg.springframework.boot.web.servlet.context.ServletWebServerApplicationContext[0;39m - Root WebApplicationContext: initialization completed in 1113 ms
2026-05-21 15:28:02.447 [34mINFO [0;39m [main][N/A] [36mcom.ulisesbocchio.jasyptspringboot.filter.DefaultLazyPropertyFilter[0;39m - Property Filter custom Bean not found with name 'encryptablePropertyFilter'. Initializing Default Property Filter
2026-05-21 15:28:02.451 [34mINFO [0;39m [main][N/A] [36mcom.ulisesbocchio.jasyptspringboot.resolver.DefaultLazyPropertyResolver[0;39m - Property Resolver custom Bean not found with name 'encryptablePropertyResolver'. Initializing Default Property Resolver
2026-05-21 15:28:02.452 [34mINFO [0;39m [main][N/A] [36mcom.ulisesbocchio.jasyptspringboot.detector.DefaultLazyPropertyDetector[0;39m - Property Detector custom Bean not found with name 'encryptablePropertyDetector'. Initializing Default Property Detector
2026-05-21 15:28:02.506 [34mINFO [0;39m [main][N/A] [36morg.redisson.Version[0;39m - Redisson 3.36.0
2026-05-21 15:28:02.757 [34mINFO [0;39m [redisson-netty-1-5][N/A] [36morg.redisson.connection.ConnectionsHolder[0;39m - 1 connections initialized for 49.232.190.146/49.232.190.146:6379
2026-05-21 15:28:04.947 [34mINFO [0;39m [redisson-netty-1-19][N/A] [36morg.redisson.connection.ConnectionsHolder[0;39m - 24 connections initialized for 49.232.190.146/49.232.190.146:6379
2026-05-21 15:28:05.098 [34mINFO [0;39m [main][N/A] [36mcom.alibaba.druid.spring.boot3.autoconfigure.DruidDataSourceAutoConfigure[0;39m - Init DruidDataSource
2026-05-21 15:28:05.171 [34mINFO [0;39m [main][N/A] [36mcom.alibaba.druid.pool.DruidDataSource[0;39m - {dataSource-1} inited
2026-05-21 15:28:06.392 [34mINFO [0;39m [main][N/A] [36morg.springframework.boot.actuate.endpoint.web.EndpointLinksResolver[0;39m - Exposing 1 endpoint beneath base path '/actuator'
2026-05-21 15:28:06.876 [34mINFO [0;39m [main][N/A] [36morg.springframework.boot.web.embedded.tomcat.TomcatWebServer[0;39m - Tomcat started on port 8080 (http) with context path '/'
2026-05-21 15:28:06.877 [34mINFO [0;39m [main][N/A] [36mcom.ulisesbocchio.jasyptspringboot.caching.RefreshScopeRefreshedEventListener[0;39m - Refreshing cached encryptable property sources on ServletWebServerInitializedEvent
2026-05-21 15:28:06.877 [34mINFO [0;39m [main][N/A] [36mc.u.jasyptspringboot.caching.CachingDelegateEncryptablePropertySource[0;39m - Property Source systemProperties refreshed
2026-05-21 15:28:06.877 [34mINFO [0;39m [main][N/A] [36mc.u.jasyptspringboot.caching.CachingDelegateEncryptablePropertySource[0;39m - Property Source systemEnvironment refreshed
2026-05-21 15:28:06.877 [34mINFO [0;39m [main][N/A] [36mc.u.jasyptspringboot.caching.CachingDelegateEncryptablePropertySource[0;39m - Property Source random refreshed
2026-05-21 15:28:06.877 [34mINFO [0;39m [main][N/A] [36mc.u.jasyptspringboot.caching.CachingDelegateEncryptablePropertySource[0;39m - Property Source Config resource 'class path resource [application.yml]' via location 'optional:classpath:/' refreshed
2026-05-21 15:28:06.877 [34mINFO [0;39m [main][N/A] [36mcom.ulisesbocchio.jasyptspringboot.EncryptablePropertySourceConverter[0;39m - Skipping PropertySource configurationProperties [class org.springframework.boot.context.properties.source.ConfigurationPropertySourcesPropertySource
2026-05-21 15:28:06.877 [34mINFO [0;39m [main][N/A] [36mcom.ulisesbocchio.jasyptspringboot.EncryptablePropertySourceConverter[0;39m - Skipping PropertySource servletConfigInitParams [class org.springframework.core.env.PropertySource$StubPropertySource
2026-05-21 15:28:06.877 [34mINFO [0;39m [main][N/A] [36mcom.ulisesbocchio.jasyptspringboot.EncryptablePropertySourceConverter[0;39m - Converting PropertySource servletContextInitParams [org.springframework.web.context.support.ServletContextPropertySource] to EncryptableEnumerablePropertySourceWrapper
2026-05-21 15:28:06.877 [34mINFO [0;39m [main][N/A] [36mcom.ulisesbocchio.jasyptspringboot.EncryptablePropertySourceConverter[0;39m - Converting PropertySource Management Server [org.springframework.boot.actuate.autoconfigure.web.server.ManagementContextAutoConfiguration$SameManagementContextConfiguration$1] to EncryptablePropertySourceWrapper
2026-05-21 15:28:06.897 [34mINFO [0;39m [main][N/A] [36mcom.ai.system.AiTokenSystemApplication[0;39m - Started AiTokenSystemApplication in 5.909 seconds (process running for 6.281)
2026-05-21 15:28:07.149 [34mINFO [0;39m [RMI TCP Connection(3)-192.168.10.101][N/A] [36morg.springframework.web.servlet.DispatcherServlet[0;39m - Initializing Servlet 'dispatcherServlet'
2026-05-21 15:28:07.150 [34mINFO [0;39m [RMI TCP Connection(3)-192.168.10.101][N/A] [36morg.springframework.web.servlet.DispatcherServlet[0;39m - Completed initialization in 1 ms
2026-05-21 15:28:30.135 [31mWARN [0;39m [RMI TCP Connection(4)-192.168.10.101][N/A] [36morg.springframework.boot.actuate.mail.MailHealthIndicator[0;39m - Mail health check failed
org.eclipse.angus.mail.util.MailConnectException: Couldn't connect to host, port: smtp.gmail.com, 587; timeout -1
	at org.eclipse.angus.mail.smtp.SMTPTransport.openServer(SMTPTransport.java:2243)
	at org.eclipse.angus.mail.smtp.SMTPTransport.protocolConnect(SMTPTransport.java:729)
	at jakarta.mail.Service.connect(Service.java:345)
	at org.springframework.mail.javamail.JavaMailSenderImpl.connectTransport(JavaMailSenderImpl.java:480)
	at org.springframework.mail.javamail.JavaMailSenderImpl.testConnection(JavaMailSenderImpl.java:360)
	at org.springframework.boot.actuate.mail.MailHealthIndicator.doHealthCheck(MailHealthIndicator.java:52)
	at org.springframework.boot.actuate.health.AbstractHealthIndicator.health(AbstractHealthIndicator.java:82)
	at org.springframework.boot.actuate.health.HealthIndicator.getHealth(HealthIndicator.java:37)
	at org.springframework.boot.actuate.health.HealthEndpoint.getHealth(HealthEndpoint.java:82)
	at org.springframework.boot.actuate.health.HealthEndpoint.getHealth(HealthEndpoint.java:41)
Caused by: java.net.ConnectException: Connection timed out: connect
	at java.base/sun.nio.ch.Net.connect0(Native Method)
	at java.base/sun.nio.ch.Net.connect(Net.java:579)
	at java.base/sun.nio.ch.Net.connect(Net.java:568)
	at java.base/sun.nio.ch.NioSocketImpl.connect(NioSocketImpl.java:593)
	at java.base/java.net.SocksSocketImpl.connect(SocksSocketImpl.java:327)
	at java.base/java.net.Socket.connect(Socket.java:633)
	at java.base/java.net.Socket.connect(Socket.java:583)
	at org.eclipse.angus.mail.util.SocketFetcher.createSocket(SocketFetcher.java:368)
	at org.eclipse.angus.mail.util.SocketFetcher.getSocket(SocketFetcher.java:243)
	at org.eclipse.angus.mail.smtp.SMTPTransport.openServer(SMTPTransport.java:2193)
2026-05-21 15:28:30.138 [31mWARN [0;39m [RMI TCP Connection(4)-192.168.10.101][N/A] [36morg.springframework.boot.actuate.health.HealthEndpointSupport[0;39m - Health contributor org.springframework.boot.actuate.mail.MailHealthIndicator (mail) took 22122ms to respond
2026-05-21 15:34:28.791 [34mINFO [0;39m [SpringApplicationShutdownHook][N/A] [36mcom.alibaba.druid.pool.DruidDataSource[0;39m - {dataSource-1} closing ...
2026-05-21 15:34:28.792 [34mINFO [0;39m [SpringApplicationShutdownHook][N/A] [36mcom.alibaba.druid.pool.DruidDataSource[0;39m - {dataSource-1} closed
2026-05-21 15:34:35.074 [34mINFO [0;39m [background-preinit][N/A] [36morg.hibernate.validator.internal.util.Version[0;39m - HV000001: Hibernate Validator 8.0.1.Final
2026-05-21 15:34:35.094 [34mINFO [0;39m [main][N/A] [36mcom.ai.system.AiTokenSystemApplication[0;39m - Starting AiTokenSystemApplication using Java 17.0.14 with PID 25244 (D:\java_projects\ai-token-system\target\classes started by Administrator in D:\java_projects\ai-token-system)
2026-05-21 15:34:35.094 [34mINFO [0;39m [main][N/A] [36mcom.ai.system.AiTokenSystemApplication[0;39m - No active profile set, falling back to 1 default profile: "default"
2026-05-21 15:34:35.892 [34mINFO [0;39m [main][N/A] [36morg.springframework.data.repository.config.RepositoryConfigurationDelegate[0;39m - Multiple Spring Data modules found, entering strict repository configuration mode
2026-05-21 15:34:35.893 [34mINFO [0;39m [main][N/A] [36morg.springframework.data.repository.config.RepositoryConfigurationDelegate[0;39m - Bootstrapping Spring Data Redis repositories in DEFAULT mode.
2026-05-21 15:34:35.921 [34mINFO [0;39m [main][N/A] [36morg.springframework.data.repository.config.RepositoryConfigurationDelegate[0;39m - Finished Spring Data repository scanning in 21 ms. Found 0 Redis repository interfaces.
2026-05-21 15:34:36.060 [34mINFO [0;39m [main][N/A] [36mc.u.j.configuration.EnableEncryptablePropertiesBeanFactoryPostProcessor[0;39m - Post-processing PropertySource instances
2026-05-21 15:34:36.060 [34mINFO [0;39m [main][N/A] [36mcom.ulisesbocchio.jasyptspringboot.EncryptablePropertySourceConverter[0;39m - Skipping PropertySource configurationProperties [class org.springframework.boot.context.properties.source.ConfigurationPropertySourcesPropertySource
2026-05-21 15:34:36.060 [34mINFO [0;39m [main][N/A] [36mcom.ulisesbocchio.jasyptspringboot.EncryptablePropertySourceConverter[0;39m - Skipping PropertySource servletConfigInitParams [class org.springframework.core.env.PropertySource$StubPropertySource
2026-05-21 15:34:36.060 [34mINFO [0;39m [main][N/A] [36mcom.ulisesbocchio.jasyptspringboot.EncryptablePropertySourceConverter[0;39m - Skipping PropertySource servletContextInitParams [class org.springframework.core.env.PropertySource$StubPropertySource
2026-05-21 15:34:36.061 [34mINFO [0;39m [main][N/A] [36mcom.ulisesbocchio.jasyptspringboot.EncryptablePropertySourceConverter[0;39m - Converting PropertySource systemProperties [org.springframework.core.env.PropertiesPropertySource] to EncryptableMapPropertySourceWrapper
2026-05-21 15:34:36.061 [34mINFO [0;39m [main][N/A] [36mcom.ulisesbocchio.jasyptspringboot.EncryptablePropertySourceConverter[0;39m - Converting PropertySource systemEnvironment [org.springframework.boot.env.SystemEnvironmentPropertySourceEnvironmentPostProcessor$OriginAwareSystemEnvironmentPropertySource] to EncryptableSystemEnvironmentPropertySourceWrapper
2026-05-21 15:34:36.061 [34mINFO [0;39m [main][N/A] [36mcom.ulisesbocchio.jasyptspringboot.EncryptablePropertySourceConverter[0;39m - Converting PropertySource random [org.springframework.boot.env.RandomValuePropertySource] to EncryptablePropertySourceWrapper
2026-05-21 15:34:36.061 [34mINFO [0;39m [main][N/A] [36mcom.ulisesbocchio.jasyptspringboot.EncryptablePropertySourceConverter[0;39m - Converting PropertySource Config resource 'class path resource [application.yml]' via location 'optional:classpath:/' [org.springframework.boot.env.OriginTrackedMapPropertySource] to EncryptableMapPropertySourceWrapper
2026-05-21 15:34:36.290 [34mINFO [0;39m [main][N/A] [36morg.springframework.boot.web.embedded.tomcat.TomcatWebServer[0;39m - Tomcat initialized with port 8080 (http)
2026-05-21 15:34:36.331 [34mINFO [0;39m [main][N/A] [36morg.springframework.boot.web.servlet.context.ServletWebServerApplicationContext[0;39m - Root WebApplicationContext: initialization completed in 1216 ms
2026-05-21 15:34:36.401 [34mINFO [0;39m [main][N/A] [36mcom.ulisesbocchio.jasyptspringboot.filter.DefaultLazyPropertyFilter[0;39m - Property Filter custom Bean not found with name 'encryptablePropertyFilter'. Initializing Default Property Filter
2026-05-21 15:34:36.406 [34mINFO [0;39m [main][N/A] [36mcom.ulisesbocchio.jasyptspringboot.resolver.DefaultLazyPropertyResolver[0;39m - Property Resolver custom Bean not found with name 'encryptablePropertyResolver'. Initializing Default Property Resolver
2026-05-21 15:34:36.407 [34mINFO [0;39m [main][N/A] [36mcom.ulisesbocchio.jasyptspringboot.detector.DefaultLazyPropertyDetector[0;39m - Property Detector custom Bean not found with name 'encryptablePropertyDetector'. Initializing Default Property Detector
2026-05-21 15:34:36.464 [34mINFO [0;39m [main][N/A] [36morg.redisson.Version[0;39m - Redisson 3.36.0
2026-05-21 15:34:36.714 [34mINFO [0;39m [redisson-netty-1-4][N/A] [36morg.redisson.connection.ConnectionsHolder[0;39m - 1 connections initialized for 49.232.190.146/49.232.190.146:6379
2026-05-21 15:34:39.054 [34mINFO [0;39m [redisson-netty-1-19][N/A] [36morg.redisson.connection.ConnectionsHolder[0;39m - 24 connections initialized for 49.232.190.146/49.232.190.146:6379
2026-05-21 15:34:39.382 [34mINFO [0;39m [main][N/A] [36mcom.alibaba.druid.spring.boot3.autoconfigure.DruidDataSourceAutoConfigure[0;39m - Init DruidDataSource
2026-05-21 15:34:39.451 [34mINFO [0;39m [main][N/A] [36mcom.alibaba.druid.pool.DruidDataSource[0;39m - {dataSource-1} inited
2026-05-21 15:34:40.676 [34mINFO [0;39m [main][N/A] [36morg.springframework.boot.actuate.endpoint.web.EndpointLinksResolver[0;39m - Exposing 1 endpoint beneath base path '/actuator'
2026-05-21 15:34:41.213 [34mINFO [0;39m [main][N/A] [36morg.springframework.boot.web.embedded.tomcat.TomcatWebServer[0;39m - Tomcat started on port 8080 (http) with context path '/'
2026-05-21 15:34:41.214 [34mINFO [0;39m [main][N/A] [36mcom.ulisesbocchio.jasyptspringboot.caching.RefreshScopeRefreshedEventListener[0;39m - Refreshing cached encryptable property sources on ServletWebServerInitializedEvent
2026-05-21 15:34:41.214 [34mINFO [0;39m [main][N/A] [36mc.u.jasyptspringboot.caching.CachingDelegateEncryptablePropertySource[0;39m - Property Source systemProperties refreshed
2026-05-21 15:34:41.214 [34mINFO [0;39m [main][N/A] [36mc.u.jasyptspringboot.caching.CachingDelegateEncryptablePropertySource[0;39m - Property Source systemEnvironment refreshed
2026-05-21 15:34:41.214 [34mINFO [0;39m [main][N/A] [36mc.u.jasyptspringboot.caching.CachingDelegateEncryptablePropertySource[0;39m - Property Source random refreshed
2026-05-21 15:34:41.214 [34mINFO [0;39m [main][N/A] [36mc.u.jasyptspringboot.caching.CachingDelegateEncryptablePropertySource[0;39m - Property Source Config resource 'class path resource [application.yml]' via location 'optional:classpath:/' refreshed
2026-05-21 15:34:41.215 [34mINFO [0;39m [main][N/A] [36mcom.ulisesbocchio.jasyptspringboot.EncryptablePropertySourceConverter[0;39m - Skipping PropertySource configurationProperties [class org.springframework.boot.context.properties.source.ConfigurationPropertySourcesPropertySource
2026-05-21 15:34:41.215 [34mINFO [0;39m [main][N/A] [36mcom.ulisesbocchio.jasyptspringboot.EncryptablePropertySourceConverter[0;39m - Skipping PropertySource servletConfigInitParams [class org.springframework.core.env.PropertySource$StubPropertySource
2026-05-21 15:34:41.215 [34mINFO [0;39m [main][N/A] [36mcom.ulisesbocchio.jasyptspringboot.EncryptablePropertySourceConverter[0;39m - Converting PropertySource servletContextInitParams [org.springframework.web.context.support.ServletContextPropertySource] to EncryptableEnumerablePropertySourceWrapper
2026-05-21 15:34:41.215 [34mINFO [0;39m [main][N/A] [36mcom.ulisesbocchio.jasyptspringboot.EncryptablePropertySourceConverter[0;39m - Converting PropertySource Management Server [org.springframework.boot.actuate.autoconfigure.web.server.ManagementContextAutoConfiguration$SameManagementContextConfiguration$1] to EncryptablePropertySourceWrapper
2026-05-21 15:34:41.235 [34mINFO [0;39m [main][N/A] [36mcom.ai.system.AiTokenSystemApplication[0;39m - Started AiTokenSystemApplication in 6.404 seconds (process running for 6.777)
2026-05-21 15:34:41.570 [34mINFO [0;39m [RMI TCP Connection(4)-192.168.10.101][N/A] [36morg.springframework.web.servlet.DispatcherServlet[0;39m - Initializing Servlet 'dispatcherServlet'
2026-05-21 15:34:41.572 [34mINFO [0;39m [RMI TCP Connection(4)-192.168.10.101][N/A] [36morg.springframework.web.servlet.DispatcherServlet[0;39m - Completed initialization in 1 ms
2026-05-21 15:35:03.447 [31mWARN [0;39m [RMI TCP Connection(3)-192.168.10.101][N/A] [36morg.springframework.boot.actuate.mail.MailHealthIndicator[0;39m - Mail health check failed
org.eclipse.angus.mail.util.MailConnectException: Couldn't connect to host, port: smtp.gmail.com, 587; timeout -1
	at org.eclipse.angus.mail.smtp.SMTPTransport.openServer(SMTPTransport.java:2243)
	at org.eclipse.angus.mail.smtp.SMTPTransport.protocolConnect(SMTPTransport.java:729)
	at jakarta.mail.Service.connect(Service.java:345)
	at org.springframework.mail.javamail.JavaMailSenderImpl.connectTransport(JavaMailSenderImpl.java:480)
	at org.springframework.mail.javamail.JavaMailSenderImpl.testConnection(JavaMailSenderImpl.java:360)
	at org.springframework.boot.actuate.mail.MailHealthIndicator.doHealthCheck(MailHealthIndicator.java:52)
	at org.springframework.boot.actuate.health.AbstractHealthIndicator.health(AbstractHealthIndicator.java:82)
	at org.springframework.boot.actuate.health.HealthIndicator.getHealth(HealthIndicator.java:37)
	at org.springframework.boot.actuate.health.HealthEndpoint.getHealth(HealthEndpoint.java:82)
	at org.springframework.boot.actuate.health.HealthEndpoint.getHealth(HealthEndpoint.java:41)
Caused by: java.net.ConnectException: Connection timed out: connect
	at java.base/sun.nio.ch.Net.connect0(Native Method)
	at java.base/sun.nio.ch.Net.connect(Net.java:579)
	at java.base/sun.nio.ch.Net.connect(Net.java:568)
	at java.base/sun.nio.ch.NioSocketImpl.connect(NioSocketImpl.java:593)
	at java.base/java.net.SocksSocketImpl.connect(SocksSocketImpl.java:327)
	at java.base/java.net.Socket.connect(Socket.java:633)
	at java.base/java.net.Socket.connect(Socket.java:583)
	at org.eclipse.angus.mail.util.SocketFetcher.createSocket(SocketFetcher.java:368)
	at org.eclipse.angus.mail.util.SocketFetcher.getSocket(SocketFetcher.java:243)
	at org.eclipse.angus.mail.smtp.SMTPTransport.openServer(SMTPTransport.java:2193)
2026-05-21 15:35:03.449 [31mWARN [0;39m [RMI TCP Connection(3)-192.168.10.101][N/A] [36morg.springframework.boot.actuate.health.HealthEndpointSupport[0;39m - Health contributor org.springframework.boot.actuate.mail.MailHealthIndicator (mail) took 21123ms to respond
2026-05-21 15:54:42.280 [34mINFO [0;39m [SpringApplicationShutdownHook][N/A] [36mcom.alibaba.druid.pool.DruidDataSource[0;39m - {dataSource-1} closing ...
2026-05-21 15:54:42.283 [34mINFO [0;39m [SpringApplicationShutdownHook][N/A] [36mcom.alibaba.druid.pool.DruidDataSource[0;39m - {dataSource-1} closed
2026-05-21 15:54:45.673 [34mINFO [0;39m [background-preinit][N/A] [36morg.hibernate.validator.internal.util.Version[0;39m - HV000001: Hibernate Validator 8.0.1.Final
2026-05-21 15:54:45.693 [34mINFO [0;39m [main][N/A] [36mcom.ai.system.AiTokenSystemApplication[0;39m - Starting AiTokenSystemApplication using Java 17.0.14 with PID 35648 (D:\java_projects\ai-token-system\target\classes started by Administrator in D:\java_projects\ai-token-system)
2026-05-21 15:54:45.693 [34mINFO [0;39m [main][N/A] [36mcom.ai.system.AiTokenSystemApplication[0;39m - No active profile set, falling back to 1 default profile: "default"
2026-05-21 15:54:46.470 [34mINFO [0;39m [main][N/A] [36morg.springframework.data.repository.config.RepositoryConfigurationDelegate[0;39m - Multiple Spring Data modules found, entering strict repository configuration mode
2026-05-21 15:54:46.471 [34mINFO [0;39m [main][N/A] [36morg.springframework.data.repository.config.RepositoryConfigurationDelegate[0;39m - Bootstrapping Spring Data Redis repositories in DEFAULT mode.
2026-05-21 15:54:46.504 [34mINFO [0;39m [main][N/A] [36morg.springframework.data.repository.config.RepositoryConfigurationDelegate[0;39m - Finished Spring Data repository scanning in 22 ms. Found 0 Redis repository interfaces.
2026-05-21 15:54:46.652 [34mINFO [0;39m [main][N/A] [36mc.u.j.configuration.EnableEncryptablePropertiesBeanFactoryPostProcessor[0;39m - Post-processing PropertySource instances
2026-05-21 15:54:46.652 [34mINFO [0;39m [main][N/A] [36mcom.ulisesbocchio.jasyptspringboot.EncryptablePropertySourceConverter[0;39m - Skipping PropertySource configurationProperties [class org.springframework.boot.context.properties.source.ConfigurationPropertySourcesPropertySource
2026-05-21 15:54:46.652 [34mINFO [0;39m [main][N/A] [36mcom.ulisesbocchio.jasyptspringboot.EncryptablePropertySourceConverter[0;39m - Skipping PropertySource servletConfigInitParams [class org.springframework.core.env.PropertySource$StubPropertySource
2026-05-21 15:54:46.652 [34mINFO [0;39m [main][N/A] [36mcom.ulisesbocchio.jasyptspringboot.EncryptablePropertySourceConverter[0;39m - Skipping PropertySource servletContextInitParams [class org.springframework.core.env.PropertySource$StubPropertySource
2026-05-21 15:54:46.653 [34mINFO [0;39m [main][N/A] [36mcom.ulisesbocchio.jasyptspringboot.EncryptablePropertySourceConverter[0;39m - Converting PropertySource systemProperties [org.springframework.core.env.PropertiesPropertySource] to EncryptableMapPropertySourceWrapper
2026-05-21 15:54:46.653 [34mINFO [0;39m [main][N/A] [36mcom.ulisesbocchio.jasyptspringboot.EncryptablePropertySourceConverter[0;39m - Converting PropertySource systemEnvironment [org.springframework.boot.env.SystemEnvironmentPropertySourceEnvironmentPostProcessor$OriginAwareSystemEnvironmentPropertySource] to EncryptableSystemEnvironmentPropertySourceWrapper
2026-05-21 15:54:46.653 [34mINFO [0;39m [main][N/A] [36mcom.ulisesbocchio.jasyptspringboot.EncryptablePropertySourceConverter[0;39m - Converting PropertySource random [org.springframework.boot.env.RandomValuePropertySource] to EncryptablePropertySourceWrapper
2026-05-21 15:54:46.653 [34mINFO [0;39m [main][N/A] [36mcom.ulisesbocchio.jasyptspringboot.EncryptablePropertySourceConverter[0;39m - Converting PropertySource Config resource 'class path resource [application.yml]' via location 'optional:classpath:/' [org.springframework.boot.env.OriginTrackedMapPropertySource] to EncryptableMapPropertySourceWrapper
2026-05-21 15:54:46.894 [34mINFO [0;39m [main][N/A] [36morg.springframework.boot.web.embedded.tomcat.TomcatWebServer[0;39m - Tomcat initialized with port 8080 (http)
2026-05-21 15:54:46.938 [34mINFO [0;39m [main][N/A] [36morg.springframework.boot.web.servlet.context.ServletWebServerApplicationContext[0;39m - Root WebApplicationContext: initialization completed in 1225 ms
2026-05-21 15:54:47.016 [34mINFO [0;39m [main][N/A] [36mcom.ulisesbocchio.jasyptspringboot.filter.DefaultLazyPropertyFilter[0;39m - Property Filter custom Bean not found with name 'encryptablePropertyFilter'. Initializing Default Property Filter
2026-05-21 15:54:47.021 [34mINFO [0;39m [main][N/A] [36mcom.ulisesbocchio.jasyptspringboot.resolver.DefaultLazyPropertyResolver[0;39m - Property Resolver custom Bean not found with name 'encryptablePropertyResolver'. Initializing Default Property Resolver
2026-05-21 15:54:47.022 [34mINFO [0;39m [main][N/A] [36mcom.ulisesbocchio.jasyptspringboot.detector.DefaultLazyPropertyDetector[0;39m - Property Detector custom Bean not found with name 'encryptablePropertyDetector'. Initializing Default Property Detector
2026-05-21 15:54:47.077 [34mINFO [0;39m [main][N/A] [36morg.redisson.Version[0;39m - Redisson 3.36.0
2026-05-21 15:54:47.335 [34mINFO [0;39m [redisson-netty-1-4][N/A] [36morg.redisson.connection.ConnectionsHolder[0;39m - 1 connections initialized for 49.232.190.146/49.232.190.146:6379
2026-05-21 15:54:49.491 [34mINFO [0;39m [redisson-netty-1-19][N/A] [36morg.redisson.connection.ConnectionsHolder[0;39m - 24 connections initialized for 49.232.190.146/49.232.190.146:6379
2026-05-21 15:54:49.641 [34mINFO [0;39m [main][N/A] [36mcom.alibaba.druid.spring.boot3.autoconfigure.DruidDataSourceAutoConfigure[0;39m - Init DruidDataSource
2026-05-21 15:54:49.719 [34mINFO [0;39m [main][N/A] [36mcom.alibaba.druid.pool.DruidDataSource[0;39m - {dataSource-1} inited
2026-05-21 15:54:50.870 [34mINFO [0;39m [main][N/A] [36morg.springframework.boot.actuate.endpoint.web.EndpointLinksResolver[0;39m - Exposing 1 endpoint beneath base path '/actuator'
2026-05-21 15:54:51.314 [34mINFO [0;39m [main][N/A] [36morg.springframework.boot.web.embedded.tomcat.TomcatWebServer[0;39m - Tomcat started on port 8080 (http) with context path '/'
2026-05-21 15:54:51.315 [34mINFO [0;39m [main][N/A] [36mcom.ulisesbocchio.jasyptspringboot.caching.RefreshScopeRefreshedEventListener[0;39m - Refreshing cached encryptable property sources on ServletWebServerInitializedEvent
2026-05-21 15:54:51.315 [34mINFO [0;39m [main][N/A] [36mc.u.jasyptspringboot.caching.CachingDelegateEncryptablePropertySource[0;39m - Property Source systemProperties refreshed
2026-05-21 15:54:51.315 [34mINFO [0;39m [main][N/A] [36mc.u.jasyptspringboot.caching.CachingDelegateEncryptablePropertySource[0;39m - Property Source systemEnvironment refreshed
2026-05-21 15:54:51.315 [34mINFO [0;39m [main][N/A] [36mc.u.jasyptspringboot.caching.CachingDelegateEncryptablePropertySource[0;39m - Property Source random refreshed
2026-05-21 15:54:51.315 [34mINFO [0;39m [main][N/A] [36mc.u.jasyptspringboot.caching.CachingDelegateEncryptablePropertySource[0;39m - Property Source Config resource 'class path resource [application.yml]' via location 'optional:classpath:/' refreshed
2026-05-21 15:54:51.315 [34mINFO [0;39m [main][N/A] [36mcom.ulisesbocchio.jasyptspringboot.EncryptablePropertySourceConverter[0;39m - Skipping PropertySource configurationProperties [class org.springframework.boot.context.properties.source.ConfigurationPropertySourcesPropertySource
2026-05-21 15:54:51.316 [34mINFO [0;39m [main][N/A] [36mcom.ulisesbocchio.jasyptspringboot.EncryptablePropertySourceConverter[0;39m - Skipping PropertySource servletConfigInitParams [class org.springframework.core.env.PropertySource$StubPropertySource
2026-05-21 15:54:51.316 [34mINFO [0;39m [main][N/A] [36mcom.ulisesbocchio.jasyptspringboot.EncryptablePropertySourceConverter[0;39m - Converting PropertySource servletContextInitParams [org.springframework.web.context.support.ServletContextPropertySource] to EncryptableEnumerablePropertySourceWrapper
2026-05-21 15:54:51.316 [34mINFO [0;39m [main][N/A] [36mcom.ulisesbocchio.jasyptspringboot.EncryptablePropertySourceConverter[0;39m - Converting PropertySource Management Server [org.springframework.boot.actuate.autoconfigure.web.server.ManagementContextAutoConfiguration$SameManagementContextConfiguration$1] to EncryptablePropertySourceWrapper
2026-05-21 15:54:51.333 [34mINFO [0;39m [main][N/A] [36mcom.ai.system.AiTokenSystemApplication[0;39m - Started AiTokenSystemApplication in 5.926 seconds (process running for 6.308)
2026-05-21 15:54:51.772 [34mINFO [0;39m [RMI TCP Connection(3)-192.168.10.101][N/A] [36morg.springframework.web.servlet.DispatcherServlet[0;39m - Initializing Servlet 'dispatcherServlet'
2026-05-21 15:54:51.773 [34mINFO [0;39m [RMI TCP Connection(3)-192.168.10.101][N/A] [36morg.springframework.web.servlet.DispatcherServlet[0;39m - Completed initialization in 1 ms
2026-05-21 15:55:13.767 [31mWARN [0;39m [RMI TCP Connection(4)-192.168.10.101][N/A] [36morg.springframework.boot.actuate.mail.MailHealthIndicator[0;39m - Mail health check failed
org.eclipse.angus.mail.util.MailConnectException: Couldn't connect to host, port: smtp.gmail.com, 587; timeout -1
	at org.eclipse.angus.mail.smtp.SMTPTransport.openServer(SMTPTransport.java:2243)
	at org.eclipse.angus.mail.smtp.SMTPTransport.protocolConnect(SMTPTransport.java:729)
	at jakarta.mail.Service.connect(Service.java:345)
	at org.springframework.mail.javamail.JavaMailSenderImpl.connectTransport(JavaMailSenderImpl.java:480)
	at org.springframework.mail.javamail.JavaMailSenderImpl.testConnection(JavaMailSenderImpl.java:360)
	at org.springframework.boot.actuate.mail.MailHealthIndicator.doHealthCheck(MailHealthIndicator.java:52)
	at org.springframework.boot.actuate.health.AbstractHealthIndicator.health(AbstractHealthIndicator.java:82)
	at org.springframework.boot.actuate.health.HealthIndicator.getHealth(HealthIndicator.java:37)
	at org.springframework.boot.actuate.health.HealthEndpoint.getHealth(HealthEndpoint.java:82)
	at org.springframework.boot.actuate.health.HealthEndpoint.getHealth(HealthEndpoint.java:41)
Caused by: java.net.ConnectException: Connection timed out: connect
	at java.base/sun.nio.ch.Net.connect0(Native Method)
	at java.base/sun.nio.ch.Net.connect(Net.java:579)
	at java.base/sun.nio.ch.Net.connect(Net.java:568)
	at java.base/sun.nio.ch.NioSocketImpl.connect(NioSocketImpl.java:593)
	at java.base/java.net.SocksSocketImpl.connect(SocksSocketImpl.java:327)
	at java.base/java.net.Socket.connect(Socket.java:633)
	at java.base/java.net.Socket.connect(Socket.java:583)
	at org.eclipse.angus.mail.util.SocketFetcher.createSocket(SocketFetcher.java:368)
	at org.eclipse.angus.mail.util.SocketFetcher.getSocket(SocketFetcher.java:243)
	at org.eclipse.angus.mail.smtp.SMTPTransport.openServer(SMTPTransport.java:2193)
2026-05-21 15:55:13.769 [31mWARN [0;39m [RMI TCP Connection(4)-192.168.10.101][N/A] [36morg.springframework.boot.actuate.health.HealthEndpointSupport[0;39m - Health contributor org.springframework.boot.actuate.mail.MailHealthIndicator (mail) took 21095ms to respond
2026-05-21 16:53:48.457 [34mINFO [0;39m [SpringApplicationShutdownHook][N/A] [36mcom.alibaba.druid.pool.DruidDataSource[0;39m - {dataSource-1} closing ...
2026-05-21 16:53:48.460 [34mINFO [0;39m [SpringApplicationShutdownHook][N/A] [36mcom.alibaba.druid.pool.DruidDataSource[0;39m - {dataSource-1} closed
2026-05-21 16:53:51.691 [34mINFO [0;39m [background-preinit][N/A] [36morg.hibernate.validator.internal.util.Version[0;39m - HV000001: Hibernate Validator 8.0.1.Final
2026-05-21 16:53:51.711 [34mINFO [0;39m [main][N/A] [36mcom.ai.system.AiTokenSystemApplication[0;39m - Starting AiTokenSystemApplication using Java 17.0.14 with PID 27324 (D:\java_projects\ai-token-system\target\classes started by Administrator in D:\java_projects\ai-token-system)
2026-05-21 16:53:51.711 [34mINFO [0;39m [main][N/A] [36mcom.ai.system.AiTokenSystemApplication[0;39m - No active profile set, falling back to 1 default profile: "default"
2026-05-21 16:53:52.276 [34mINFO [0;39m [main][N/A] [36morg.springframework.data.repository.config.RepositoryConfigurationDelegate[0;39m - Multiple Spring Data modules found, entering strict repository configuration mode
2026-05-21 16:53:52.277 [34mINFO [0;39m [main][N/A] [36morg.springframework.data.repository.config.RepositoryConfigurationDelegate[0;39m - Bootstrapping Spring Data Redis repositories in DEFAULT mode.
2026-05-21 16:53:52.305 [34mINFO [0;39m [main][N/A] [36morg.springframework.data.repository.config.RepositoryConfigurationDelegate[0;39m - Finished Spring Data repository scanning in 20 ms. Found 0 Redis repository interfaces.
2026-05-21 16:53:52.454 [34mINFO [0;39m [main][N/A] [36mc.u.j.configuration.EnableEncryptablePropertiesBeanFactoryPostProcessor[0;39m - Post-processing PropertySource instances
2026-05-21 16:53:52.455 [34mINFO [0;39m [main][N/A] [36mcom.ulisesbocchio.jasyptspringboot.EncryptablePropertySourceConverter[0;39m - Skipping PropertySource configurationProperties [class org.springframework.boot.context.properties.source.ConfigurationPropertySourcesPropertySource
2026-05-21 16:53:52.455 [34mINFO [0;39m [main][N/A] [36mcom.ulisesbocchio.jasyptspringboot.EncryptablePropertySourceConverter[0;39m - Skipping PropertySource servletConfigInitParams [class org.springframework.core.env.PropertySource$StubPropertySource
2026-05-21 16:53:52.455 [34mINFO [0;39m [main][N/A] [36mcom.ulisesbocchio.jasyptspringboot.EncryptablePropertySourceConverter[0;39m - Skipping PropertySource servletContextInitParams [class org.springframework.core.env.PropertySource$StubPropertySource
2026-05-21 16:53:52.455 [34mINFO [0;39m [main][N/A] [36mcom.ulisesbocchio.jasyptspringboot.EncryptablePropertySourceConverter[0;39m - Converting PropertySource systemProperties [org.springframework.core.env.PropertiesPropertySource] to EncryptableMapPropertySourceWrapper
2026-05-21 16:53:52.455 [34mINFO [0;39m [main][N/A] [36mcom.ulisesbocchio.jasyptspringboot.EncryptablePropertySourceConverter[0;39m - Converting PropertySource systemEnvironment [org.springframework.boot.env.SystemEnvironmentPropertySourceEnvironmentPostProcessor$OriginAwareSystemEnvironmentPropertySource] to EncryptableSystemEnvironmentPropertySourceWrapper
2026-05-21 16:53:52.456 [34mINFO [0;39m [main][N/A] [36mcom.ulisesbocchio.jasyptspringboot.EncryptablePropertySourceConverter[0;39m - Converting PropertySource random [org.springframework.boot.env.RandomValuePropertySource] to EncryptablePropertySourceWrapper
2026-05-21 16:53:52.456 [34mINFO [0;39m [main][N/A] [36mcom.ulisesbocchio.jasyptspringboot.EncryptablePropertySourceConverter[0;39m - Converting PropertySource Config resource 'class path resource [application.yml]' via location 'optional:classpath:/' [org.springframework.boot.env.OriginTrackedMapPropertySource] to EncryptableMapPropertySourceWrapper
2026-05-21 16:53:52.704 [34mINFO [0;39m [main][N/A] [36morg.springframework.boot.web.embedded.tomcat.TomcatWebServer[0;39m - Tomcat initialized with port 8080 (http)
2026-05-21 16:53:52.745 [34mINFO [0;39m [main][N/A] [36morg.springframework.boot.web.servlet.context.ServletWebServerApplicationContext[0;39m - Root WebApplicationContext: initialization completed in 1011 ms
2026-05-21 16:53:52.819 [34mINFO [0;39m [main][N/A] [36mcom.ulisesbocchio.jasyptspringboot.filter.DefaultLazyPropertyFilter[0;39m - Property Filter custom Bean not found with name 'encryptablePropertyFilter'. Initializing Default Property Filter
2026-05-21 16:53:52.824 [34mINFO [0;39m [main][N/A] [36mcom.ulisesbocchio.jasyptspringboot.resolver.DefaultLazyPropertyResolver[0;39m - Property Resolver custom Bean not found with name 'encryptablePropertyResolver'. Initializing Default Property Resolver
2026-05-21 16:53:52.825 [34mINFO [0;39m [main][N/A] [36mcom.ulisesbocchio.jasyptspringboot.detector.DefaultLazyPropertyDetector[0;39m - Property Detector custom Bean not found with name 'encryptablePropertyDetector'. Initializing Default Property Detector
2026-05-21 16:53:52.890 [34mINFO [0;39m [main][N/A] [36morg.redisson.Version[0;39m - Redisson 3.36.0
2026-05-21 16:53:53.154 [34mINFO [0;39m [redisson-netty-1-4][N/A] [36morg.redisson.connection.ConnectionsHolder[0;39m - 1 connections initialized for 49.232.190.146/49.232.190.146:6379
2026-05-21 16:53:55.312 [34mINFO [0;39m [redisson-netty-1-19][N/A] [36morg.redisson.connection.ConnectionsHolder[0;39m - 24 connections initialized for 49.232.190.146/49.232.190.146:6379
2026-05-21 16:53:55.394 [34mINFO [0;39m [main][N/A] [36mcom.alibaba.druid.spring.boot3.autoconfigure.DruidDataSourceAutoConfigure[0;39m - Init DruidDataSource
2026-05-21 16:53:55.436 [34mINFO [0;39m [main][N/A] [36mcom.alibaba.druid.pool.DruidDataSource[0;39m - {dataSource-1} inited
2026-05-21 16:53:56.095 [34mINFO [0;39m [main][N/A] [36morg.springframework.boot.actuate.endpoint.web.EndpointLinksResolver[0;39m - Exposing 1 endpoint beneath base path '/actuator'
2026-05-21 16:53:56.340 [34mINFO [0;39m [main][N/A] [36morg.springframework.boot.web.embedded.tomcat.TomcatWebServer[0;39m - Tomcat started on port 8080 (http) with context path '/'
2026-05-21 16:53:56.340 [34mINFO [0;39m [main][N/A] [36mcom.ulisesbocchio.jasyptspringboot.caching.RefreshScopeRefreshedEventListener[0;39m - Refreshing cached encryptable property sources on ServletWebServerInitializedEvent
2026-05-21 16:53:56.340 [34mINFO [0;39m [main][N/A] [36mc.u.jasyptspringboot.caching.CachingDelegateEncryptablePropertySource[0;39m - Property Source systemProperties refreshed
2026-05-21 16:53:56.340 [34mINFO [0;39m [main][N/A] [36mc.u.jasyptspringboot.caching.CachingDelegateEncryptablePropertySource[0;39m - Property Source systemEnvironment refreshed
2026-05-21 16:53:56.340 [34mINFO [0;39m [main][N/A] [36mc.u.jasyptspringboot.caching.CachingDelegateEncryptablePropertySource[0;39m - Property Source random refreshed
2026-05-21 16:53:56.340 [34mINFO [0;39m [main][N/A] [36mc.u.jasyptspringboot.caching.CachingDelegateEncryptablePropertySource[0;39m - Property Source Config resource 'class path resource [application.yml]' via location 'optional:classpath:/' refreshed
2026-05-21 16:53:56.340 [34mINFO [0;39m [main][N/A] [36mcom.ulisesbocchio.jasyptspringboot.EncryptablePropertySourceConverter[0;39m - Skipping PropertySource configurationProperties [class org.springframework.boot.context.properties.source.ConfigurationPropertySourcesPropertySource
2026-05-21 16:53:56.341 [34mINFO [0;39m [main][N/A] [36mcom.ulisesbocchio.jasyptspringboot.EncryptablePropertySourceConverter[0;39m - Skipping PropertySource servletConfigInitParams [class org.springframework.core.env.PropertySource$StubPropertySource
2026-05-21 16:53:56.341 [34mINFO [0;39m [main][N/A] [36mcom.ulisesbocchio.jasyptspringboot.EncryptablePropertySourceConverter[0;39m - Converting PropertySource servletContextInitParams [org.springframework.web.context.support.ServletContextPropertySource] to EncryptableEnumerablePropertySourceWrapper
2026-05-21 16:53:56.341 [34mINFO [0;39m [main][N/A] [36mcom.ulisesbocchio.jasyptspringboot.EncryptablePropertySourceConverter[0;39m - Converting PropertySource Management Server [org.springframework.boot.actuate.autoconfigure.web.server.ManagementContextAutoConfiguration$SameManagementContextConfiguration$1] to EncryptablePropertySourceWrapper
2026-05-21 16:53:56.353 [34mINFO [0;39m [main][N/A] [36mcom.ai.system.AiTokenSystemApplication[0;39m - Started AiTokenSystemApplication in 4.938 seconds (process running for 5.316)
2026-05-21 16:53:56.799 [34mINFO [0;39m [RMI TCP Connection(3)-192.168.10.101][N/A] [36morg.springframework.web.servlet.DispatcherServlet[0;39m - Initializing Servlet 'dispatcherServlet'
2026-05-21 16:53:56.801 [34mINFO [0;39m [RMI TCP Connection(3)-192.168.10.101][N/A] [36morg.springframework.web.servlet.DispatcherServlet[0;39m - Completed initialization in 2 ms
2026-05-21 16:54:19.593 [31mWARN [0;39m [RMI TCP Connection(2)-192.168.10.101][N/A] [36morg.springframework.boot.actuate.mail.MailHealthIndicator[0;39m - Mail health check failed
org.eclipse.angus.mail.util.MailConnectException: Couldn't connect to host, port: smtp.gmail.com, 587; timeout -1
	at org.eclipse.angus.mail.smtp.SMTPTransport.openServer(SMTPTransport.java:2243)
	at org.eclipse.angus.mail.smtp.SMTPTransport.protocolConnect(SMTPTransport.java:729)
	at jakarta.mail.Service.connect(Service.java:345)
	at org.springframework.mail.javamail.JavaMailSenderImpl.connectTransport(JavaMailSenderImpl.java:480)
	at org.springframework.mail.javamail.JavaMailSenderImpl.testConnection(JavaMailSenderImpl.java:360)
	at org.springframework.boot.actuate.mail.MailHealthIndicator.doHealthCheck(MailHealthIndicator.java:52)
	at org.springframework.boot.actuate.health.AbstractHealthIndicator.health(AbstractHealthIndicator.java:82)
	at org.springframework.boot.actuate.health.HealthIndicator.getHealth(HealthIndicator.java:37)
	at org.springframework.boot.actuate.health.HealthEndpoint.getHealth(HealthEndpoint.java:82)
	at org.springframework.boot.actuate.health.HealthEndpoint.getHealth(HealthEndpoint.java:41)
Caused by: java.net.ConnectException: Connection timed out: connect
	at java.base/sun.nio.ch.Net.connect0(Native Method)
	at java.base/sun.nio.ch.Net.connect(Net.java:579)
	at java.base/sun.nio.ch.Net.connect(Net.java:568)
	at java.base/sun.nio.ch.NioSocketImpl.connect(NioSocketImpl.java:593)
	at java.base/java.net.SocksSocketImpl.connect(SocksSocketImpl.java:327)
	at java.base/java.net.Socket.connect(Socket.java:633)
	at java.base/java.net.Socket.connect(Socket.java:583)
	at org.eclipse.angus.mail.util.SocketFetcher.createSocket(SocketFetcher.java:368)
	at org.eclipse.angus.mail.util.SocketFetcher.getSocket(SocketFetcher.java:243)
	at org.eclipse.angus.mail.smtp.SMTPTransport.openServer(SMTPTransport.java:2193)
2026-05-21 16:54:19.596 [31mWARN [0;39m [RMI TCP Connection(2)-192.168.10.101][N/A] [36morg.springframework.boot.actuate.health.HealthEndpointSupport[0;39m - Health contributor org.springframework.boot.actuate.mail.MailHealthIndicator (mail) took 22110ms to respond
2026-05-21 17:01:46.274 [1;31mERROR[0;39m [http-nio-8080-exec-9][44255e17e9bb4f68a5df532e5918add8] [36mcom.ai.system.exception.GlobalExceptionHandler[0;39m - [GET] /api/auth/me — null
java.lang.NullPointerException: null
	at java.base/java.util.Objects.requireNonNull(Objects.java:208)
	at java.base/java.util.ImmutableCollections$MapN.<init>(ImmutableCollections.java:1186)
	at java.base/java.util.Map.of(Map.java:1419)
	at com.ai.system.controller.auth.AuthController.me(AuthController.java:52)
	at java.base/jdk.internal.reflect.NativeMethodAccessorImpl.invoke0(Native Method)
	at java.base/jdk.internal.reflect.NativeMethodAccessorImpl.invoke(NativeMethodAccessorImpl.java:77)
	at java.base/jdk.internal.reflect.DelegatingMethodAccessorImpl.invoke(DelegatingMethodAccessorImpl.java:43)
	at java.base/java.lang.reflect.Method.invoke(Method.java:568)
	at org.springframework.web.method.support.InvocableHandlerMethod.doInvoke(InvocableHandlerMethod.java:255)
	at org.springframework.web.method.support.InvocableHandlerMethod.invokeForRequest(InvocableHandlerMethod.java:188)
2026-05-21 17:03:01.301 [34mINFO [0;39m [SpringApplicationShutdownHook][N/A] [36mcom.alibaba.druid.pool.DruidDataSource[0;39m - {dataSource-1} closing ...
2026-05-21 17:03:01.302 [34mINFO [0;39m [SpringApplicationShutdownHook][N/A] [36mcom.alibaba.druid.pool.DruidDataSource[0;39m - {dataSource-1} closed
2026-05-21 17:03:04.278 [34mINFO [0;39m [background-preinit][N/A] [36morg.hibernate.validator.internal.util.Version[0;39m - HV000001: Hibernate Validator 8.0.1.Final
2026-05-21 17:03:04.298 [34mINFO [0;39m [main][N/A] [36mcom.ai.system.AiTokenSystemApplication[0;39m - Starting AiTokenSystemApplication using Java 17.0.14 with PID 28996 (D:\java_projects\ai-token-system\target\classes started by Administrator in D:\java_projects\ai-token-system)
2026-05-21 17:03:04.299 [34mINFO [0;39m [main][N/A] [36mcom.ai.system.AiTokenSystemApplication[0;39m - No active profile set, falling back to 1 default profile: "default"
2026-05-21 17:03:04.868 [34mINFO [0;39m [main][N/A] [36morg.springframework.data.repository.config.RepositoryConfigurationDelegate[0;39m - Multiple Spring Data modules found, entering strict repository configuration mode
2026-05-21 17:03:04.870 [34mINFO [0;39m [main][N/A] [36morg.springframework.data.repository.config.RepositoryConfigurationDelegate[0;39m - Bootstrapping Spring Data Redis repositories in DEFAULT mode.
2026-05-21 17:03:04.890 [34mINFO [0;39m [main][N/A] [36morg.springframework.data.repository.config.RepositoryConfigurationDelegate[0;39m - Finished Spring Data repository scanning in 13 ms. Found 0 Redis repository interfaces.
2026-05-21 17:03:05.033 [34mINFO [0;39m [main][N/A] [36mc.u.j.configuration.EnableEncryptablePropertiesBeanFactoryPostProcessor[0;39m - Post-processing PropertySource instances
2026-05-21 17:03:05.034 [34mINFO [0;39m [main][N/A] [36mcom.ulisesbocchio.jasyptspringboot.EncryptablePropertySourceConverter[0;39m - Skipping PropertySource configurationProperties [class org.springframework.boot.context.properties.source.ConfigurationPropertySourcesPropertySource
2026-05-21 17:03:05.034 [34mINFO [0;39m [main][N/A] [36mcom.ulisesbocchio.jasyptspringboot.EncryptablePropertySourceConverter[0;39m - Skipping PropertySource servletConfigInitParams [class org.springframework.core.env.PropertySource$StubPropertySource
2026-05-21 17:03:05.034 [34mINFO [0;39m [main][N/A] [36mcom.ulisesbocchio.jasyptspringboot.EncryptablePropertySourceConverter[0;39m - Skipping PropertySource servletContextInitParams [class org.springframework.core.env.PropertySource$StubPropertySource
2026-05-21 17:03:05.035 [34mINFO [0;39m [main][N/A] [36mcom.ulisesbocchio.jasyptspringboot.EncryptablePropertySourceConverter[0;39m - Converting PropertySource systemProperties [org.springframework.core.env.PropertiesPropertySource] to EncryptableMapPropertySourceWrapper
2026-05-21 17:03:05.035 [34mINFO [0;39m [main][N/A] [36mcom.ulisesbocchio.jasyptspringboot.EncryptablePropertySourceConverter[0;39m - Converting PropertySource systemEnvironment [org.springframework.boot.env.SystemEnvironmentPropertySourceEnvironmentPostProcessor$OriginAwareSystemEnvironmentPropertySource] to EncryptableSystemEnvironmentPropertySourceWrapper
2026-05-21 17:03:05.035 [34mINFO [0;39m [main][N/A] [36mcom.ulisesbocchio.jasyptspringboot.EncryptablePropertySourceConverter[0;39m - Converting PropertySource random [org.springframework.boot.env.RandomValuePropertySource] to EncryptablePropertySourceWrapper
2026-05-21 17:03:05.035 [34mINFO [0;39m [main][N/A] [36mcom.ulisesbocchio.jasyptspringboot.EncryptablePropertySourceConverter[0;39m - Converting PropertySource Config resource 'class path resource [application.yml]' via location 'optional:classpath:/' [org.springframework.boot.env.OriginTrackedMapPropertySource] to EncryptableMapPropertySourceWrapper
2026-05-21 17:03:05.270 [34mINFO [0;39m [main][N/A] [36morg.springframework.boot.web.embedded.tomcat.TomcatWebServer[0;39m - Tomcat initialized with port 8080 (http)
2026-05-21 17:03:05.313 [34mINFO [0;39m [main][N/A] [36morg.springframework.boot.web.servlet.context.ServletWebServerApplicationContext[0;39m - Root WebApplicationContext: initialization completed in 993 ms
2026-05-21 17:03:05.388 [34mINFO [0;39m [main][N/A] [36mcom.ulisesbocchio.jasyptspringboot.filter.DefaultLazyPropertyFilter[0;39m - Property Filter custom Bean not found with name 'encryptablePropertyFilter'. Initializing Default Property Filter
2026-05-21 17:03:05.391 [34mINFO [0;39m [main][N/A] [36mcom.ulisesbocchio.jasyptspringboot.resolver.DefaultLazyPropertyResolver[0;39m - Property Resolver custom Bean not found with name 'encryptablePropertyResolver'. Initializing Default Property Resolver
2026-05-21 17:03:05.392 [34mINFO [0;39m [main][N/A] [36mcom.ulisesbocchio.jasyptspringboot.detector.DefaultLazyPropertyDetector[0;39m - Property Detector custom Bean not found with name 'encryptablePropertyDetector'. Initializing Default Property Detector
2026-05-21 17:03:05.449 [34mINFO [0;39m [main][N/A] [36morg.redisson.Version[0;39m - Redisson 3.36.0
2026-05-21 17:03:05.702 [34mINFO [0;39m [redisson-netty-1-4][N/A] [36morg.redisson.connection.ConnectionsHolder[0;39m - 1 connections initialized for 49.232.190.146/49.232.190.146:6379
2026-05-21 17:03:07.864 [34mINFO [0;39m [redisson-netty-1-19][N/A] [36morg.redisson.connection.ConnectionsHolder[0;39m - 24 connections initialized for 49.232.190.146/49.232.190.146:6379
2026-05-21 17:03:07.960 [34mINFO [0;39m [main][N/A] [36mcom.alibaba.druid.spring.boot3.autoconfigure.DruidDataSourceAutoConfigure[0;39m - Init DruidDataSource
2026-05-21 17:03:08.005 [34mINFO [0;39m [main][N/A] [36mcom.alibaba.druid.pool.DruidDataSource[0;39m - {dataSource-1} inited
2026-05-21 17:03:08.674 [34mINFO [0;39m [main][N/A] [36morg.springframework.boot.actuate.endpoint.web.EndpointLinksResolver[0;39m - Exposing 1 endpoint beneath base path '/actuator'
2026-05-21 17:03:08.942 [34mINFO [0;39m [main][N/A] [36morg.springframework.boot.web.embedded.tomcat.TomcatWebServer[0;39m - Tomcat started on port 8080 (http) with context path '/'
2026-05-21 17:03:08.943 [34mINFO [0;39m [main][N/A] [36mcom.ulisesbocchio.jasyptspringboot.caching.RefreshScopeRefreshedEventListener[0;39m - Refreshing cached encryptable property sources on ServletWebServerInitializedEvent
2026-05-21 17:03:08.943 [34mINFO [0;39m [main][N/A] [36mc.u.jasyptspringboot.caching.CachingDelegateEncryptablePropertySource[0;39m - Property Source systemProperties refreshed
2026-05-21 17:03:08.943 [34mINFO [0;39m [main][N/A] [36mc.u.jasyptspringboot.caching.CachingDelegateEncryptablePropertySource[0;39m - Property Source systemEnvironment refreshed
2026-05-21 17:03:08.943 [34mINFO [0;39m [main][N/A] [36mc.u.jasyptspringboot.caching.CachingDelegateEncryptablePropertySource[0;39m - Property Source random refreshed
2026-05-21 17:03:08.943 [34mINFO [0;39m [main][N/A] [36mc.u.jasyptspringboot.caching.CachingDelegateEncryptablePropertySource[0;39m - Property Source Config resource 'class path resource [application.yml]' via location 'optional:classpath:/' refreshed
2026-05-21 17:03:08.943 [34mINFO [0;39m [main][N/A] [36mcom.ulisesbocchio.jasyptspringboot.EncryptablePropertySourceConverter[0;39m - Skipping PropertySource configurationProperties [class org.springframework.boot.context.properties.source.ConfigurationPropertySourcesPropertySource
2026-05-21 17:03:08.943 [34mINFO [0;39m [main][N/A] [36mcom.ulisesbocchio.jasyptspringboot.EncryptablePropertySourceConverter[0;39m - Skipping PropertySource servletConfigInitParams [class org.springframework.core.env.PropertySource$StubPropertySource
2026-05-21 17:03:08.943 [34mINFO [0;39m [main][N/A] [36mcom.ulisesbocchio.jasyptspringboot.EncryptablePropertySourceConverter[0;39m - Converting PropertySource servletContextInitParams [org.springframework.web.context.support.ServletContextPropertySource] to EncryptableEnumerablePropertySourceWrapper
2026-05-21 17:03:08.943 [34mINFO [0;39m [main][N/A] [36mcom.ulisesbocchio.jasyptspringboot.EncryptablePropertySourceConverter[0;39m - Converting PropertySource Management Server [org.springframework.boot.actuate.autoconfigure.web.server.ManagementContextAutoConfiguration$SameManagementContextConfiguration$1] to EncryptablePropertySourceWrapper
2026-05-21 17:03:08.954 [34mINFO [0;39m [main][N/A] [36mcom.ai.system.AiTokenSystemApplication[0;39m - Started AiTokenSystemApplication in 4.929 seconds (process running for 5.255)
2026-05-21 17:03:09.407 [34mINFO [0;39m [RMI TCP Connection(1)-192.168.10.101][N/A] [36morg.springframework.web.servlet.DispatcherServlet[0;39m - Initializing Servlet 'dispatcherServlet'
2026-05-21 17:03:09.408 [34mINFO [0;39m [RMI TCP Connection(1)-192.168.10.101][N/A] [36morg.springframework.web.servlet.DispatcherServlet[0;39m - Completed initialization in 1 ms
2026-05-21 17:11:31.362 [1;31mERROR[0;39m [http-nio-8080-exec-3][8ce5aea75cbf4f15bffc82c9de2e85ef] [36mcom.ai.system.exception.GlobalExceptionHandler[0;39m - [GET] /api/admin/apikey/page — 
### Error querying database.  Cause: java.sql.SQLSyntaxErrorException: You have an error in your SQL syntax; check the manual that corresponds to your MySQL server version for the right syntax to use near ')' at line 1
### The error may exist in com/ai/system/mapper/UserMapper.java (best guess)
### The error may involve defaultParameterMap
### The error occurred while setting parameters
### SQL: SELECT id,username,business_name,password,phone,email,role,status,create_time,update_time FROM ai_token_user WHERE id IN ( )
### Cause: java.sql.SQLSyntaxErrorException: You have an error in your SQL syntax; check the manual that corresponds to your MySQL server version for the right syntax to use near ')' at line 1
; bad SQL grammar []
org.springframework.jdbc.BadSqlGrammarException: 
### Error querying database.  Cause: java.sql.SQLSyntaxErrorException: You have an error in your SQL syntax; check the manual that corresponds to your MySQL server version for the right syntax to use near ')' at line 1
### The error may exist in com/ai/system/mapper/UserMapper.java (best guess)
### The error may involve defaultParameterMap
### The error occurred while setting parameters
### SQL: SELECT id,username,business_name,password,phone,email,role,status,create_time,update_time FROM ai_token_user WHERE id IN ( )
### Cause: java.sql.SQLSyntaxErrorException: You have an error in your SQL syntax; check the manual that corresponds to your MySQL server version for the right syntax to use near ')' at line 1
; bad SQL grammar []
	at org.springframework.jdbc.support.SQLErrorCodeSQLExceptionTranslator.doTranslate(SQLErrorCodeSQLExceptionTranslator.java:246)
	at org.springframework.jdbc.support.AbstractFallbackSQLExceptionTranslator.translate(AbstractFallbackSQLExceptionTranslator.java:107)
	at org.mybatis.spring.MyBatisExceptionTranslator.translateExceptionIfPossible(MyBatisExceptionTranslator.java:93)
	at org.mybatis.spring.SqlSessionTemplate$SqlSessionInterceptor.invoke(SqlSessionTemplate.java:347)
	at jdk.proxy2/jdk.proxy2.$Proxy106.selectList(Unknown Source)
	at org.mybatis.spring.SqlSessionTemplate.selectList(SqlSessionTemplate.java:194)
	at com.baomidou.mybatisplus.core.override.MybatisMapperMethod.executeForMany(MybatisMapperMethod.java:164)
	at com.baomidou.mybatisplus.core.override.MybatisMapperMethod.execute(MybatisMapperMethod.java:77)
	at com.baomidou.mybatisplus.core.override.MybatisMapperProxy$PlainMethodInvoker.invoke(MybatisMapperProxy.java:152)
	at com.baomidou.mybatisplus.core.override.MybatisMapperProxy.invoke(MybatisMapperProxy.java:89)
Caused by: java.sql.SQLSyntaxErrorException: You have an error in your SQL syntax; check the manual that corresponds to your MySQL server version for the right syntax to use near ')' at line 1
	at com.mysql.cj.jdbc.exceptions.SQLError.createSQLException(SQLError.java:121)
	at com.mysql.cj.jdbc.exceptions.SQLExceptionsMapping.translateException(SQLExceptionsMapping.java:122)
	at com.mysql.cj.jdbc.ClientPreparedStatement.executeInternal(ClientPreparedStatement.java:916)
	at com.mysql.cj.jdbc.ClientPreparedStatement.execute(ClientPreparedStatement.java:354)
	at com.alibaba.druid.pool.DruidPooledPreparedStatement.execute(DruidPooledPreparedStatement.java:483)
	at jdk.internal.reflect.GeneratedMethodAccessor58.invoke(Unknown Source)
	at java.base/jdk.internal.reflect.DelegatingMethodAccessorImpl.invoke(DelegatingMethodAccessorImpl.java:43)
	at java.base/java.lang.reflect.Method.invoke(Method.java:568)
	at org.apache.ibatis.logging.jdbc.PreparedStatementLogger.invoke(PreparedStatementLogger.java:58)
	at jdk.proxy3/jdk.proxy3.$Proxy155.execute(Unknown Source)
2026-05-21 17:40:14.372 [34mINFO [0;39m [SpringApplicationShutdownHook][N/A] [36mcom.alibaba.druid.pool.DruidDataSource[0;39m - {dataSource-1} closing ...
2026-05-21 17:40:14.373 [34mINFO [0;39m [SpringApplicationShutdownHook][N/A] [36mcom.alibaba.druid.pool.DruidDataSource[0;39m - {dataSource-1} closed
2026-05-21 17:40:17.904 [34mINFO [0;39m [background-preinit][N/A] [36morg.hibernate.validator.internal.util.Version[0;39m - HV000001: Hibernate Validator 8.0.1.Final
2026-05-21 17:40:17.923 [34mINFO [0;39m [main][N/A] [36mcom.ai.system.AiTokenSystemApplication[0;39m - Starting AiTokenSystemApplication using Java 17.0.14 with PID 5380 (D:\java_projects\ai-token-system\target\classes started by Administrator in D:\java_projects\ai-token-system)
2026-05-21 17:40:17.923 [34mINFO [0;39m [main][N/A] [36mcom.ai.system.AiTokenSystemApplication[0;39m - No active profile set, falling back to 1 default profile: "default"
2026-05-21 17:40:18.811 [34mINFO [0;39m [main][N/A] [36morg.springframework.data.repository.config.RepositoryConfigurationDelegate[0;39m - Multiple Spring Data modules found, entering strict repository configuration mode
2026-05-21 17:40:18.815 [34mINFO [0;39m [main][N/A] [36morg.springframework.data.repository.config.RepositoryConfigurationDelegate[0;39m - Bootstrapping Spring Data Redis repositories in DEFAULT mode.
2026-05-21 17:40:18.840 [34mINFO [0;39m [main][N/A] [36morg.springframework.data.repository.config.RepositoryConfigurationDelegate[0;39m - Finished Spring Data repository scanning in 14 ms. Found 0 Redis repository interfaces.
2026-05-21 17:40:18.983 [34mINFO [0;39m [main][N/A] [36mc.u.j.configuration.EnableEncryptablePropertiesBeanFactoryPostProcessor[0;39m - Post-processing PropertySource instances
2026-05-21 17:40:18.984 [34mINFO [0;39m [main][N/A] [36mcom.ulisesbocchio.jasyptspringboot.EncryptablePropertySourceConverter[0;39m - Skipping PropertySource configurationProperties [class org.springframework.boot.context.properties.source.ConfigurationPropertySourcesPropertySource
2026-05-21 17:40:18.984 [34mINFO [0;39m [main][N/A] [36mcom.ulisesbocchio.jasyptspringboot.EncryptablePropertySourceConverter[0;39m - Skipping PropertySource servletConfigInitParams [class org.springframework.core.env.PropertySource$StubPropertySource
2026-05-21 17:40:18.984 [34mINFO [0;39m [main][N/A] [36mcom.ulisesbocchio.jasyptspringboot.EncryptablePropertySourceConverter[0;39m - Skipping PropertySource servletContextInitParams [class org.springframework.core.env.PropertySource$StubPropertySource
2026-05-21 17:40:18.985 [34mINFO [0;39m [main][N/A] [36mcom.ulisesbocchio.jasyptspringboot.EncryptablePropertySourceConverter[0;39m - Converting PropertySource systemProperties [org.springframework.core.env.PropertiesPropertySource] to EncryptableMapPropertySourceWrapper
2026-05-21 17:40:18.985 [34mINFO [0;39m [main][N/A] [36mcom.ulisesbocchio.jasyptspringboot.EncryptablePropertySourceConverter[0;39m - Converting PropertySource systemEnvironment [org.springframework.boot.env.SystemEnvironmentPropertySourceEnvironmentPostProcessor$OriginAwareSystemEnvironmentPropertySource] to EncryptableSystemEnvironmentPropertySourceWrapper
2026-05-21 17:40:18.985 [34mINFO [0;39m [main][N/A] [36mcom.ulisesbocchio.jasyptspringboot.EncryptablePropertySourceConverter[0;39m - Converting PropertySource random [org.springframework.boot.env.RandomValuePropertySource] to EncryptablePropertySourceWrapper
2026-05-21 17:40:18.985 [34mINFO [0;39m [main][N/A] [36mcom.ulisesbocchio.jasyptspringboot.EncryptablePropertySourceConverter[0;39m - Converting PropertySource Config resource 'class path resource [application.yml]' via location 'optional:classpath:/' [org.springframework.boot.env.OriginTrackedMapPropertySource] to EncryptableMapPropertySourceWrapper
2026-05-21 17:40:19.233 [34mINFO [0;39m [main][N/A] [36morg.springframework.boot.web.embedded.tomcat.TomcatWebServer[0;39m - Tomcat initialized with port 8080 (http)
2026-05-21 17:40:19.277 [34mINFO [0;39m [main][N/A] [36morg.springframework.boot.web.servlet.context.ServletWebServerApplicationContext[0;39m - Root WebApplicationContext: initialization completed in 1333 ms
2026-05-21 17:40:19.355 [34mINFO [0;39m [main][N/A] [36mcom.ulisesbocchio.jasyptspringboot.filter.DefaultLazyPropertyFilter[0;39m - Property Filter custom Bean not found with name 'encryptablePropertyFilter'. Initializing Default Property Filter
2026-05-21 17:40:19.359 [34mINFO [0;39m [main][N/A] [36mcom.ulisesbocchio.jasyptspringboot.resolver.DefaultLazyPropertyResolver[0;39m - Property Resolver custom Bean not found with name 'encryptablePropertyResolver'. Initializing Default Property Resolver
2026-05-21 17:40:19.361 [34mINFO [0;39m [main][N/A] [36mcom.ulisesbocchio.jasyptspringboot.detector.DefaultLazyPropertyDetector[0;39m - Property Detector custom Bean not found with name 'encryptablePropertyDetector'. Initializing Default Property Detector
2026-05-21 17:40:19.418 [34mINFO [0;39m [main][N/A] [36morg.redisson.Version[0;39m - Redisson 3.36.0
2026-05-21 17:40:19.673 [34mINFO [0;39m [redisson-netty-1-4][N/A] [36morg.redisson.connection.ConnectionsHolder[0;39m - 1 connections initialized for 49.232.190.146/49.232.190.146:6379
2026-05-21 17:40:21.817 [34mINFO [0;39m [redisson-netty-1-19][N/A] [36morg.redisson.connection.ConnectionsHolder[0;39m - 24 connections initialized for 49.232.190.146/49.232.190.146:6379
2026-05-21 17:40:21.908 [34mINFO [0;39m [main][N/A] [36mcom.alibaba.druid.spring.boot3.autoconfigure.DruidDataSourceAutoConfigure[0;39m - Init DruidDataSource
2026-05-21 17:40:21.952 [34mINFO [0;39m [main][N/A] [36mcom.alibaba.druid.pool.DruidDataSource[0;39m - {dataSource-1} inited
2026-05-21 17:40:22.698 [34mINFO [0;39m [main][N/A] [36morg.springframework.boot.actuate.endpoint.web.EndpointLinksResolver[0;39m - Exposing 1 endpoint beneath base path '/actuator'
2026-05-21 17:40:22.955 [34mINFO [0;39m [main][N/A] [36morg.springframework.boot.web.embedded.tomcat.TomcatWebServer[0;39m - Tomcat started on port 8080 (http) with context path '/'
2026-05-21 17:40:22.956 [34mINFO [0;39m [main][N/A] [36mcom.ulisesbocchio.jasyptspringboot.caching.RefreshScopeRefreshedEventListener[0;39m - Refreshing cached encryptable property sources on ServletWebServerInitializedEvent
2026-05-21 17:40:22.956 [34mINFO [0;39m [main][N/A] [36mc.u.jasyptspringboot.caching.CachingDelegateEncryptablePropertySource[0;39m - Property Source systemProperties refreshed
2026-05-21 17:40:22.956 [34mINFO [0;39m [main][N/A] [36mc.u.jasyptspringboot.caching.CachingDelegateEncryptablePropertySource[0;39m - Property Source systemEnvironment refreshed
2026-05-21 17:40:22.956 [34mINFO [0;39m [main][N/A] [36mc.u.jasyptspringboot.caching.CachingDelegateEncryptablePropertySource[0;39m - Property Source random refreshed
2026-05-21 17:40:22.956 [34mINFO [0;39m [main][N/A] [36mc.u.jasyptspringboot.caching.CachingDelegateEncryptablePropertySource[0;39m - Property Source Config resource 'class path resource [application.yml]' via location 'optional:classpath:/' refreshed
2026-05-21 17:40:22.956 [34mINFO [0;39m [main][N/A] [36mcom.ulisesbocchio.jasyptspringboot.EncryptablePropertySourceConverter[0;39m - Skipping PropertySource configurationProperties [class org.springframework.boot.context.properties.source.ConfigurationPropertySourcesPropertySource
2026-05-21 17:40:22.956 [34mINFO [0;39m [main][N/A] [36mcom.ulisesbocchio.jasyptspringboot.EncryptablePropertySourceConverter[0;39m - Skipping PropertySource servletConfigInitParams [class org.springframework.core.env.PropertySource$StubPropertySource
2026-05-21 17:40:22.956 [34mINFO [0;39m [main][N/A] [36mcom.ulisesbocchio.jasyptspringboot.EncryptablePropertySourceConverter[0;39m - Converting PropertySource servletContextInitParams [org.springframework.web.context.support.ServletContextPropertySource] to EncryptableEnumerablePropertySourceWrapper
2026-05-21 17:40:22.956 [34mINFO [0;39m [main][N/A] [36mcom.ulisesbocchio.jasyptspringboot.EncryptablePropertySourceConverter[0;39m - Converting PropertySource Management Server [org.springframework.boot.actuate.autoconfigure.web.server.ManagementContextAutoConfiguration$SameManagementContextConfiguration$1] to EncryptablePropertySourceWrapper
2026-05-21 17:40:22.969 [34mINFO [0;39m [main][N/A] [36mcom.ai.system.AiTokenSystemApplication[0;39m - Started AiTokenSystemApplication in 5.335 seconds (process running for 5.702)
2026-05-21 17:40:23.085 [34mINFO [0;39m [RMI TCP Connection(6)-192.168.10.101][N/A] [36morg.springframework.web.servlet.DispatcherServlet[0;39m - Initializing Servlet 'dispatcherServlet'
2026-05-21 17:40:23.086 [34mINFO [0;39m [RMI TCP Connection(6)-192.168.10.101][N/A] [36morg.springframework.web.servlet.DispatcherServlet[0;39m - Completed initialization in 0 ms
2026-05-21 17:40:44.847 [31mWARN [0;39m [RMI TCP Connection(4)-192.168.10.101][N/A] [36morg.springframework.boot.actuate.mail.MailHealthIndicator[0;39m - Mail health check failed
org.eclipse.angus.mail.util.MailConnectException: Couldn't connect to host, port: smtp.gmail.com, 587; timeout -1
	at org.eclipse.angus.mail.smtp.SMTPTransport.openServer(SMTPTransport.java:2243)
	at org.eclipse.angus.mail.smtp.SMTPTransport.protocolConnect(SMTPTransport.java:729)
	at jakarta.mail.Service.connect(Service.java:345)
	at org.springframework.mail.javamail.JavaMailSenderImpl.connectTransport(JavaMailSenderImpl.java:480)
	at org.springframework.mail.javamail.JavaMailSenderImpl.testConnection(JavaMailSenderImpl.java:360)
	at org.springframework.boot.actuate.mail.MailHealthIndicator.doHealthCheck(MailHealthIndicator.java:52)
	at org.springframework.boot.actuate.health.AbstractHealthIndicator.health(AbstractHealthIndicator.java:82)
	at org.springframework.boot.actuate.health.HealthIndicator.getHealth(HealthIndicator.java:37)
	at org.springframework.boot.actuate.health.HealthEndpoint.getHealth(HealthEndpoint.java:82)
	at org.springframework.boot.actuate.health.HealthEndpoint.getHealth(HealthEndpoint.java:41)
Caused by: java.net.ConnectException: Connection timed out: connect
	at java.base/sun.nio.ch.Net.connect0(Native Method)
	at java.base/sun.nio.ch.Net.connect(Net.java:579)
	at java.base/sun.nio.ch.Net.connect(Net.java:568)
	at java.base/sun.nio.ch.NioSocketImpl.connect(NioSocketImpl.java:593)
	at java.base/java.net.SocksSocketImpl.connect(SocksSocketImpl.java:327)
	at java.base/java.net.Socket.connect(Socket.java:633)
	at java.base/java.net.Socket.connect(Socket.java:583)
	at org.eclipse.angus.mail.util.SocketFetcher.createSocket(SocketFetcher.java:368)
	at org.eclipse.angus.mail.util.SocketFetcher.getSocket(SocketFetcher.java:243)
	at org.eclipse.angus.mail.smtp.SMTPTransport.openServer(SMTPTransport.java:2193)
2026-05-21 17:40:44.850 [31mWARN [0;39m [RMI TCP Connection(4)-192.168.10.101][N/A] [36morg.springframework.boot.actuate.health.HealthEndpointSupport[0;39m - Health contributor org.springframework.boot.actuate.mail.MailHealthIndicator (mail) took 21115ms to respond
2026-05-21 20:33:25.912 [34mINFO [0;39m [SpringApplicationShutdownHook][N/A] [36mcom.alibaba.druid.pool.DruidDataSource[0;39m - {dataSource-1} closing ...
2026-05-21 20:33:25.914 [34mINFO [0;39m [SpringApplicationShutdownHook][N/A] [36mcom.alibaba.druid.pool.DruidDataSource[0;39m - {dataSource-1} closed
